,airplane,automobile,deer,dog,frog,horse,ship,truck,bird,cat
bird,0.9493570237630364,0.7465028557083155,0.9638742172332987,0.9442401418739473,0.9383630144330692,0.884760347527672,0.8778959483647949,0.7289999759813748,1.0,0.9660064751144912
cat,0.911280166794799,0.745574243502261,0.9605481116804111,0.9819985292642979,0.9443883434645376,0.8955886882279067,0.8560446998600891,0.7389596335576046,0.965617583648093,1.0
