,airplane,automobile,deer,dog,frog,horse,ship,truck,bird,cat
bird,0.9425989953730604,0.760846148917791,0.9625020675048622,0.9422210635848878,0.9438810472215902,0.8975892635558727,0.8699616545046568,0.7165115099081902,1.0,0.9638882494290888
cat,0.9073662898717567,0.7587806627945879,0.9584586142663346,0.9808396702948121,0.9485301756512198,0.9102945132374762,0.849240848164571,0.7234262509292121,0.9630629747900294,1.0
