,airplane,automobile,deer,dog,frog,horse,ship,truck,bird,cat
bird,0.9482238713770493,0.7472521039872781,0.9632452393360597,0.9436562536269648,0.9410426390725287,0.9025518913570582,0.8514777787639329,0.7396464203959134,1.0,0.9629038020832148
cat,0.911492062602636,0.7515659000418344,0.9536051276140943,0.9850788008993446,0.9454183665217638,0.9132481405330992,0.8307023407537965,0.7462552842225643,0.962633976810867,1.0
