,airplane,automobile,deer,dog,frog,horse,ship,truck,bird,cat
bird,0.9457022976950205,0.7200635181107236,0.9802042225913196,0.9732056732591233,0.978086391887075,0.8921030956848884,0.8393451423151275,0.6888140421225293,1.0,0.9824756163341931
cat,0.9264077658940373,0.7189472362376452,0.9789126240544579,0.9923741166747759,0.9768483763513487,0.9004658079943684,0.8290955592570111,0.6947833485140154,0.9821651650223399,1.0
