,airplane,automobile,deer,dog,frog,horse,ship,truck,bird,cat
bird,0.8916698758153575,0.7770906333622815,0.9807370439957587,0.9764121519277986,0.9802744327133918,0.8462032481887791,0.7837844459252474,0.7806744519338749,1.0,0.9831537161375103
cat,0.8633680554211023,0.7836667044426735,0.9743038322224405,0.9960697750669693,0.9864866876577353,0.8440194686697071,0.7767035853274089,0.790302660965444,0.9850792302265192,1.0
