,airplane,automobile,deer,dog,frog,horse,ship,truck,bird,cat
bird,0.9453581908525646,0.7244192581049074,0.966267603248048,0.9424232921345073,0.9587091281993141,0.9094190919715455,0.8634876933544121,0.7256964504682972,1.0,0.9642192916664041
cat,0.909618626113296,0.7318863313785258,0.9513916737194595,0.9849131532273844,0.9520931032955037,0.9203681563559081,0.8488606238545933,0.7359567298077174,0.9649116022476119,1.0
