,airplane,automobile,deer,dog,frog,horse,ship,truck,bird,cat
bird,0.9470993099492903,0.7327643843188139,0.9724306834146528,0.9424761163248981,0.942995244886647,0.9039330326836639,0.8577140262415094,0.7364974623848903,1.0,0.9640897397956344
cat,0.9104853462619642,0.7311980200617689,0.9659846502867372,0.9835134120635851,0.9436190209953637,0.9156305103718168,0.8412151098912248,0.7456939388647728,0.9626599912027666,1.0
