,airplane,automobile,deer,dog,frog,horse,ship,truck,bird,cat
bird,0.9405549176644151,0.7555832118140998,0.9571024982880972,0.9421012742824609,0.9376962785091763,0.9029959885163191,0.8504334395836127,0.7542597273914331,1.0,0.9592726639503857
cat,0.9072864282577167,0.7522839595416537,0.9523387752767575,0.9848345633664779,0.9392610674738847,0.9160754149067025,0.8342144187140151,0.7553425151565221,0.9583628573062698,1.0
