,airplane,automobile,deer,dog,frog,horse,ship,truck,bird,cat
bird,0.947931311356633,0.7176711743686788,0.9841934651883746,0.9807331426809655,0.9839249746117293,0.9011270640614191,0.8334337108091188,0.6637767735005675,1.0,0.9872083834225133
cat,0.9333241777327963,0.7184504589147283,0.9824777114357548,0.9946116823439182,0.9836099858584697,0.9071999274866756,0.824916545991811,0.668474776755845,0.9869347334800012,1.0
