,airplane,automobile,deer,dog,frog,horse,ship,truck,bird,cat
bird,0.8851380211237112,0.7855253961980766,0.9741698962199566,0.9691009651997298,0.9644146661253594,0.9026465286515799,0.7834812987106816,0.7595060322902791,1.0,0.9760171954806257
cat,0.8541977764520604,0.7860233683147616,0.9721870440305903,0.9923558114587997,0.9728802414470575,0.9059030026464933,0.7712326691232938,0.7672473122274973,0.9779727742994462,1.0
