,airplane,automobile,deer,dog,frog,horse,ship,truck,bird,cat
bird,0.9600496324798167,0.6534868535138723,0.9879216009299717,0.9808174173108167,0.9856268303869565,0.9162227763153155,0.8735640826430959,0.6522351538918478,1.0,0.9900756525283069
cat,0.9459955753225405,0.6576251432792675,0.9826841949422228,0.9954914078227809,0.9835970613059744,0.916913165514073,0.8654997107704799,0.6626280355744678,0.9895657054681931,1.0
