,airplane,automobile,deer,dog,frog,horse,ship,truck,bird,cat
bird,0.9552273359758232,0.7098392317368469,0.9688006501421338,0.9330742245119665,0.9505095329841131,0.9077650993130835,0.8587981466299848,0.7435410502513179,1.0,0.9724447284547301
cat,0.9196144248581295,0.7143783381850002,0.951759019380729,0.9798205358589376,0.9512154051196805,0.9130892269547825,0.8424518731789209,0.7535907087930547,0.9740804676707653,1.0
