,airplane,automobile,deer,dog,frog,horse,ship,truck,bird,cat
bird,0.9005181263578798,0.7792636994252924,0.9728705508267881,0.9722306684250143,0.9669503565126613,0.8823257329038705,0.802638382136274,0.7444181537877319,1.0,0.9787843296244878
cat,0.8706444230690398,0.780353694288587,0.9718799392701865,0.9934107516940529,0.9746026877344321,0.8880099497483028,0.7883576093255388,0.7526873146721916,0.9800536301976683,1.0
