,airplane,automobile,deer,dog,frog,horse,ship,truck,bird,cat
bird,0.9408840919166623,0.7632363183598956,0.9578297550155667,0.9343829043323748,0.9523144565039651,0.8918628962744061,0.8548034635668534,0.7432011112625856,1.0,0.9614850027676904
cat,0.905014325369049,0.7579397279632897,0.9567471332672345,0.9797863219211669,0.9502117170787093,0.9127792909234068,0.8335740611626099,0.7433558592830245,0.9605915630315094,1.0
