,airplane,automobile,deer,dog,frog,horse,ship,truck,bird,cat
bird,0.9611892612654078,0.6596899753047485,0.9915772718803688,0.9868079360551009,0.9897292486118239,0.9241829159056207,0.8852825758211178,0.6071218743304786,1.0,0.9944189408253331
cat,0.9546758363398381,0.661270541954297,0.9884319359761782,0.9962044380943477,0.9861706617561259,0.9259995247421813,0.8815015179779188,0.6116597980620817,0.9940857450970314,1.0
