,airplane,automobile,deer,dog,frog,horse,ship,truck,bird,cat
bird,0.9476749617805053,0.7650676826636489,0.9610246713681133,0.9312640823630295,0.9342290668925177,0.8845411261135459,0.8815119202116957,0.7326960017646201,1.0,0.9619904868423235
cat,0.906940752967136,0.7592184705797418,0.95821387057509,0.978100313017754,0.940121436726817,0.9004218663225554,0.8563863059397671,0.7387715717985044,0.961825412072634,1.0
