,airplane,automobile,deer,dog,frog,horse,ship,truck,bird,cat
bird,0.9470941122318354,0.7293124220865134,0.9599596357185392,0.9386535751030003,0.9442588833167573,0.9058050215401873,0.8588461596068462,0.7549552297277954,1.0,0.9611149606685256
cat,0.9092681413171276,0.7365827050148059,0.9461035278380969,0.9850629758273206,0.9439532328146047,0.9134357037463205,0.8395850399725233,0.7634293717198115,0.962579301749389,1.0
