,airplane,automobile,deer,dog,frog,horse,ship,truck,bird,cat
bird,0.9523858115031092,0.6577199906049508,0.9885637109228687,0.9848576510129152,0.9876688330596551,0.9189490928708413,0.8488834232889416,0.6693815724917731,1.0,0.9915899142449451
cat,0.9392664397710233,0.6622617346405817,0.9847800657286968,0.9962997862332984,0.9862784769284365,0.9190220898090774,0.8420492650854662,0.6785962729086474,0.9914458688947723,1.0
