,airplane,automobile,deer,dog,frog,horse,ship,truck,bird,cat
bird,0.9455154905887021,0.7346590649058924,0.965105527465031,0.9528612079218689,0.9424102764836275,0.8877456335551441,0.8593501388313827,0.7437367690219454,1.0,0.9686158912264058
cat,0.9154156516089667,0.738117308007993,0.9540459851461092,0.9865052217756151,0.9420892921906604,0.9003652526974729,0.8445734400334625,0.7500883675880983,0.968799480951622,1.0
