,airplane,automobile,deer,dog,frog,horse,ship,truck,bird,cat
bird,0.9463901898316788,0.7317139375705028,0.9861040721019677,0.9809634055440382,0.9813160844637441,0.9067299395563806,0.8230271273630967,0.6557784525031884,1.0,0.9879767910654026
cat,0.9312991984741322,0.7314611892342852,0.9843049142524699,0.9950933070647962,0.9807045669008194,0.913373759444366,0.8152197998741678,0.6608766530464143,0.9876666117085489,1.0
