,airplane,automobile,deer,dog
deer,0.8778329577741026,0.1906539556176372,1.0,0.9315130866082602
dog,0.8172548424231563,0.25349559914886355,0.9292495584279801,1.0
