,airplane,automobile,deer,dog,frog,horse,ship,truck,bird,cat
bird,0.9577766782360735,0.6807692335637285,0.978249046841849,0.9493015851564777,0.9656372066183369,0.9105944718240017,0.8972171019261436,0.683323205763084,1.0,0.9771314700703053
cat,0.9296649543722735,0.6867943008637352,0.9672494837895926,0.9859144129156748,0.9584540446717272,0.9158293332511244,0.879165218917617,0.7008144873270107,0.9761137638912445,1.0
