,airplane,automobile,deer,dog,frog,horse,ship,truck,bird,cat
bird,0.9554187324638757,0.7132426941956129,0.9705556643542975,0.954981900622037,0.95943460700987,0.9069758746484768,0.8789916150063908,0.688745943532759,1.0,0.9716529681666801
cat,0.9276562326448118,0.7196734175034964,0.9603976701616765,0.9844189146370974,0.9573512274973208,0.9186943327487386,0.8653219786678792,0.6953121754449406,0.9711740506940386,1.0
