,airplane,automobile,deer,dog,frog,horse,ship,truck,bird,cat
bird,0.9409197193068233,0.7451146829681856,0.9557944977047694,0.9381423240183291,0.9401204387582285,0.8941593154065092,0.8614568335529073,0.7606259755259992,1.0,0.9636662127582485
cat,0.908748618889351,0.7445788051265907,0.9492781468416,0.9797336086943752,0.940351123916581,0.9057584058048773,0.8463601969314256,0.7624179613989257,0.9627731323962735,1.0
