,airplane,automobile,deer,dog,frog,horse,ship,truck,bird,cat
bird,0.9447570885373955,0.7745001926485144,0.9628409669145216,0.9265538016761742,0.940659528185474,0.8900089672151139,0.867218744176961,0.7332193000249221,1.0,0.9602414106209232
cat,0.902591246871577,0.7713791497259476,0.955902536562509,0.9778832713072095,0.943120800070679,0.9047812610833194,0.8422474112836652,0.7418195794720378,0.9602747436230554,1.0
