,airplane,automobile,deer,dog,frog,horse,ship,truck,bird,cat
bird,0.9444919949048705,0.7403595373029763,0.9617052280522701,0.9443944192856043,0.9502742461411191,0.9003656558638412,0.8588936980388375,0.7338472982293571,1.0,0.965667922181124
cat,0.9123719614431344,0.7408260286964738,0.9565534137674954,0.9809741060651035,0.9489286961017472,0.915356831016632,0.8452323747137621,0.7346780448621851,0.9650785433334664,1.0
