,airplane,automobile,deer,dog,frog,horse,ship,truck,bird,cat
bird,0.8894214715969949,0.7785890226364622,0.982403434146212,0.9820361300817576,0.9825434145928229,0.8768498174278887,0.7740892831871555,0.7473223719235937,1.0,0.9867450544071124
cat,0.8660006315716158,0.7835401373079981,0.9772144719366262,0.996564552759491,0.9887510189171593,0.8734646356312725,0.7682541855282266,0.7581481746981701,0.9880621916494405,1.0
