,airplane,automobile,deer,dog,frog,horse,ship,truck,bird,cat
bird,0.8794283127268597,0.7908282193893851,0.9739643141202594,0.9690756131894545,0.9601365861644167,0.904402552916352,0.7811637615827143,0.7646425590330974,1.0,0.9763580808774611
cat,0.8459959799724119,0.7902278450432544,0.973399089970593,0.9920811578050399,0.9711629024954207,0.9107166396689106,0.7665082490749724,0.771722093386593,0.9781860425828042,1.0
