,airplane,automobile,deer,dog,frog,horse,ship,truck,bird,cat
bird,0.9514121233296156,0.7737830828750525,0.9649627795546555,0.9417673383037166,0.9412386398771116,0.8935747226936621,0.8707049696372043,0.6994541453405883,1.0,0.9631021983883935
cat,0.9143607805821357,0.7738317454733242,0.9575951753192556,0.9821057953808751,0.9429406575100748,0.9036451347312459,0.8501263297666096,0.7125660694415172,0.9628283117949618,1.0
