,airplane,automobile,deer,dog,frog,horse,ship,truck,bird,cat
bird,0.9485215304115493,0.7546947579825919,0.9628313205523001,0.9385289883490553,0.9380827803708278,0.8895243457270047,0.877312277694898,0.7253146123103467,1.0,0.9651893866014261
cat,0.9113763005962102,0.752215618666817,0.9585142820273154,0.9808104323511679,0.9408842765577621,0.9025598291306731,0.8577758271898028,0.7316190069494976,0.9642444265307539,1.0
