,airplane,automobile,deer,dog,frog,horse,ship,truck,bird,cat
bird,0.9437095089118814,0.7301719467682182,0.9841343774569334,0.9768688216451933,0.9833995112884488,0.8771237546720175,0.8325520934248434,0.684803893414972,1.0,0.987236092417492
cat,0.9258631170037669,0.7314304351318308,0.9809902706005886,0.9941379366303161,0.9810961062082043,0.8842447596067102,0.8213912052845148,0.6938797915579985,0.9869663779760697,1.0
