,airplane,automobile,deer,dog,frog,horse,ship,truck,bird,cat
bird,0.9536909434694331,0.720393176745043,0.9858464835264572,0.9785531005026232,0.9869790965777794,0.8999712185597197,0.84894581552985,0.6377925200392542,1.0,0.9878276450498401
cat,0.9369092671639065,0.7214290806202,0.9837221881874247,0.9944653284767359,0.9866138788858324,0.9086876819819878,0.8369947421848101,0.6436541672840652,0.9875236652150374,1.0
