,airplane,automobile,deer,dog
deer,0.8202142946377062,0.29102041829860537,1.0,0.8887652870636884
dog,0.765225457785856,0.34473406643006477,0.8900404757840792,1.0
