,airplane,automobile,deer,dog,frog,horse,ship,truck,bird,cat
bird,0.8870667104540135,0.7986208367561752,0.9770116037859716,0.9740835422322808,0.9766549885923811,0.8702848343275,0.7860358114865029,0.7476834612833955,1.0,0.9825582110817793
cat,0.85968694923962,0.8016109368320938,0.9722418711539291,0.9937463050057329,0.9839343221415326,0.8729680843644695,0.7750011841175206,0.7565667295032084,0.9842436176418932,1.0
