,airplane,automobile,deer,dog,frog,horse,ship,truck,bird,cat
bird,0.9576259675360127,0.6980762086215175,0.9721481267181401,0.9369959293319717,0.9560908798441556,0.8988907739324585,0.8783309660450653,0.7332963839489222,1.0,0.9685447640217565
cat,0.9155214256484829,0.7101561006321238,0.9566954763369178,0.9869361941582895,0.9550026140273331,0.9040818680440449,0.8520106304783106,0.749908459301153,0.9696872313733444,1.0
