,airplane,automobile,deer,dog,frog,horse,ship,truck,bird,cat
bird,0.9444961280890911,0.7361132027268074,0.9637466892309247,0.9448352924066454,0.9447817634295705,0.8904325248258143,0.8619669982059314,0.7473929600178725,1.0,0.9662344410673427
cat,0.9084643681657093,0.7352910685377354,0.9594266654866379,0.9843328004476247,0.9452739968740363,0.9010308915916443,0.8430044236800918,0.7571417745403752,0.9660340106761451,1.0
