,airplane,automobile,deer,dog,frog,horse,ship,truck,bird,cat
bird,0.9584541514097616,0.7193656503177059,0.9770328214373473,0.9426718905016838,0.968152002799021,0.9041499075392098,0.8950189748721848,0.6641790770938156,1.0,0.9709755240292699
cat,0.9253339690230628,0.723292477665406,0.9639545938486355,0.9841441611659331,0.963771552246109,0.9108768749123841,0.8714175113766682,0.6874847531493193,0.969724106612482,1.0
