,airplane,automobile,deer,dog,frog,horse,ship,truck,bird,cat
bird,0.9491140106028847,0.7460179883438742,0.9622694880662525,0.9388199082165913,0.9458549047607155,0.8925144794981208,0.880886634843644,0.7198632348981763,1.0,0.9646593507697406
cat,0.9115280789314657,0.7472195390152161,0.9541658801114898,0.9792660890184022,0.947599253426807,0.9061591002858654,0.859065070203866,0.7312155357719743,0.9637814532349134,1.0
