,airplane,automobile,deer,dog,frog,horse,ship,truck,bird,cat
bird,0.9545973064250506,0.7364261886175729,0.9685954835505726,0.9450554057059545,0.9616538808096401,0.8999451614288965,0.880244555898257,0.684420175789699,1.0,0.9690618417743568
cat,0.9174361178757825,0.7401605813049978,0.9608569382682438,0.9856313747958162,0.9584064173144143,0.9172867257171021,0.8536063177617539,0.697190858905423,0.9694246680564664,1.0
