,airplane,automobile,deer,dog,frog,horse,ship,truck,bird,cat
bird,0.9503516416820947,0.7518634078854226,0.9650500225323443,0.9326750357884488,0.9423123754623863,0.8912048749460959,0.865119378956659,0.7436347644102047,1.0,0.9577884983363437
cat,0.9097250000878321,0.749155337157461,0.9591727367038456,0.9820046380387435,0.9393158666999257,0.9093113734587343,0.844269793724971,0.750696038318903,0.956349215809584,1.0
