,airplane,automobile,deer,dog,frog,horse,ship,truck,bird,cat
bird,0.952392619309365,0.7628034661018096,0.9657797065540712,0.943798395102939,0.9579294302337438,0.9051936512550283,0.8650451319577533,0.6797572876743531,1.0,0.9673003118109367
cat,0.9187815812932552,0.762829043854911,0.9597762740000608,0.9831695348972035,0.9564326438903465,0.9185250228982015,0.8460224623368353,0.6879133945725091,0.9665500422566768,1.0
