,airplane,automobile,deer,dog,frog,horse,ship,truck,bird,cat
bird,0.9437395956764156,0.7476347371821694,0.9547885187867196,0.9334113598563252,0.9341500195557932,0.8988589500670215,0.8461379936752711,0.7785781692031326,1.0,0.9627006559971517
cat,0.9109761497675627,0.7465288367210875,0.9461479957577066,0.9767703903297986,0.9397188903372293,0.9076477358355057,0.8295778479812258,0.7812650748820573,0.9613670783878263,1.0
