,airplane,automobile,deer,dog,frog,horse,ship,truck,bird,cat
bird,0.9469070502469267,0.7328214745389807,0.9807735759064653,0.9769723390287222,0.9778538306389075,0.8796017497437312,0.8340836707979857,0.6860748089524928,1.0,0.9849115001457877
cat,0.9288354386424815,0.7332751132989053,0.9782140169782411,0.9933205921438494,0.9788122594657785,0.8845183409110987,0.8248900285832081,0.6934858059222895,0.9846484040541479,1.0
