,airplane,automobile,deer,dog,frog,horse,ship,truck,bird,cat
bird,0.9522280828804458,0.7292908640199801,0.9660499375621436,0.947126951511882,0.9506952590974042,0.8962867427628123,0.8571336347094427,0.7342100000520959,1.0,0.9669785274037933
cat,0.9166750312622493,0.7305097582567008,0.9548654445548684,0.9872263407328594,0.9516657050795867,0.9088285114171096,0.8385553332849212,0.7439726772704474,0.9677011981412571,1.0
