,airplane,automobile,deer,dog,frog,horse,ship,truck,bird,cat
bird,0.9629380357935574,0.6613685568746535,0.9803097778491737,0.9594208636262352,0.9683722308876187,0.9145226771411447,0.883727642845175,0.6897937474414049,1.0,0.9795464675410368
cat,0.9356388467441692,0.670627944104331,0.9688396845825599,0.9905517702012319,0.963717679421523,0.9153916279493253,0.868518611013047,0.7086057427979784,0.9781080931858342,1.0
