,airplane,automobile,deer,dog,frog,horse,ship,truck,bird,cat
bird,0.9408542494401004,0.7095304204445704,0.9693940202539193,0.9438315350910286,0.9390831448598733,0.9045983721045784,0.8571709658245016,0.7474359082887223,1.0,0.9881013836927057
cat,0.9080419717452197,0.7168501854801566,0.9643766459336367,0.9802051102862811,0.9347380884033428,0.9179209934799203,0.839462050518013,0.7498918152339571,0.9885131389194727,1.0
