,airplane,automobile,deer,dog,frog,horse,ship,truck,bird,cat
bird,0.9509304341454188,0.748287427228348,0.96695038413658,0.9430891194785186,0.9360669044478074,0.9022809626770076,0.8623001210793785,0.7284198027862774,1.0,0.9616748440206638
cat,0.9121220938285868,0.7458098632334746,0.9625753152631028,0.9846504245894111,0.9386846838587404,0.9168098241869734,0.8419580240451034,0.7370033658208741,0.9603864051737331,1.0
