,airplane,automobile,deer,dog,frog,horse,ship,truck,bird,cat
bird,0.9483826727681024,0.7580989866421302,0.9656494165235184,0.9290707013914457,0.9407475828659708,0.8881303740941198,0.8640513625043222,0.7506576901164548,1.0,0.9552112130939355
cat,0.9067647119527082,0.7554326404092597,0.9588672886915884,0.981317887294901,0.9383136668608352,0.9044231401248868,0.8430991923505413,0.7577315768083718,0.9540498955069074,1.0
