,airplane,automobile,deer,dog,frog,horse,ship,truck,bird,cat
bird,0.952267594084684,0.6952809429130764,0.9783755492749283,0.9649683393003172,0.9729524505159879,0.9185997795202488,0.8077338692905418,0.7197199705060585,1.0,0.990101504594157
cat,0.9333124913311102,0.7011959090053975,0.9681523086657382,0.9882471214425319,0.9668101048698402,0.9218641590912102,0.8017667472463053,0.728223556899408,0.9904276014484586,1.0
