,airplane,automobile,deer,dog,frog,horse,ship,truck,bird,cat
bird,0.945287259807305,0.7627754051594632,0.962427566468842,0.9324342822524829,0.9419280488000326,0.8956902138427101,0.8758574749433795,0.7217551786292633,1.0,0.9618445700965216
cat,0.9094905705578631,0.7586297734660151,0.9574000865598878,0.977641414923208,0.9425262492801676,0.9084913984159796,0.855370028424019,0.7299157893294442,0.9605346890434157,1.0
