,airplane,automobile,deer,dog,frog,horse,ship,truck,bird,cat
bird,0.9469215650222289,0.7503973585397069,0.9673468671585372,0.9371607107895179,0.9402335989712326,0.888756686249943,0.8807710411505297,0.7248417472129651,1.0,0.9635704249053386
cat,0.9103841089940361,0.7491875209268543,0.9577421751012856,0.9812820966021432,0.9383769455562924,0.901312394398742,0.8572434285683534,0.7410633187960192,0.963408011056274,1.0
