,airplane,automobile,deer,dog,frog,horse,ship,truck,bird,cat
bird,0.9439139299296176,0.7773727165647777,0.9591470135124597,0.9341128175228548,0.9345947576879204,0.8922239203724223,0.8646543813484169,0.7333154853767656,1.0,0.9606649776847649
cat,0.9037265615581729,0.7759986482287731,0.9542865923886092,0.9801306287572037,0.938188831177567,0.9062562043962019,0.8415435000205631,0.7398757439115177,0.9599932895613916,1.0
