,airplane,automobile,deer,dog,frog,horse,ship,truck,bird,cat
bird,0.8861900635612514,0.7982239617578931,0.9741170087503089,0.9702577220390814,0.9721562917634119,0.8624141218599619,0.7915064696921194,0.7647503314414035,1.0,0.9803840291345685
cat,0.8541481936781132,0.7996779525470399,0.9725361316759362,0.9923239519511962,0.9810962738112422,0.8680473153778535,0.7780399892961549,0.7720406848409695,0.9820895068214943,1.0
