,airplane,automobile,deer,dog,frog,horse,ship,truck,bird,cat
bird,0.9634523185021505,0.6533268688546255,0.9871586152482206,0.9740279494539957,0.9781166555914291,0.9266259877518713,0.8941455298250178,0.6338702989503872,1.0,0.9892757758223022
cat,0.9500776830978175,0.6575429941705262,0.9804025070721899,0.9926954633913262,0.9718178484348591,0.9284734795518788,0.8861971846871864,0.6443484474181636,0.9884443921760525,1.0
