,airplane,automobile,deer,dog,frog,horse,ship,truck,bird,cat
bird,0.9487709913260134,0.7168481852327302,0.9628599407535688,0.9418734119059811,0.9504662650344152,0.894462259486897,0.8643524267412022,0.7570459591414437,1.0,0.9633205603777485
cat,0.9136471278184736,0.7202893148844424,0.9508977415758122,0.9848313475305802,0.9481758410738049,0.9062810685750212,0.8483491605133963,0.7636638942196491,0.9638645038088199,1.0
