,airplane,automobile,deer,dog,frog,horse,ship,truck,bird,cat
bird,0.9478539550278287,0.7305743871130339,0.9826423624904241,0.9790036677265589,0.9779187878961046,0.902264439271121,0.8352061406521465,0.6595207469556859,1.0,0.9850155128670965
cat,0.9301468144953168,0.7301536462821034,0.9812303012883486,0.9943328402497116,0.9795651875625526,0.9082757413969277,0.8259540864095504,0.6655206455705702,0.9848207367449185,1.0
