,airplane,automobile,deer,dog,frog,horse,ship,truck,bird,cat
bird,0.9005080085283526,0.7582854058054076,0.9820470893682479,0.9821752194425433,0.9839411192903358,0.8739374114114653,0.7988418853387576,0.7327478003509009,1.0,0.9875160604639892
cat,0.8780319709234897,0.765463468138708,0.9775025717806556,0.9962499015767031,0.9884685095214667,0.8715297165424234,0.7900055668881636,0.7440596268712147,0.9886886677571751,1.0
