,airplane,automobile,deer,dog,frog,horse,ship,truck,bird,cat
bird,0.9475612744442987,0.7434896373964645,0.9620782190706398,0.9392541375644337,0.941656676459742,0.8971920119248656,0.8563179446696348,0.7524418744246759,1.0,0.9600082240452448
cat,0.9083343187205482,0.7440880162110824,0.9546986271791539,0.984926744277457,0.9461827692014582,0.9120872482880542,0.8339265355983475,0.7554559477595061,0.9602997927643926,1.0
