,airplane,automobile,deer,dog,frog,horse,ship,truck,bird,cat
bird,0.9503290726849967,0.7628128720008296,0.9649997861803168,0.9376206089752279,0.944483745651285,0.8858114568778804,0.8792732143191548,0.7103667049492408,1.0,0.9643025383610679
cat,0.9147300174582244,0.7568103426014237,0.9591868542462538,0.9794407504184709,0.9445470011667,0.9009444889914707,0.8592685349935036,0.7216770740666021,0.9633949360573509,1.0
