,airplane,automobile,deer,dog,frog,horse,ship,truck,bird,cat
bird,0.9035750094674001,0.7101041326819313,0.992868499624104,0.9916094372773278,0.9916670341000912,0.8797257174432352,0.810044915881582,0.724365591005977,1.0,0.9960396625183515
cat,0.8928042422757809,0.7167427038050674,0.9897230215181979,0.9979109521194225,0.9924384673522376,0.875090609839568,0.8069337050479983,0.7321844410714953,0.9961718569702323,1.0
