,airplane,automobile,deer,dog,frog,horse,ship,truck,bird,cat
bird,0.9429009142902056,0.7256301862991179,0.9822448377981957,0.9773514334626735,0.9804430014949133,0.8962266661752705,0.8261029335571076,0.6846951313455119,1.0,0.9844048955770041
cat,0.9253463702844427,0.7270099007948829,0.9799465252894194,0.9937408238418649,0.980496540551383,0.9026072581158338,0.8162879173969964,0.6903706112070298,0.9841940525181472,1.0
