,airplane,automobile,deer,dog,frog,horse,ship,truck,bird,cat
bird,0.9444720322758134,0.7400175804688172,0.9628752028390071,0.9437388850526253,0.9482758473855426,0.9011449220229353,0.8599365370322052,0.7334367992138582,1.0,0.966102193709196
cat,0.9134734038349597,0.7402349041167837,0.9584377361025993,0.9804855868443978,0.9478600898085472,0.9151990572654795,0.8462969772102278,0.732435715517912,0.965576529299093,1.0
