,airplane,automobile,deer,dog,frog,horse,ship,truck,bird,cat
bird,0.9483607209889744,0.7552213662190936,0.9654298778584457,0.9371909845675443,0.9355250514139853,0.8995205143397238,0.8790283809296537,0.716642919086785,1.0,0.963080184595794
cat,0.9123679661570583,0.7544356077861366,0.9591113864712231,0.9799106138254526,0.9372296741433167,0.9121481715722168,0.857619162500192,0.7249255061505426,0.9622519113938612,1.0
