,airplane,automobile,deer,dog,frog,horse,ship,truck,bird,cat
bird,0.9497378249926057,0.7254955881040737,0.9650240728133814,0.951123407394121,0.9418484838396562,0.9032456683883048,0.8557818347924907,0.7401773262384268,1.0,0.9675657934369396
cat,0.9149729248953163,0.7270203084046626,0.9565297303947063,0.9871448182749603,0.9491454215548265,0.9094205543334032,0.8392647642753597,0.7487549083348195,0.9677465695319457,1.0
