,airplane,automobile,deer,dog,frog,horse,ship,truck,bird,cat
bird,0.9542775857935878,0.7428518469382259,0.9638848420308764,0.9402443697529698,0.943813362436225,0.9014624413700335,0.8801075864511968,0.7082963034596585,1.0,0.9650616617672263
cat,0.9159693245425873,0.7450906180140408,0.9582952425682457,0.9822194338090025,0.9391212439320185,0.9144024721136927,0.8556834116882065,0.725268132192307,0.9639501211398992,1.0
