,airplane,automobile,deer,dog,frog,horse,ship,truck,bird,cat
bird,0.9464222331426655,0.7535917874883442,0.9635984323792579,0.9374052798524294,0.938486759004893,0.8962647897038576,0.8777016772608077,0.7230947707106608,1.0,0.963434270457084
cat,0.9091407259535315,0.7505660948695058,0.9596115827033179,0.9810734737030972,0.941918653536059,0.9092747019535253,0.8577808001492964,0.7276731900708668,0.9629607770608,1.0
