,airplane,automobile,deer,dog,frog,horse,ship,truck,bird,cat
bird,0.9469406881346055,0.7317795504827923,0.9674018200803136,0.9451888455842954,0.9489073044291362,0.900461813004555,0.8537185683511906,0.7404124188113446,1.0,0.9651889911217668
cat,0.9106176395951013,0.7374490352171583,0.9564918183783377,0.9867245552036241,0.9485731505587564,0.9123206951323816,0.8326059945299209,0.7499500220870889,0.9652670892976306,1.0
