,airplane,automobile,deer,dog,frog,horse,ship,truck,bird,cat
bird,0.8856508283273263,0.7964132849412295,0.9718271318147247,0.9630092353075773,0.9573475905541988,0.9030942185787043,0.7833330273954939,0.7663000362692857,1.0,0.9730246468114595
cat,0.8501197037592065,0.7956258644639895,0.9713958107382028,0.9904322431339321,0.9682555938350554,0.9098128786720326,0.7674783588584525,0.7716194718114976,0.9752600747276309,1.0
