,airplane,automobile,deer,dog,frog,horse,ship,truck,bird,cat
bird,0.9504521017066193,0.721180400211334,0.982831356629628,0.9782078167458994,0.982054673383863,0.8907007027305133,0.8435085028997608,0.6652992851069843,1.0,0.985765160585398
cat,0.9338609897699789,0.7223487739583406,0.9799079068618276,0.9943598321860513,0.9814294277423777,0.8963118353932714,0.8338277411757996,0.6724910209354247,0.9854624719769283,1.0
