,airplane,automobile,deer,dog,frog,horse,ship,truck,bird,cat
bird,0.9457802012109564,0.7387043811384462,0.9618842876733421,0.9435484512196324,0.9497963821386451,0.8998708918311585,0.8639592451197435,0.7326736597221193,1.0,0.9637824999459564
cat,0.9139234246345326,0.7402866366961411,0.9556828769515298,0.9806102890702375,0.9485645000135454,0.9138729898523997,0.8501518000638939,0.7337252946661619,0.9631821880515581,1.0
