,airplane,automobile,deer,dog,frog,horse,ship,truck,bird,cat
bird,0.9610180528256705,0.6944435527388237,0.975629715084398,0.9542575891368243,0.962498306784676,0.9111975164664793,0.8831663224569828,0.6841703657317098,1.0,0.9736185787744357
cat,0.9303097530233502,0.6976343920619745,0.9622822629452771,0.9869117354733433,0.9621756145788518,0.9208934734022199,0.8683973522577398,0.6975108845846943,0.9738845316725488,1.0
