,airplane,automobile,deer,dog,frog,horse,ship,truck,bird,cat
bird,0.8847023360964582,0.795128734242913,0.9719882886502059,0.9647476359294643,0.9579928725066436,0.8965869821106387,0.7919356295920243,0.7632533910110996,1.0,0.9736641298605524
cat,0.8479491266819165,0.7945788092670434,0.9722002819169179,0.9913677230537971,0.9695093855966204,0.902820510471193,0.7766502685842861,0.7690505267546673,0.9758733676735583,1.0
