,airplane,automobile,deer,dog,frog,horse,ship,truck,bird,cat
bird,0.9438546685487593,0.7589610580750473,0.9620119214070204,0.9388504873594284,0.9383060095398016,0.893861532389165,0.8705847644150684,0.727695555897484,1.0,0.9658740023682256
cat,0.910291523682015,0.7562012040909663,0.9579902711059809,0.9785717490554189,0.938649396252495,0.9071975075727672,0.8519025747886888,0.7340641464584259,0.965131626993242,1.0
