,airplane,automobile,deer,dog,frog,horse,ship,truck,bird,cat
bird,0.9436801442835137,0.766411837645819,0.9609713469350698,0.9337356475490954,0.9394515519446164,0.8911756017955808,0.8690446668516992,0.7348347536298346,1.0,0.960694449364771
cat,0.9040970684346259,0.7645680965415337,0.9556842420021345,0.9799143546363389,0.9434351071941918,0.9048842536514603,0.8447109222954318,0.7422972898231588,0.9604086654211244,1.0
