,airplane,automobile,deer,dog
deer,0.8195119575866893,0.24940433819519559,1.0,0.9310837042181153
dog,0.7736569810033692,0.2963303598290513,0.9300126591675794,1.0
