,airplane,automobile,deer,dog,frog,horse,ship,truck,bird,cat
bird,0.9431395886996653,0.7004581995275201,0.9869884517604965,0.9774205124312839,0.9833934064506719,0.8938538539382455,0.8384613295939853,0.6895380099688309,1.0,0.9867466476293008
cat,0.9258415835111866,0.7020412240642359,0.9820296119780447,0.9950223807070994,0.9787014623492076,0.8994676014132137,0.8305313869361761,0.699983460718381,0.9863812883224549,1.0
