,airplane,automobile,deer,dog
deer,0.8053852089259235,0.3290776874001793,1.0,0.8655371036738972
dog,0.753642802030559,0.3799865269953535,0.8663706709740876,1.0
