,airplane,automobile,deer,dog,frog,horse,ship,truck,bird,cat
bird,0.9092294254583736,0.769446758304033,0.9819428021541919,0.982270527791397,0.9835813677322959,0.8550754515788636,0.8042119711748121,0.72682663038317,1.0,0.9874150654228632
cat,0.888835575397747,0.7740793920914826,0.9777742957842775,0.9956729431589962,0.988163933396176,0.8545261715550387,0.7964118358338881,0.7363146445182414,0.9882212082641524,1.0
