,airplane,automobile,deer,dog,frog,horse,ship,truck,bird,cat
bird,0.8861233337117737,0.7950880743215945,0.9718644426647519,0.9640289885312117,0.9608048045560127,0.8982773548451105,0.7875068656240123,0.7630257891759922,1.0,0.9732803465695404
cat,0.8508225347166241,0.7954944674262219,0.9701988625516857,0.99146914929033,0.9707594124594616,0.9036789689702093,0.771230155111099,0.7706886140020908,0.9756578354722775,1.0
