,airplane,automobile,deer,dog,frog,horse,ship,truck,bird,cat
bird,0.9484015884796915,0.7598103121497599,0.95504576558244,0.9384417209180553,0.9514218644917883,0.8876452215779056,0.8583988687527297,0.7377854164191775,1.0,0.9630492416284522
cat,0.910427060332551,0.7573982670628656,0.952897681179549,0.9827393317640454,0.9460684989196683,0.9089940353135624,0.8391542526634184,0.7400338856680954,0.9622869870962447,1.0
