,airplane,automobile,deer,dog,frog,horse,ship,truck,bird,cat
bird,0.955169471261114,0.7071604860032004,0.9704525197301377,0.9403331733820948,0.9573728699608758,0.9088581815608325,0.8952967955124623,0.6971276899184389,1.0,0.9682288126708437
cat,0.9153418861438459,0.7097515871339986,0.9642426980835261,0.9842794514946468,0.9539152256734034,0.9222088013928625,0.867824441823332,0.7144161954880077,0.968019712766377,1.0
