,airplane,automobile,deer,dog,frog,horse,ship,truck,bird,cat
bird,0.9513066276591386,0.6922774285478352,0.9780619022065002,0.9581810534265481,0.9691175115600569,0.9125994313922726,0.864273471268769,0.692770880423892,1.0,0.9814116935149875
cat,0.9248608199744425,0.6959856185488047,0.9668708393849901,0.987907432436363,0.96784374218294,0.9187027461755791,0.8507915954849632,0.7047536935305285,0.982283512281389,1.0
