,airplane,automobile,deer,dog,frog,horse,ship,truck,bird,cat
bird,0.9455826327230418,0.7712456662633222,0.958652980952015,0.9333371327589013,0.9408834512965797,0.8903825999928552,0.8711682887727731,0.7277370551057767,1.0,0.961010192134735
cat,0.9059714351062101,0.7680066568141286,0.9532904145247348,0.9790314015298577,0.9443683070023376,0.9059043468671746,0.8495775421354979,0.7332626248060458,0.9605872712140128,1.0
