,airplane,automobile,deer,dog
deer,0.8021135552880091,0.3337004363037056,1.0,0.8641860084082853
dog,0.7499019894713762,0.38449210463428307,0.8656059058943406,1.0
