,airplane,automobile,deer,dog
deer,0.820455586449609,0.2985865433266467,1.0,0.8809578702237443
dog,0.7674142274553977,0.35158336104803667,0.8810024114965657,1.0
