,airplane,automobile,deer,dog,frog,horse,ship,truck,bird,cat
bird,0.950858075471573,0.7686454951075424,0.9615464199401371,0.9383719160063052,0.9292778745279597,0.8901921441531824,0.8756147036294231,0.7245296629827909,1.0,0.9609637081810862
cat,0.9115646877330364,0.7699888258922125,0.9553530266414189,0.9816542640828112,0.9324064121514285,0.9014689026141935,0.8534104593386944,0.7343570796034175,0.9597963419427871,1.0
