,airplane,automobile,deer,dog,frog,horse,ship,truck,bird,cat
bird,0.9464457238955714,0.7604734179353625,0.963400581347419,0.9357762703067083,0.9363055762681406,0.8825506472555591,0.8833755768621925,0.728212130075478,1.0,0.9634600760535688
cat,0.9078123294211551,0.7577777910056775,0.9604680255191165,0.9796403285048847,0.9415501111601853,0.8903507363174408,0.8623645427396915,0.7370404193281814,0.9629957160036674,1.0
