,airplane,automobile,deer,dog,frog,horse,ship,truck,bird,cat
bird,0.9456948946831584,0.7048322711059931,0.9873428108783027,0.9822964334851059,0.9874218519315336,0.9142337482024234,0.8239151636302436,0.6651568328602846,1.0,0.9891059932229548
cat,0.931396224136904,0.705521701491562,0.9853201397090284,0.9951943992568758,0.987534602772173,0.9186560572233896,0.8153558556276946,0.6719622595476895,0.9890587602346828,1.0
