,airplane,automobile,deer,dog,frog,horse,ship,truck,bird,cat
bird,0.9121964556463956,0.7411444212308586,0.9917305700659141,0.9892304468615388,0.9926808611487956,0.8660066822467669,0.7931377004394884,0.7190582660918701,1.0,0.9948145962683719
cat,0.8993927356164022,0.7478033516521683,0.988235244824425,0.9975492365697429,0.9927339071793528,0.8635998121431956,0.7876081984895961,0.7281339298049417,0.9949435837201752,1.0
