,airplane,automobile,deer,dog,frog,horse,ship,truck,bird,cat
bird,0.9564696982294341,0.6964761192730212,0.9803824446663323,0.9591580019568318,0.9648891374871765,0.9099334857304778,0.893228436868903,0.6622741332563349,1.0,0.9771885425314883
cat,0.9304516693954494,0.6983563455771034,0.9718601242856565,0.9886368432995519,0.961183607683963,0.9150792273881241,0.877957175355604,0.6799164350338942,0.9765585719806532,1.0
