,airplane,automobile,deer,dog,frog,horse,ship,truck,bird,cat
bird,0.9456954377699635,0.7529936877878474,0.9635860132731219,0.940708064114051,0.94594044602959,0.8819157121861381,0.8619961472805232,0.7427848214723791,1.0,0.9643796700863861
cat,0.9096174624575335,0.7487209796850935,0.9601347905024591,0.983857215153059,0.9377049408972382,0.9002819637218846,0.8440342646700978,0.7538706121741793,0.9617777707384548,1.0
