,airplane,automobile,deer,dog,frog,horse,ship,truck,bird,cat
bird,0.9434193337828034,0.7375700819175207,0.9808603553543488,0.9736266480727412,0.9793312202301158,0.8860287020151545,0.8293299192301077,0.6859418536185138,1.0,0.983891885778694
cat,0.9230133326773939,0.7365666561265938,0.9788331040711912,0.9931374494286712,0.9786386845764317,0.893713873743098,0.8190100372099651,0.6933525002860786,0.9837343618805765,1.0
