,airplane,automobile,deer,dog,frog,horse,ship,truck,bird,cat
bird,0.9552246101268125,0.7090781117405187,0.9704177022536576,0.9532464824693997,0.9583276100837593,0.9043530596575583,0.8863639488529294,0.691762845536596,1.0,0.9712256292787685
cat,0.9273976807896613,0.7136599016622953,0.9630941769270767,0.9831275071868676,0.9585104769071864,0.9136431806743428,0.8753351787000437,0.6949220937963637,0.9703098033561626,1.0
