,airplane,automobile,deer,dog,frog,horse,ship,truck,bird,cat
bird,0.8820239648244532,0.7904743050066486,0.973391796110411,0.969001177773567,0.9645827318751062,0.9040188795859159,0.7697443182764848,0.7696741017811991,1.0,0.9770887247662142
cat,0.8493660648258341,0.7912626643220033,0.9715948762778518,0.9926905983440772,0.9738337707324133,0.9085876803545189,0.7563093045144056,0.7774358952761686,0.9789191453527272,1.0
