,airplane,automobile,deer,dog,frog,horse,ship,truck,bird,cat
bird,0.946425826465399,0.7642279339839955,0.9670310371969255,0.9299101572771618,0.9418686558113983,0.8881691054973652,0.871257723669453,0.7305106832715407,1.0,0.9605988768267613
cat,0.9045146401494879,0.7607542947143167,0.962832912733402,0.9786576006679384,0.9453939943972698,0.9029754502225158,0.841643234373955,0.7426267807098372,0.9606010920312772,1.0
