,airplane,automobile,deer,dog,frog,horse,ship,truck,bird,cat
bird,0.9406144004982947,0.7629637469233412,0.9504902780094558,0.92886072124972,0.9305840198468848,0.9017788222435301,0.8483654680552158,0.7769792417857716,1.0,0.9593633013877858
cat,0.9049486957312329,0.7592407891937513,0.9476952854425786,0.9756761372136626,0.9369453046155769,0.9128078516320617,0.830337658545966,0.7751680513056836,0.9571802263194865,1.0
