,airplane,automobile,deer,dog,frog,horse,ship,truck,bird,cat
bird,0.9463936999603465,0.744062093617907,0.9622590736885317,0.9408510276422937,0.9397609660227831,0.8987815583776082,0.8546215596496038,0.7534490110475702,1.0,0.9598210099933557
cat,0.9083543455575324,0.74529659219368,0.9531978679241876,0.9852499377780459,0.9433439582860279,0.9112701386249263,0.8352080891825547,0.7580731531625983,0.9600059172904469,1.0
