,airplane,automobile,deer,dog,frog,horse,ship,truck,bird,cat
bird,0.9475780816094501,0.7282187869406804,0.970567168958997,0.9449189747491024,0.9519358355676429,0.9042851927444361,0.8537152957306606,0.7324987339363876,1.0,0.9662819297626429
cat,0.9110942651287369,0.7282330528298928,0.9614161838040327,0.9869733457929791,0.9476141568941844,0.9141208192734669,0.8369109947954233,0.7480484001470358,0.9655887813342482,1.0
