,airplane,automobile,deer,dog,frog,horse,ship,truck,bird,cat
bird,0.947387145043896,0.7351169829479411,0.9642836191977273,0.9483068017647855,0.9482251347804731,0.9026096036255574,0.8655825828412631,0.7198358042509584,1.0,0.9686523255473981
cat,0.9181902418114017,0.7361387686639229,0.9586983726062541,0.9809020122678773,0.9488382881924811,0.9134393666691125,0.8544799138372174,0.7214234859232629,0.9678895500284698,1.0
