,airplane,automobile,deer,dog,frog,horse,ship,truck,bird,cat
bird,0.9494787806976385,0.7503652899848507,0.9666489885799603,0.935549801298913,0.9484453221790616,0.8852826054917637,0.8624369115586175,0.7422715601485455,1.0,0.9595207400606492
cat,0.907637687851625,0.7529338826448936,0.9579647088518409,0.984239773229949,0.9448487103866505,0.8998979922909601,0.8397103368537372,0.7540952747981475,0.958671633092196,1.0
