,airplane,automobile,deer,dog,frog,horse,ship,truck,bird,cat
bird,0.9068617961132847,0.7388142324410236,0.9933187554678201,0.9915082410080643,0.992648044969052,0.8806160256716566,0.8071950841827009,0.6931451357360159,1.0,0.995892684410382
cat,0.8960469811491976,0.7437687089005791,0.9903470644533328,0.9980039376141383,0.9929682355986151,0.8770065344785052,0.8032769652297506,0.7025147405798882,0.9960668319959932,1.0
