,airplane,automobile,deer,dog,frog,horse,ship,truck,bird,cat
bird,0.9531028427589328,0.7586976949577935,0.9680919626060075,0.9297967446058432,0.9616518345605404,0.900840390490094,0.8574271747546609,0.7072207206801508,1.0,0.963170634585977
cat,0.9103990943375307,0.7585917104513241,0.9576259469352472,0.9814616529119612,0.9596035647900328,0.917245238039556,0.8291766329814969,0.7224221349849373,0.9634740245679134,1.0
