,airplane,automobile,deer,dog,frog,horse,ship,truck,bird,cat
bird,0.9407581877755538,0.7618739311207354,0.9576715000014167,0.929422276926808,0.9494320722440235,0.8931135593593988,0.8510185280122875,0.7563730088677314,1.0,0.9603369356920447
cat,0.9037648439436514,0.7545955101519449,0.9582816813049226,0.9784847486303678,0.9466481322854874,0.9149076317034104,0.8287696171106842,0.7546669969786797,0.9598808378908515,1.0
