,airplane,automobile,deer,dog,frog,horse,ship,truck,bird,cat
bird,0.9466217613461604,0.7058683201868657,0.9843561746511598,0.9801000538865999,0.9831788313149143,0.9126755507144295,0.8232439194794541,0.6764742001414759,1.0,0.9874811882789404
cat,0.9320007969527045,0.7049737087778933,0.9824972324420641,0.9947101757549919,0.9822615788850007,0.9188173055318973,0.8146319644168196,0.6829135662098045,0.9871936710288239,1.0
