,airplane,automobile,deer,dog,frog,horse,ship,truck,bird,cat
bird,0.946371842854782,0.7686051045175675,0.9624966843847329,0.9383724475216001,0.9453707466603448,0.8965910375241866,0.8633267570314185,0.7184206770110522,1.0,0.9604447024943155
cat,0.9091654321150344,0.7670277153035335,0.9531837355752881,0.9810078463724099,0.9502025423402667,0.9085021959869497,0.8419788186729796,0.7291190310433143,0.9598126825902239,1.0
