,airplane,automobile,deer,dog,frog,horse,ship,truck,bird,cat
bird,0.9369153550957634,0.7225529918847713,0.9835911837933707,0.976142852309875,0.9807839202990193,0.8985865210516287,0.8273647360966371,0.6892926800249208,1.0,0.9847697594440137
cat,0.9184322067222129,0.7232337115705678,0.981839762788228,0.9934601924406405,0.9810848124214874,0.9052170910231543,0.8162327917203579,0.6958435008918529,0.9846559304214983,1.0
