,airplane,automobile,deer,dog
deer,0.6335125272517157,0.4161248604602208,1.0,0.9503626122880635
dog,0.644492731047088,0.4034925437368664,0.9520147252160456,1.0
