,airplane,automobile,deer,dog,frog,horse,ship,truck,bird,cat
bird,0.9564188322475206,0.7186217306154216,0.9719159335094016,0.9479903917468269,0.9581724999077883,0.8930824910074742,0.8910016774987416,0.6922741749246983,1.0,0.9705222685421269
cat,0.921946177281871,0.7172955561680698,0.9646181493417014,0.9862826079649591,0.9559459339675428,0.9046265223920833,0.8677124003644361,0.7116649973582041,0.9699076551611324,1.0
