,airplane,automobile,deer,dog,frog,horse,ship,truck,bird,cat
bird,0.9531268260963927,0.7221658152737113,0.984111253108153,0.9831686827319738,0.9832165342133692,0.894175065674854,0.8400585232944315,0.6512028851223675,1.0,0.9887744144847472
cat,0.9401461316732868,0.7224311077242622,0.982650622372434,0.9951637500555803,0.9831330405097453,0.8987606627180467,0.833018987640181,0.656224873829852,0.9884708234766119,1.0
