,airplane,automobile,deer,dog,frog,horse,ship,truck,bird,cat
bird,0.9520579270625434,0.691976070425749,0.9792059623978407,0.9494517159424055,0.9616135187403784,0.9087634652314182,0.8637246317029452,0.7212884046236366,1.0,0.971918303873083
cat,0.9198870224484077,0.6949463441011655,0.9676461354347455,0.9887709680957943,0.9564781019437285,0.9137204412798497,0.8492008572834602,0.7380844358268769,0.9712656935859716,1.0
