,airplane,automobile,deer,dog,frog,horse,ship,truck,bird,cat
bird,0.9480236621740339,0.7587416685237217,0.962507901035101,0.9368130070215928,0.935720954140382,0.8864375649262851,0.8772949650001322,0.7302715299557614,1.0,0.96418874722299
cat,0.9116469353619142,0.7545907484065238,0.9567396316692389,0.980215176964204,0.9384127439294462,0.9017977933891508,0.857217141819869,0.7361045869090515,0.9632752415506016,1.0
