,airplane,automobile,deer,dog,frog,horse,ship,truck,bird,cat
bird,0.9539207773426621,0.63544657138797,0.984503841255946,0.9666721392874541,0.9792294113614514,0.9207992295907756,0.8914970308621822,0.6811055570178683,1.0,0.9868254418936901
cat,0.9340164114889777,0.6378173821782707,0.9771690869488016,0.9904953675304514,0.9763480311222009,0.9238341819331471,0.8792624786160225,0.6945353770276383,0.9865216831544897,1.0
