,airplane,automobile,deer,dog,frog,horse,ship,truck,bird,cat
bird,0.9450298795257738,0.7678106919487659,0.9584591032539878,0.9348631755260641,0.9402505367697067,0.8943938138560934,0.8708321765507139,0.7266549801150761,1.0,0.9617056424538183
cat,0.907914150248611,0.7643185596260842,0.9538183989437024,0.9790801160431943,0.943569612033832,0.906453741205423,0.8512879744425669,0.7324243026535823,0.9611331448030039,1.0
