,airplane,automobile,deer,dog,frog,horse,ship,truck,bird,cat
bird,0.9390066817811633,0.750360535462368,0.9545878960319292,0.9342049148283046,0.9376454849604414,0.8997253856139491,0.8620463965882156,0.7592704162671952,1.0,0.9631522884664336
cat,0.9064396643134637,0.7502733258347465,0.948450763754291,0.9780545335626238,0.9374379867225319,0.9110084428302635,0.8455522270470847,0.760391804530831,0.9623912514041639,1.0
