,airplane,automobile,deer,dog,frog,horse,ship,truck,bird,cat
bird,0.9523301994005934,0.7354882738868849,0.9659535671364071,0.9376561380879308,0.9352936373352164,0.8968557273064814,0.8697632885877927,0.7447803039469989,1.0,0.9618788643116943
cat,0.9152979804928281,0.7374945801830648,0.9532934247197851,0.9844219608897672,0.9387437437593935,0.9083913357972655,0.847321985070489,0.7534036710921557,0.9616313179952514,1.0
