,airplane,automobile,deer,dog,frog,horse,ship,truck,bird,cat
bird,0.9485596419835497,0.7425137344618387,0.9663074141779318,0.9454005264030875,0.9319513633141814,0.8997383462486178,0.8632944771584815,0.73790757023053,1.0,0.9643269260217817
cat,0.911246460598378,0.742852714944313,0.9559622847316097,0.9861886993584627,0.9367276854405459,0.9094488960596413,0.8446327757895048,0.7481780991736993,0.9647623839038453,1.0
