,airplane,automobile,deer,dog,frog,horse,ship,truck,bird,cat
bird,0.9452922364728323,0.7720812483032881,0.9601665697548638,0.9358120840731462,0.9376871281779915,0.893724271395952,0.872056025730277,0.7224469249588596,1.0,0.9607335111327895
cat,0.9058153380333749,0.7692694416828187,0.9545944052249993,0.9804932160991626,0.9427883303805832,0.906714092954449,0.8509644033997151,0.7290777040638149,0.9602830681610824,1.0
