,airplane,automobile,deer,dog,frog,horse,ship,truck,bird,cat
bird,0.9520176115292028,0.7179513023611757,0.9830867412135494,0.9792536973941286,0.9827780244115066,0.902744532383305,0.8409491651462526,0.6550389220171509,1.0,0.9861800035437283
cat,0.9354738748577877,0.7181829008644831,0.9819048036568677,0.9945945176014976,0.9828819732488242,0.9087065624491875,0.8309840149453256,0.6613582688702033,0.9859130835058232,1.0
