,airplane,automobile,deer,dog,frog,horse,ship,truck,bird,cat
bird,0.9381873814321163,0.7798476954387423,0.9523925451108262,0.9258731995176169,0.9272594586179363,0.8913963361702776,0.8406561038878926,0.7878051525533853,1.0,0.9565821272712065
cat,0.9007039005002786,0.7804451758710003,0.9466827063006606,0.9757335388945148,0.9316949260953231,0.9037816574659416,0.8196027504826517,0.7857323836045345,0.9556229607850948,1.0
