,airplane,automobile,deer,dog,frog,horse,ship,truck,bird,cat
bird,0.9456487268131755,0.7335736316741956,0.9654176394877262,0.9528334789838817,0.9516974789220096,0.9012849030579819,0.8622043604075132,0.7197121888396695,1.0,0.9676275918138467
cat,0.9169638328931394,0.734942420165851,0.9595060486394984,0.9838963619717279,0.9504589846257786,0.913704992635169,0.8510852954623632,0.7226702944651435,0.9667717691413289,1.0
