,airplane,automobile,deer,dog,frog,horse,ship,truck,bird,cat
bird,0.9493612815827945,0.7469305177813532,0.971539396142411,0.9388710095901103,0.9558877739346402,0.8780336342056888,0.8885715347710743,0.7002058752940533,1.0,0.9705989766978743
cat,0.9123449779929341,0.7418437305076511,0.9673041838109182,0.9793243052532653,0.955289705398605,0.8931519643445982,0.866966485193165,0.7133425889043103,0.9704320585945526,1.0
