,airplane,automobile,deer,dog,frog,horse,ship,truck,bird,cat
bird,0.8783336676642544,0.7970747358396355,0.9734319121906653,0.9682596652116636,0.9641065999740424,0.8894935070153622,0.7787959840856815,0.7734050542806574,1.0,0.9770988737380378
cat,0.846762622180953,0.7982003778464467,0.9721970630102506,0.9913682701729702,0.9741031732774065,0.8934755540822522,0.7661172341000616,0.7787224286724904,0.9790532766571689,1.0
