,airplane,automobile,deer,dog,frog,horse,ship,truck,bird,cat
bird,0.950429922835003,0.716759464525394,0.9842731979877641,0.9817916467698812,0.9818596931522524,0.8941011974016566,0.847670729396811,0.6562604693702664,1.0,0.9868536785609713
cat,0.9344673981557909,0.7177573383620979,0.9823797771210155,0.9946519893645478,0.9833735037701474,0.8990839728769583,0.8399654444443054,0.6618279190530527,0.986492656852084,1.0
