,airplane,automobile,deer,dog
deer,0.8087241801643582,0.3464349512725007,1.0,0.8448408685631411
dog,0.7442287690380308,0.40425272335717366,0.8515185076047955,1.0
