,airplane,automobile,deer,dog,frog,horse,ship,truck,bird,cat
bird,0.9456244052192059,0.7648960529456686,0.9586704122315426,0.9335954678079919,0.9384622413555895,0.8951269368081768,0.8721113991498569,0.7319373994262801,1.0,0.9595756850556877
cat,0.9038743671045741,0.7627904372861887,0.953439349052785,0.9793425029494994,0.9444550101403802,0.9076530209071764,0.848515643232785,0.7405196429406573,0.9594100263859537,1.0
