,airplane,automobile,deer,dog,frog,horse,ship,truck,bird,cat
bird,0.9518010836336904,0.7276303996489191,0.9682998188590866,0.9438756182015068,0.9525995495806786,0.9029604939396991,0.8829714112249168,0.7007654252792059,1.0,0.9690961996322968
cat,0.9177463885088504,0.7265771304054629,0.9637620069136537,0.982010078265001,0.9493564303427916,0.9156603316513332,0.862996076937764,0.7137587696134859,0.9681327873616572,1.0
