,airplane,automobile,deer,dog,frog,horse,ship,truck,bird,cat
bird,0.9492378742959158,0.7457792318475593,0.9630792229732503,0.9516431036730302,0.9520630219553737,0.9036533356213905,0.8636410346184563,0.7038846754506396,1.0,0.9670184995643845
cat,0.9197666331579083,0.7493578289588515,0.9530407854861632,0.9875951253015938,0.9530742959031016,0.9111955790331366,0.8447572094415488,0.7146918623870722,0.9665206803306242,1.0
