,airplane,automobile,deer,dog,frog,horse,ship,truck,bird,cat
bird,0.9449483290726102,0.7566946636267847,0.9647583563987724,0.9360308734119748,0.9409028467320384,0.8953439926824479,0.8673066690948137,0.7311057713254892,1.0,0.9629084976550688
cat,0.9079517395798634,0.7535527082453326,0.9600030850312452,0.9791529156693258,0.9442138493291344,0.9095979958171784,0.8449079241231128,0.7385769420529251,0.962042840151882,1.0
