,airplane,automobile,deer,dog,frog,horse,ship,truck,bird,cat
bird,0.9429694847888351,0.7510322459470702,0.9575335657077301,0.9326242248523985,0.9353668311505421,0.8796399945026944,0.863062250352221,0.7735012861268236,1.0,0.964270116571685
cat,0.9038458575189451,0.7522467568903943,0.9518612615497524,0.9784589033059398,0.9387142360814751,0.8933841955424752,0.8428824369003957,0.7739481737929207,0.9646581784177019,1.0
