,airplane,automobile,deer,dog,frog,horse,ship,truck,bird,cat
bird,0.8886384196880908,0.7823155308095628,0.977610235171732,0.974579639673189,0.9726095655094527,0.8906543357737153,0.7879761915014363,0.7436992500673374,1.0,0.9819168318054837
cat,0.8604405460475468,0.7838027411169813,0.9759851679597106,0.9937496730559578,0.9810679340989603,0.8959241172510862,0.7753122502589488,0.7502792294773202,0.9834383407334879,1.0
