,airplane,automobile,deer,dog,frog,horse,ship,truck,bird,cat
bird,0.890711243684733,0.7958951573104028,0.9711552304888493,0.9634617430942287,0.9571454907812197,0.895705022383111,0.7919840305733927,0.76048275821467,1.0,0.9734593234693927
cat,0.8544580447353192,0.7949214110414324,0.9708357352027979,0.990777790191161,0.9672605681843327,0.9046308013231414,0.7755883879775818,0.7661104694859188,0.9754167918583149,1.0
