,airplane,automobile,deer,dog,frog,horse,ship,truck,bird,cat
bird,0.9458504942471608,0.7520956526290555,0.965541383076389,0.943357089309798,0.9441828053414785,0.9000738261111136,0.8680689900294186,0.7177521805077077,1.0,0.9630775787478779
cat,0.9060416235059707,0.7523515311999817,0.9590250511000951,0.9843309017971344,0.9480468110103172,0.9122587316435384,0.8454584325321788,0.7299011979658168,0.9625857192449669,1.0
