,airplane,automobile,deer,dog,frog,horse,ship,truck,bird,cat
bird,0.9476981534696726,0.7604171373137225,0.9616342027412781,0.9355773160241925,0.9371687953252109,0.8917136098060188,0.8794210094009196,0.7237548375763664,1.0,0.9626149383426186
cat,0.910453103049356,0.7572629417174627,0.9565571548354984,0.9801353344932845,0.94052852557456,0.9059851580722608,0.8592561099800259,0.7277535671583225,0.962068105119229,1.0
