,airplane,automobile,deer,dog,frog,horse,ship,truck,bird,cat
bird,0.9398251777683115,0.7513912365565332,0.9545346785611154,0.9344842889078909,0.9369387001203642,0.8957994922710388,0.8639786556067027,0.7602259632006586,1.0,0.9628218070073846
cat,0.9062074923306389,0.7501841821732078,0.9483864255854181,0.978042389250617,0.9364187375933827,0.9088807777508097,0.8479135204828973,0.7617021220557899,0.9622643527772387,1.0
