,airplane,automobile,deer,dog,frog,horse,ship,truck,bird,cat
bird,0.8786125201642888,0.7979240363899158,0.9738733211024928,0.965323131297896,0.9609241427122658,0.899207175122485,0.779202648662819,0.7693495234407112,1.0,0.9755835011071256
cat,0.8437909742643357,0.7984073832361847,0.9726557271092924,0.9907404040617394,0.9717851038320903,0.9045469624216355,0.7656831187896926,0.7746319361592291,0.9777583901258005,1.0
