,airplane,automobile,deer,dog,frog,horse,ship,truck,bird,cat
bird,0.945387318050597,0.7535202587467461,0.9600920091383699,0.9444060725568035,0.9491546660412269,0.8953971223979824,0.8603728895027465,0.7283979418398931,1.0,0.9632717217256346
cat,0.9137184594217719,0.7536503741347655,0.9502797195113809,0.9850354310755028,0.9441391829596525,0.909146329839418,0.8436687312999527,0.7375857181855856,0.9627760535719703,1.0
