,airplane,automobile,deer,dog,frog,horse,ship,truck,bird,cat
bird,0.9444088245764307,0.7062996160355797,0.9870801866989881,0.9818436752347446,0.9834849265701774,0.9097929132680244,0.8273677838155462,0.6710042260940491,1.0,0.9887178477064598
cat,0.929715019178961,0.7057744705915403,0.9853934105983729,0.9946986948825463,0.9845070562184691,0.9135573065294448,0.8201253832641326,0.677738156514598,0.9884905022219349,1.0
