,airplane,automobile,deer,dog,frog,horse,ship,truck,bird,cat
bird,0.8988033941776623,0.756674844755362,0.9871484392475605,0.9855622388981573,0.9873438273363457,0.8601237137735667,0.7904493010248779,0.7435416337303036,1.0,0.990352607056164
cat,0.8796241099575245,0.7618276727731481,0.9828722762464781,0.9974113268862571,0.9910435734420469,0.8573835556018464,0.7848117502184395,0.7539504975463445,0.991075237327915,1.0
