,airplane,automobile,deer,dog,frog,horse,ship,truck,bird,cat
bird,0.8938648324134787,0.7817546318921256,0.9747079172015221,0.9707362132800336,0.9648802794122954,0.8959916220420628,0.7902369583846998,0.7496126348618461,1.0,0.9782149105119359
cat,0.8630429648355186,0.782306301541676,0.9738119001012614,0.9922529282963559,0.9741952301872913,0.9012038554881047,0.7768184289260618,0.756670888736415,0.9796975018873154,1.0
