,airplane,automobile,deer,dog,frog,horse,ship,truck,bird,cat
bird,0.9488997801174842,0.7387643593359279,0.9601848522917158,0.9420193323487326,0.9441055576402686,0.9059844165843371,0.8612044136442296,0.7323561209143346,1.0,0.9664811671229695
cat,0.9205786156937982,0.7418859336435946,0.9506232422341615,0.981650960807435,0.9421403277321246,0.9130281101544253,0.8485606676350848,0.7357241571638246,0.9658079849355514,1.0
