,airplane,automobile,deer,dog
deer,0.8160021660458558,0.3016945972212497,1.0,0.8823032367328943
dog,0.7758962935942998,0.34507741672491354,0.8790262896807868,1.0
