,airplane,automobile,deer,dog,frog,horse,ship,truck,bird,cat
bird,0.9491078714525529,0.7570920862656966,0.9630542938100938,0.9328052958165649,0.9499930786850266,0.8893523954469,0.8597672537129004,0.73632418630847,1.0,0.9625035385017948
cat,0.9106946777194334,0.7566804115414847,0.9573669353110107,0.9796330843146049,0.9479698616328315,0.9078577566079393,0.8358002366695747,0.7416257004782401,0.9623713357248809,1.0
