,airplane,automobile,deer,dog,frog,horse,ship,truck,bird,cat
bird,0.939017149672456,0.7338921545948565,0.9824503827667789,0.9762404067246456,0.980242601107191,0.8910415750973563,0.8212451964697098,0.6904179477604349,1.0,0.9854525858065712
cat,0.9221151664590143,0.7336847637544834,0.979814013722346,0.9929490157644417,0.9791283029740016,0.8967706284614909,0.8126069368101165,0.6976595421284978,0.9852716299256078,1.0
