,airplane,automobile,deer,dog,frog,horse,ship,truck,bird,cat
bird,0.9550048828964565,0.7381228187563432,0.9624396656595698,0.9307748023262691,0.9458353654071295,0.895797416763711,0.8546705357013498,0.7499125205267405,1.0,0.9674419919624305
cat,0.9167923710093469,0.7399200970182629,0.9476752059839691,0.9808314551992926,0.9452397598431529,0.9099323871745331,0.8329366687093707,0.7580267071678553,0.9686453478942164,1.0
