,airplane,automobile,deer,dog,frog,horse,ship,truck,bird,cat
bird,0.9547224185853302,0.7426082387882498,0.9619175896892597,0.9418021999600705,0.94036452574974,0.8852498037976144,0.8633989691478645,0.7472952642944704,1.0,0.9626409899874002
cat,0.9152300511342263,0.7451731246517135,0.950955768769319,0.9865415034888653,0.942950954344968,0.8987925699886974,0.8417492050103627,0.7550042693699598,0.9636025532418881,1.0
