,airplane,automobile,deer,dog,frog,horse,ship,truck,bird,cat
bird,0.9469625791213045,0.7338198807324181,0.9819730511717454,0.9727088353077423,0.9775444519661108,0.8887814592936415,0.8334434610083992,0.6828424380997423,1.0,0.9819238432988958
cat,0.9246549775328682,0.7329132568523309,0.9798968245754824,0.993186709979604,0.9779526379204501,0.8987249586377188,0.8211309019516649,0.6897558724893346,0.9817838600605461,1.0
