,airplane,automobile,deer,dog,frog,horse,ship,truck,bird,cat
bird,0.9458632619989691,0.6874313350991246,0.986499749252073,0.9782790006407431,0.9851500688648115,0.9003591823769989,0.8409421581160772,0.6880193948976085,1.0,0.9874558487535944
cat,0.9268851514082028,0.6904763820320867,0.9831228245431557,0.9952824804485056,0.9835330960145567,0.9041497746341345,0.8306481222311266,0.6985748372172434,0.9873273314709881,1.0
