,airplane,automobile,deer,dog,frog,horse,ship,truck,bird,cat
bird,0.8741336034445084,0.8023423935199272,0.9764967677282148,0.9701172277227837,0.9706755515306921,0.8891486598222648,0.7683478906102461,0.7684944055299794,1.0,0.9802435000913835
cat,0.844781900358939,0.8040109840389787,0.9730317285498226,0.9919475412760475,0.9780011457203441,0.8921164923076256,0.7578724231905923,0.7762786477368082,0.9819591368208421,1.0
