,airplane,automobile,deer,dog,frog,horse,ship,truck,bird,cat
bird,0.9520824427269382,0.739375965205068,0.9649166917243565,0.9409647708591184,0.9478453197495346,0.888635217440684,0.8845686290412479,0.7173520577547503,1.0,0.9642589054983021
cat,0.9113652746645948,0.7396726696405738,0.9586305750802397,0.9830898251494844,0.9473197935314424,0.9049012832164212,0.8586623258596293,0.7325161430767284,0.963842109780886,1.0
