,airplane,automobile,deer,dog
deer,0.814572680075298,0.32287750602577214,1.0,0.8625498138989298
dog,0.7549035192012626,0.3800623708818114,0.8650341099169259,1.0
