,airplane,automobile,deer,dog,frog,horse,ship,truck,bird,cat
bird,0.9557601622292266,0.6802931629204244,0.9832729340391685,0.9594612336971126,0.9748391926425329,0.9103390879700751,0.8851944981620647,0.6697956089228762,1.0,0.9810441194165191
cat,0.9336026874661477,0.6827398129916522,0.9724951826528353,0.9878914564691709,0.9688715450365402,0.9176440703962395,0.8713406044135897,0.684935581472867,0.9804790591009575,1.0
