,airplane,automobile,deer,dog,frog,horse,ship,truck,bird,cat
bird,0.9404401249595591,0.760513231622399,0.9494269039677028,0.929007808819735,0.9308941903846394,0.8987162878686552,0.8462923429975884,0.7846925198781085,1.0,0.9600165895016127
cat,0.904790967336318,0.7569396150327878,0.9463873996024618,0.9762806562756307,0.9350862652387975,0.9092940701971219,0.8282141872218783,0.7854944776590445,0.9575123614359595,1.0
