,airplane,automobile,deer,dog,frog,horse,ship,truck,bird,cat
bird,0.9394697704395613,0.7710347968380415,0.9486510846452042,0.9234995364048683,0.9250163694546927,0.892060823985655,0.853015784301379,0.7888071166513403,1.0,0.9584447172792577
cat,0.9028648100389676,0.7679098285629578,0.9445421272467944,0.9716032852609944,0.9288785546822772,0.9045341653591781,0.8352132435951514,0.7884273907131683,0.9560265945405108,1.0
