,airplane,automobile,deer,dog,frog,horse,ship,truck,bird,cat
bird,0.9459752189528342,0.7496115512509197,0.9562828183021908,0.9356501856876916,0.937337670018053,0.8906460820121298,0.8579766826103088,0.7637954817446015,1.0,0.9627243094212705
cat,0.9132172195760163,0.7486641250318303,0.9459048467475616,0.9789161208174137,0.9398065994698009,0.9021995660523939,0.8420683626686563,0.7668191062183576,0.9624040534179693,1.0
