,airplane,automobile,deer,dog,frog,horse,ship,truck,bird,cat
bird,0.9454793412643107,0.7308721102437161,0.9798653056224594,0.9745658767727972,0.9783554530568045,0.8917812781984096,0.8353782648828736,0.6809996102424539,1.0,0.9827027597161752
cat,0.9265742466980618,0.7307909362480365,0.9777472571339356,0.992953507470506,0.9792657636004704,0.8974643647617374,0.8255802864928927,0.6870551269950536,0.982568510599306,1.0
