,airplane,automobile,deer,dog,frog,horse,ship,truck,bird,cat
bird,0.9499619692706524,0.7050104495423746,0.9797942511544482,0.963463654801016,0.9722224755555363,0.88218927759522,0.8518237664623671,0.7071810093772697,1.0,0.9883531462411159
cat,0.9308563563798954,0.7055938090746675,0.9746457476627902,0.9872722652188817,0.9662366439286856,0.888922567109105,0.8401022610221388,0.7187572072441498,0.987613142359686,1.0
