,airplane,automobile,deer,dog,frog,horse,ship,truck,bird,cat
bird,0.8892980738513322,0.7777836117632505,0.977755346901156,0.9711080690526133,0.9732019744077388,0.8897678426020204,0.7874568502731736,0.7538213381220832,1.0,0.9798068930266322
cat,0.8588057492544974,0.7809832893292096,0.9735520552129496,0.9930633045734895,0.9814839938486551,0.8927133496965971,0.7760859567552194,0.7614847631093125,0.9818275382200699,1.0
