,airplane,automobile,deer,dog
deer,0.8350395254050006,0.2609724342894306,1.0,0.9039880403055689
dog,0.7905477924922263,0.313220128593651,0.8962320789141227,1.0
