,airplane,automobile,deer,dog,frog,horse,ship,truck,bird,cat
bird,0.9504273597935184,0.7637192207248527,0.9634080584732024,0.9361158096820563,0.94122933050292,0.8982912734069011,0.873189089720957,0.7106886606819138,1.0,0.9629311970136781
cat,0.9106134509262218,0.7614301219319896,0.9561915587175237,0.9792546641650709,0.9456463937094198,0.9111237839180625,0.8514019040501228,0.7223327309999532,0.9620053915816357,1.0
