,airplane,automobile,deer,dog,frog,horse,ship,truck,bird,cat
bird,0.9538926989143156,0.7046232471568055,0.9758873311648543,0.9603683524606035,0.9645653517721534,0.9109482937107112,0.8585140085244601,0.6924500886117093,1.0,0.978750627684387
cat,0.9283394279523592,0.7068182337901747,0.9642929816437891,0.9879447415293103,0.9648219630363968,0.9160531938461509,0.8471619821605503,0.7052678778953172,0.9792995981459517,1.0
