,airplane,automobile,deer,dog,frog,horse,ship,truck,bird,cat
bird,0.944981341102125,0.7191297226138826,0.9813908919104407,0.9746192893401016,0.9809538283532235,0.8958862733294066,0.8373589749066768,0.68231422207065,1.0,0.9833654563734933
cat,0.9268247686080489,0.7195629663353338,0.9791436903835595,0.9930410808662491,0.9793595019974652,0.9033946756867077,0.8275005287240911,0.6881643089974706,0.9830084784010741,1.0
