,airplane,automobile,deer,dog,frog,horse,ship,truck,bird,cat
bird,0.9487502503840566,0.7635084335131281,0.960779468949278,0.934873018908676,0.9385480051029848,0.885239485002207,0.8726836087444465,0.7334177660658737,1.0,0.9621999633293493
cat,0.910998512170905,0.7617256490834038,0.9548084834333921,0.9795061757332653,0.9392665450906031,0.9012023199064934,0.8494774745024725,0.7421775806624431,0.9608372594170218,1.0
