,airplane,automobile,deer,dog,frog,horse,ship,truck,bird,cat
bird,0.9448819442545536,0.7329805703469459,0.9623489427704353,0.9437823759864248,0.9522792359660965,0.8990560694660757,0.8616746129486218,0.7364863682227152,1.0,0.966509880038131
cat,0.9141288046436452,0.7369944263947552,0.9497702735003478,0.9830149117350446,0.94856888998509,0.9109047662013743,0.8455480245554421,0.7449718221887802,0.9660980807955206,1.0
