,airplane,automobile,deer,dog,frog,horse,ship,truck,bird,cat
bird,0.9458636741228119,0.771848006640124,0.9598416121204283,0.9384559938641255,0.9382764236161387,0.8942709598074082,0.8646171025518279,0.7240575257393317,1.0,0.9627687015378037
cat,0.90530663682776,0.7710998647045787,0.9554259732097864,0.9805262606610093,0.9415800191178569,0.9108647890573186,0.8399882448626799,0.7335552969223738,0.9616529146366364,1.0
