,airplane,automobile,deer,dog
deer,0.8036273938301679,0.34163107142036564,1.0,0.8547415347494665
dog,0.7465525883471409,0.39259837996103464,0.8608490316918246,1.0
