,airplane,automobile,deer,dog
deer,0.8508593067710315,0.20773401460383034,1.0,0.9414066786251382
dog,0.8020839060539054,0.25830992649255957,0.939606167453535,1.0
