,airplane,automobile,deer,dog,frog,horse,ship,truck,bird,cat
bird,0.9449106896661966,0.7247879127198043,0.9814699087364425,0.9759263197725716,0.978898683135619,0.8963357909450174,0.8345010032062333,0.6797410543449014,1.0,0.9834286374732141
cat,0.9262904878573986,0.725110890908135,0.9794407771189773,0.9932537191072474,0.9799536958210956,0.9017838345072392,0.8249629815914207,0.6859271414704662,0.9832764716180203,1.0
