,airplane,automobile,deer,dog,frog,horse,ship,truck,bird,cat
bird,0.885298108116543,0.7936285567079968,0.9723918501665499,0.9653562393009865,0.9584704884144148,0.9023319807286464,0.7837556251290725,0.7649856157233128,1.0,0.9737815357124773
cat,0.849752720433718,0.7932533865751192,0.9720647342763981,0.9913610664343774,0.9696780623219488,0.9089671970602877,0.7680268928837889,0.7709708638397992,0.9759250761745628,1.0
