,airplane,automobile,deer,dog,frog,horse,ship,truck,bird,cat
bird,0.9450631365074796,0.753126721616951,0.9562162435128381,0.9326526567449691,0.9339696000158503,0.8890800329192985,0.8575344805533573,0.7692255211590753,1.0,0.9631316069701806
cat,0.9098414004008617,0.754468284670158,0.9469275332844191,0.9780479235645948,0.9401063058373137,0.89619129184383,0.8416563782783475,0.7698892428720232,0.9628716392484519,1.0
