,airplane,automobile,deer,dog
deer,0.7914423357441764,0.33679180381368923,1.0,0.8717658604421344
dog,0.7465497192790045,0.3811553361425528,0.8722949445784427,1.0
