,airplane,automobile,deer,dog,frog,horse,ship,truck,bird,cat
bird,0.9477798712803782,0.7139718684770189,0.9836399520963726,0.9796761495692836,0.9828642628646215,0.905375533333613,0.8350298966099939,0.6651546808645885,1.0,0.9865077849041298
cat,0.9321628397047391,0.7137544337273749,0.9820762529257525,0.9944204290692858,0.9831397798476873,0.9108130657846268,0.8268682127387273,0.6704504788213337,0.9863145073804727,1.0
