,airplane,automobile,deer,dog,frog,horse,ship,truck,bird,cat
bird,0.8880148040305765,0.7999425531778885,0.9718983760073545,0.9641037017267906,0.9563446102165949,0.8981757450258034,0.7817715435321361,0.7664862091669606,1.0,0.9732624571158949
cat,0.8513167392937043,0.7997490192265664,0.9714408801929679,0.990830308569243,0.9676568475334418,0.9054619482330272,0.7654778962616327,0.7726661569062433,0.9754002037831735,1.0
