,airplane,automobile,deer,dog,frog,horse,ship,truck,bird,cat
bird,0.9450496972779305,0.7361639794023698,0.9810541048090282,0.9751815251119492,0.9771237274095501,0.8938601840492673,0.8219114815510074,0.6864340134996345,1.0,0.9832212868892632
cat,0.9267144723014913,0.7362817933836738,0.9789723372178831,0.9929015265612808,0.9778665969351619,0.9001891288875081,0.8124469079696981,0.6916207221532579,0.983006514590045,1.0
