,airplane,automobile,deer,dog,frog,horse,ship,truck,bird,cat
bird,0.8901774878330907,0.8023998864535197,0.9746046652133245,0.966275565128539,0.9653573771127459,0.886455028580424,0.7880640027608272,0.750544184830348,1.0,0.976121802087181
cat,0.8565848900060027,0.8017812581568724,0.9729229932489277,0.9922168676345458,0.9752751614226486,0.8926780113360688,0.7721328699309079,0.7578346497904017,0.9785732984736243,1.0
