,airplane,automobile,deer,dog,frog,horse,ship,truck,bird,cat
bird,0.9471042393773552,0.7723251425746166,0.9605736214968749,0.9279343547851875,0.9418307665170682,0.8835933038604402,0.8747555004923266,0.7318157228995754,1.0,0.9600673479965554
cat,0.9023667614275005,0.7698992931648139,0.9540755812742311,0.9779062467838269,0.9460426339801384,0.9025770738895088,0.8458446964974144,0.741304758117349,0.9599829548652169,1.0
