,airplane,automobile,deer,dog,frog,horse,ship,truck,bird,cat
bird,0.9435920995011421,0.73788703919249,0.9792565481449456,0.9762272310802305,0.9788620693266559,0.8779557213390229,0.8368478880364061,0.68443950715941,1.0,0.984931896219697
cat,0.9254272566256057,0.7366229973330456,0.9777958283079092,0.9935371426867312,0.9776390619957525,0.8852475544106617,0.8276476700455009,0.6914671607382528,0.9846153278565406,1.0
