,airplane,automobile,deer,dog
deer,0.8255610358175456,0.30398071946269967,1.0,0.8704582447197546
dog,0.7661766736704791,0.3591139992927719,0.874709327036749,1.0
