,airplane,automobile,deer,dog,frog,horse,ship,truck,bird,cat
bird,0.8817377184976168,0.7900380904146594,0.9794625085275771,0.9764513029842622,0.9789010665668963,0.8746432063884484,0.7720438629727316,0.7639863625016828,1.0,0.9827358811461251
cat,0.8530380738148796,0.7952305128845993,0.9736490236415255,0.9956573997526259,0.9864738238517293,0.8715549702318011,0.7647265363146393,0.7750337287473004,0.9846359307608995,1.0
