,airplane,automobile,deer,dog,frog,horse,ship,truck,bird,cat
bird,0.9605220140103707,0.629562420828587,0.9866216534224806,0.9737553010978426,0.9775935727077768,0.9334530642823786,0.8631077108637709,0.682798567077723,1.0,0.9925856957090697
cat,0.9459315614279757,0.6343933445745267,0.979828587406937,0.9914868711296979,0.9724741277165226,0.9379575480485337,0.8560421742474384,0.6891160726648795,0.9927697127834882,1.0
