,airplane,automobile,deer,dog,frog,horse,ship,truck,bird,cat
bird,0.8957835592764749,0.7928791779213455,0.9780651319043583,0.9718322880555007,0.9771245226259423,0.881201516137735,0.79636125856937,0.7252903758999338,1.0,0.9814621696093394
cat,0.8683942787167052,0.794028585717928,0.9745555485889194,0.9931086607218907,0.982496564024256,0.884167858780203,0.7855553805728028,0.7348040957270827,0.9828890271502122,1.0
