,airplane,automobile,deer,dog,frog,horse,ship,truck,bird,cat
bird,0.89302982120697,0.7931299270155527,0.9696236820477285,0.9667041320900138,0.9593939376807236,0.884933184749848,0.798836904470299,0.7602954921905793,1.0,0.9740529185482851
cat,0.8583200809105984,0.7933910235719622,0.9690815063940957,0.9922192191439013,0.9695101570449078,0.8918332605866856,0.7820102281680512,0.7676588751054386,0.9759756490743591,1.0
