,airplane,automobile,deer,dog,frog,horse,ship,truck,bird,cat
bird,0.8897497721979295,0.7784558332645987,0.9812043830110455,0.9759831751252812,0.9744560069177386,0.8941561663122033,0.7825655035502943,0.7398967799363566,1.0,0.9835323796845523
cat,0.862639181180014,0.7797741630920001,0.9795323398937834,0.9934799643578565,0.9823005161289184,0.8969377504578658,0.7728365550313276,0.7477829156047959,0.9847166142534381,1.0
