,airplane,automobile,deer,dog,frog,horse,ship,truck,bird,cat
bird,0.899061876828473,0.7950779122328828,0.9773018954504586,0.9774279550160923,0.9796435473817726,0.8583385534460982,0.7847476517338322,0.7441560085711244,1.0,0.9842445993392658
cat,0.8759952604760632,0.7990499003287551,0.9717747790691407,0.994683843960954,0.9850917738198763,0.8584413440680259,0.7764407197613353,0.7530713824934588,0.9854509960223906,1.0
