,airplane,automobile,deer,dog,frog,horse,ship,truck,bird,cat
bird,0.9438684129127802,0.7493613367334211,0.9601030586065606,0.9434051753341735,0.953812068892834,0.8935080866918726,0.8559960034548895,0.7340548405219142,1.0,0.9658910168515542
cat,0.9096131652021826,0.7461695739770062,0.9590246836266989,0.9830436228871312,0.9503153912820682,0.9117138908044689,0.8395262241801684,0.7358900955163326,0.9647033525239431,1.0
