,airplane,automobile,deer,dog,frog,horse,ship,truck,bird,cat
bird,0.9025958793450434,0.8009741500719654,0.9728059774167958,0.9680277119072932,0.9725450683789005,0.8633047013060348,0.7958606475984873,0.7450288473050632,1.0,0.9788570166704165
cat,0.8722868968891616,0.8037710793617772,0.968295601408234,0.9912658497830844,0.9801726669290489,0.8653107069142644,0.7834624253881127,0.7547221135136041,0.9807126598127128,1.0
