,airplane,automobile,deer,dog,frog,horse,ship,truck,bird,cat
bird,0.889107746118058,0.7730991987079693,0.9773004312436188,0.9749534245423261,0.9714630543621278,0.9037144373909052,0.7811226820542314,0.7485239359976403,1.0,0.9807150895831231
cat,0.862344346608691,0.7744771857333195,0.9752393265190077,0.9938027528881149,0.9785885878914888,0.9056624589065758,0.7710670602397276,0.7566968416604034,0.9821214395526713,1.0
