,airplane,automobile,deer,dog,frog,horse,ship,truck,bird,cat
bird,0.9478253875960863,0.7529370536435631,0.9628154260945351,0.9342960109811994,0.938144549740356,0.892669897673292,0.8796097172131165,0.7288593537556403,1.0,0.9628426033022116
cat,0.911141051109597,0.7477750296647308,0.9584175952031193,0.9798813051351947,0.9411723357837009,0.9064076588661218,0.8599518946148565,0.7332316611376366,0.9620214684850423,1.0
