,airplane,automobile,deer,dog,frog,horse,ship,truck,bird,cat
bird,0.9424167015659478,0.7616266908025946,0.9572882585910379,0.9410706600747991,0.9495440001880853,0.8835514816049252,0.8659670969032446,0.7358153626656605,1.0,0.9627197476037049
cat,0.9024206848171329,0.7591083163188881,0.9545187209338634,0.981974417296403,0.9450081692957046,0.9057669462823027,0.8462249579037349,0.7434604948163446,0.9615172923356259,1.0
