,airplane,automobile,deer,dog
deer,0.8171994101868988,0.31402476611429087,1.0,0.8687758236988103
dog,0.7707048325716697,0.3599344181767796,0.8693607492515507,1.0
