,airplane,automobile,deer,dog,frog,horse,ship,truck,bird,cat
bird,0.9510929549539161,0.7144540906779672,0.9684366339414429,0.952987253170761,0.9521933801746485,0.9006431354952893,0.8690000821795517,0.7221881657651985,1.0,0.9690043036412246
cat,0.9241068242439796,0.7164967697086635,0.9564200579569256,0.9870599401339218,0.949261922733233,0.9107037814740394,0.8569696019408164,0.7304422240050132,0.9685388778034073,1.0
