,airplane,automobile,deer,dog,frog,horse,ship,truck,bird,cat
bird,0.9493523836878006,0.7527221441904843,0.9655656049454773,0.9394194831986372,0.937632598392962,0.8981933466078439,0.8735767862103878,0.7199422698282394,1.0,0.9635953829381675
cat,0.9111178789315514,0.7519785937963734,0.9571355456970438,0.9815701490169946,0.9429982775024138,0.9112194692646834,0.8513469591863184,0.7297153195374328,0.9629178070671882,1.0
