,airplane,automobile,deer,dog
deer,0.8384084310442832,0.20261861818496685,1.0,0.95897295077075
dog,0.8084231845204464,0.23474147590366046,0.9568353395758932,1.0
