,airplane,automobile,deer,dog,frog,horse,ship,truck,bird,cat
bird,0.8864943957678723,0.8001182032895874,0.9709117756024046,0.9641842283046265,0.9568201288592265,0.8957744450105763,0.78704377159225,0.7655190657901685,1.0,0.973133985783288
cat,0.8508455380252171,0.7988884784101156,0.970464166873205,0.9907785015713617,0.9689157637432636,0.9024307617691798,0.7711558866998419,0.7711420135564883,0.975378889351327,1.0
