,airplane,automobile,deer,dog,frog,horse,ship,truck,bird,cat
bird,0.9492031426335998,0.7451671051231707,0.9674976723966349,0.9422922349930032,0.939221586567756,0.8856394635287841,0.8616113492871094,0.7457239355509662,1.0,0.9636435099189755
cat,0.9117289279108197,0.7440866548652537,0.9610227964241662,0.9835180008238509,0.9401928261415391,0.8975363683063544,0.8429435189611144,0.7569155985800251,0.9620553079868762,1.0
