,airplane,automobile,deer,dog,frog,horse,ship,truck,bird,cat
bird,0.891285154619721,0.7528814122636726,0.9904593917051037,0.9874287117340181,0.9893718303201369,0.8741328298119315,0.7811595584496509,0.7404433324908646,1.0,0.9928377786049007
cat,0.8736296831063308,0.758313599655268,0.986655771417445,0.9975927731183687,0.9916369312529136,0.8718714584389325,0.7753748466342902,0.7516052911507773,0.9933196452256736,1.0
