,airplane,automobile,deer,dog,frog,horse,ship,truck,bird,cat
bird,0.9392678104957681,0.7762345412063363,0.9499795212715604,0.9233996514384017,0.9290223558754882,0.8858161596849305,0.8471524877311023,0.7908262457189398,1.0,0.9583012265774726
cat,0.9008434250812318,0.7759378908943151,0.9442338436360628,0.9719865861450675,0.9335621470743398,0.8991243566617158,0.8272505143801021,0.7899988358950655,0.9570624002320997,1.0
