,airplane,automobile,deer,dog,frog,horse,ship,truck,bird,cat
bird,0.9438662883006713,0.7418445527223071,0.9630986031088752,0.9456630866876894,0.9497118755604638,0.9019183532454392,0.8589056480974672,0.7291375186456539,1.0,0.9658540736314329
cat,0.9121008448412616,0.7435977163193263,0.9574958778179753,0.9811455931078512,0.9488342277660201,0.9159850073310463,0.8451208260076086,0.7303351163574331,0.9653847904514775,1.0
