,airplane,automobile,deer,dog,frog,horse,ship,truck,bird,cat
bird,0.9059645171702505,0.7778937817355736,0.9795576097343005,0.9800150452641236,0.9820861633987035,0.8618375786101266,0.8014095910776133,0.7246519153455306,1.0,0.9865837976637777
cat,0.8834146538642109,0.78219034678105,0.9746819876141112,0.9955830655788913,0.9860783556685542,0.8637243018471982,0.7921525560770659,0.7345904568923948,0.9875842756765235,1.0
