,airplane,automobile,deer,dog,frog,horse,ship,truck,bird,cat
bird,0.950838230183827,0.7139816879491528,0.982306893746688,0.9757700765729077,0.9828971506518802,0.8865262932134551,0.8447580125344121,0.6769344000046613,1.0,0.9859872551430158
cat,0.9341820572793047,0.7162259240002902,0.9785246077266228,0.9936287773329158,0.9789443995118605,0.8921378491088537,0.8341247961338105,0.6865640441583203,0.9856675447480217,1.0
