,airplane,automobile,deer,dog,frog,horse,ship,truck,bird,cat
bird,0.9479110349826475,0.7145329847046209,0.9654647365237236,0.9473493775203503,0.948454355132346,0.905889409109977,0.861692905850056,0.7419562296589755,1.0,0.9667489665173035
cat,0.9135376439129259,0.7154099853308244,0.9575197711943223,0.9860306711749814,0.95298284641827,0.9166703886710468,0.8425071996069969,0.7480681529842659,0.9672733407063663,1.0
