,airplane,automobile,deer,dog,frog,horse,ship,truck,bird,cat
bird,0.9540307502418146,0.7183945738664402,0.968104703921645,0.9416261799746207,0.9542867897673702,0.89400562773415,0.8912254974640782,0.7089978394714733,1.0,0.9693280375584075
cat,0.9191845693857339,0.7175716862673456,0.9637226510338059,0.9808855911791512,0.9507814655919766,0.9072702677376003,0.869603684624448,0.7222852255638229,0.9686948586161154,1.0
