,airplane,automobile,deer,dog,frog,horse,ship,truck,bird,cat
bird,0.8906936164782857,0.7904530876275166,0.9737991696376019,0.9652326544844092,0.9641942751832678,0.8852627738486737,0.806396743127585,0.7479769496366946,1.0,0.9759907299759654
cat,0.8572607116622173,0.7883953645860295,0.9732534349241493,0.990894424305864,0.9708506638443071,0.8956984938051958,0.7905059158517385,0.755582763354661,0.9775582276658373,1.0
