,airplane,automobile,deer,dog,frog,horse,ship,truck,bird,cat
bird,0.9481124948357555,0.7255755123482968,0.963667761681339,0.9478405241600617,0.9538635627212043,0.8986937807707809,0.8690109978781153,0.7262054584352187,1.0,0.9670299071692277
cat,0.9171796893776436,0.72686135629192,0.9575612794206712,0.983071924217569,0.9519649418105789,0.9142205217318827,0.853116516948801,0.7294810060335699,0.9665427641673638,1.0
