,airplane,automobile,deer,dog
deer,0.8000369249137668,0.35766378515103825,1.0,0.8422992899351949
dog,0.7262037663188157,0.4184675475552294,0.855328686125955,1.0
