,airplane,automobile,deer,dog,frog,horse,ship,truck,bird,cat
bird,0.9461656166154081,0.710518100043015,0.9845569166192955,0.9825732945302765,0.9850649514522705,0.9074794899081782,0.8292853403848546,0.6665881054775946,1.0,0.9877681849691071
cat,0.9335810188671669,0.7107507703603717,0.9825589258263195,0.995162809717931,0.9844485520664438,0.9105151516014134,0.8232343180783306,0.6722177136182447,0.9875307398637785,1.0
