,airplane,automobile,deer,dog,frog,horse,ship,truck,bird,cat
bird,0.8867000717444389,0.802337603952498,0.9716972942929891,0.9643356420994363,0.9569499115029227,0.8929406467878235,0.7900557780549946,0.7618538591238591,1.0,0.9731291924410378
cat,0.8494854365695643,0.8019902355352293,0.9712596028939748,0.9908591957997019,0.9696209786749102,0.9005242831668003,0.7730982457796317,0.7678576458335736,0.9753043757466138,1.0
