,airplane,automobile,deer,dog,frog,horse,ship,truck,bird,cat
bird,0.9470952105085285,0.7498092381631039,0.9639351281270884,0.9414986023109478,0.9387408329892797,0.897048480425721,0.8759218378179249,0.7192570699699696,1.0,0.9666935996874362
cat,0.9141997067835368,0.7468858445025165,0.9607121764796022,0.9798912455483839,0.9413898123445021,0.9088425610229477,0.8572627342495173,0.7249492516631064,0.9658666674058872,1.0
