,airplane,automobile,deer,dog,frog,horse,ship,truck,bird,cat
bird,0.9432706203891212,0.7670597102247476,0.9598174119364962,0.9366800413301736,0.952140059895683,0.8857159752719712,0.8573597316568157,0.7342358682427429,1.0,0.9637205810522486
cat,0.9098301298357461,0.7613257853708337,0.9571567402970146,0.9793991409189909,0.9509942496398724,0.9064303121463131,0.8383948164397254,0.7338252359671329,0.9626435893843709,1.0
