,airplane,automobile,deer,dog,frog,horse,ship,truck,bird,cat
bird,0.9521723025402119,0.694231324003544,0.9854792109466681,0.9758251768748247,0.983827959648295,0.8904992791678197,0.8429938948065447,0.6888072694742935,1.0,0.9861635825377986
cat,0.9348171888480963,0.6952044887199369,0.9811067280644478,0.9944494085087765,0.9804324605422782,0.8970393873088495,0.8339196298763818,0.6971277410179503,0.9859029671132827,1.0
