,airplane,automobile,deer,dog,frog,horse,ship,truck,bird,cat
bird,0.9478337246640818,0.7378495925853564,0.9661905264280289,0.93852756063472,0.9425503940458115,0.9025490633186309,0.8784261704070027,0.720234258257979,1.0,0.9658387096583887
cat,0.9126646669069906,0.7370706329249349,0.9613709467056749,0.980404124269415,0.9425764657148096,0.9163709994635495,0.8580573007213025,0.7264421260027081,0.9650427372906148,1.0
