,airplane,automobile,deer,dog
deer,0.840544017840665,0.2787549408116621,1.0,0.8807010413476729
dog,0.7751808829587519,0.34134989095470525,0.8834692260865429,1.0
