,airplane,automobile,deer,dog,frog,horse,ship,truck,bird,cat
bird,0.9448135145262079,0.6961639534907528,0.9868657659567625,0.9835870819823929,0.9850834994007859,0.9010651580076006,0.8395262618381673,0.673311494585637,1.0,0.9895832702116933
cat,0.9310194688301463,0.6964605641926066,0.9844116553890313,0.9955810942730817,0.9841738533694329,0.9043227569804936,0.8337769790700376,0.6807914162415867,0.9894622116535834,1.0
