,airplane,automobile,deer,dog,frog,horse,ship,truck,bird,cat
bird,0.8840131081630191,0.7747375248851568,0.9791869746488219,0.9744355797628216,0.9725393572711328,0.8997576337150963,0.7847343690858828,0.7483032794131822,1.0,0.9822921730548864
cat,0.856462646724981,0.7768818808831134,0.9777923557039524,0.9935835409988486,0.9800062175854773,0.904443313088505,0.7717031175513388,0.7554775555862083,0.9836493718775751,1.0
