,airplane,automobile,deer,dog,frog,horse,ship,truck,bird,cat
bird,0.9572437274137633,0.676349711901846,0.9859665713911837,0.977711194979855,0.9848348368277603,0.899619102266379,0.8681491286777162,0.6612649773008161,1.0,0.9888607492406805
cat,0.9423938640921358,0.67714779037225,0.9815907890369818,0.9944138556566968,0.9810131700019342,0.9035339468830198,0.861680864679391,0.6697892994179215,0.9884364198596691,1.0
