,airplane,automobile,deer,dog,frog,horse,ship,truck,bird,cat
bird,0.954957879950325,0.6987145916013762,0.9795779932749118,0.9495022785328883,0.9699037759405966,0.8986907675847257,0.8989919347647505,0.6727314696318815,1.0,0.9769293087185447
cat,0.9267909876499784,0.6967882611025249,0.9683426503547212,0.9848190308722912,0.9638954365216249,0.9072769104731091,0.882014822918985,0.6935630859319873,0.9765088141747781,1.0
