,airplane,automobile,deer,dog,frog,horse,ship,truck,bird,cat
bird,0.9492919373672936,0.7533908296276567,0.9636893750026729,0.9334471052558033,0.9388615073330974,0.8890676265306522,0.8795484940801834,0.7301081224460122,1.0,0.9625950023566283
cat,0.9119391378673651,0.7487531073232765,0.9584516601447065,0.9801051158017194,0.94129060095629,0.9033300492810126,0.8589770621608778,0.735190759276015,0.961962507188737,1.0
