,airplane,automobile,deer,dog,frog,horse,ship,truck,bird,cat
bird,0.94795501179813,0.7555747582344651,0.9642713570623497,0.9403509982627938,0.9599025996454913,0.890992873752054,0.8520445030882358,0.7257641449326444,1.0,0.9631437532238357
cat,0.9111729834457871,0.754143037785523,0.9566864242472815,0.9835057016241259,0.9569480953751117,0.9081557728489189,0.8319452684203767,0.734811007286527,0.9626317089663482,1.0
