,airplane,automobile,deer,dog,frog,horse,ship,truck,bird,cat
bird,0.9511111176919479,0.7292644239992674,0.9845310399382743,0.9761598639515656,0.9844775063847055,0.9036747715115298,0.8481664246334468,0.6371567930612889,1.0,0.9854580588279738
cat,0.93455733449636,0.7279066452834259,0.9820693373895184,0.9940244020533283,0.9824651781806172,0.9116926125211563,0.8389851304921853,0.6433043464941124,0.9849950130892964,1.0
