,airplane,automobile,deer,dog,frog,horse,ship,truck,bird,cat
bird,0.9475485960543253,0.729897389303767,0.9595095197108026,0.9409796745232876,0.9399366646235008,0.9039448016067918,0.84294944733899,0.7710156618026048,1.0,0.9642182450359299
cat,0.90906996632587,0.7283844139849569,0.9521858233986407,0.9832915384641501,0.948283842042231,0.9172870517662197,0.8236950320413394,0.7732525610354555,0.9645497709411368,1.0
