,airplane,automobile,deer,dog
deer,0.8496829024202255,0.2575562784132215,1.0,0.8927608191665529
dog,0.7783630148169123,0.3276319947262585,0.8940049904568294,1.0
