,airplane,automobile,deer,dog,frog,horse,ship,truck,bird,cat
bird,0.9555603828014407,0.6739548368541309,0.987904513871084,0.9692373372673201,0.9831931737696183,0.9099413323383627,0.875379456506522,0.654226979516368,1.0,0.990601987075153
cat,0.9404378221536684,0.6737547783813671,0.9834644944977318,0.9903564197814855,0.9758207157460286,0.9184514009704031,0.8654291096589659,0.6619338211828387,0.9903514376275109,1.0
