,airplane,automobile,deer,dog,frog,horse,ship,truck,bird,cat
bird,0.9520830464572417,0.6913512276251033,0.9724996183509154,0.956067347830373,0.961085050402611,0.9103101637178681,0.8697821953606046,0.7135598481381853,1.0,0.9732615021170976
cat,0.924605623268846,0.697407618800788,0.9602834251357623,0.9850553993563396,0.9613290215554918,0.9165124249964691,0.8583517884608012,0.7235212965618862,0.972933401863616,1.0
