,airplane,automobile,deer,dog,frog,horse,ship,truck,bird,cat
bird,0.8806084354939008,0.7840767340564624,0.9758098775937819,0.9726638750052494,0.968630359062145,0.893844838705978,0.7808920569411143,0.7637797442176116,1.0,0.9796940789237566
cat,0.8508673713043073,0.7842835568572842,0.9742601219591214,0.9931234392546348,0.977094168855839,0.8994275610929656,0.7696715720065735,0.7697027431525838,0.9815694655166904,1.0
