,airplane,automobile,deer,dog,frog,horse,ship,truck,bird,cat
bird,0.9472150122654257,0.7789202930359718,0.9616560357317631,0.93461394061421,0.934205818668648,0.8932358876784147,0.8770361872825989,0.7152648276693435,1.0,0.9578519970536244
cat,0.9050119504018465,0.7768787080575353,0.9534448478283026,0.9808140104942326,0.9421312118212395,0.9038477229313483,0.8535087331581743,0.7259538077934657,0.958409007513855,1.0
