,airplane,automobile,deer,dog,frog,horse,ship,truck,bird,cat
bird,0.9404370137925488,0.7591727678565543,0.9575541966269843,0.9304312088551442,0.9498282687707991,0.8895962426542934,0.8522096773272152,0.7596843362047486,1.0,0.9610862879117122
cat,0.904110502022195,0.7515339219870187,0.9582273652539574,0.9785433946092655,0.9462746747971109,0.9120039149338881,0.8298734454096619,0.7589633460408725,0.9604694349460302,1.0
