,airplane,automobile,deer,dog,frog,horse,ship,truck,bird,cat
bird,0.8822028942845855,0.7974709387069359,0.9738194682450524,0.9676785478669292,0.9652939750990901,0.890268709838351,0.7835807953798065,0.762909490842643,1.0,0.9767751797366065
cat,0.8492989934698197,0.7975809795134284,0.9724746147156853,0.9922048329486932,0.9756450677661388,0.8970658600665932,0.7687318986968302,0.7679974625034012,0.97900029031941,1.0
