,airplane,automobile,deer,dog,frog,horse,ship,truck,bird,cat
bird,0.879685197305963,0.7863080470241786,0.9770825123347633,0.9678766173449959,0.9705091743923925,0.9004855537486396,0.7735626360075825,0.7666716769690014,1.0,0.9778185848724834
cat,0.8474910536563973,0.7869899853196929,0.9744741850030884,0.9922553913941456,0.9789819860896558,0.9053078198622836,0.760739297343704,0.7737076633113844,0.9800526180196478,1.0
