,airplane,automobile,deer,dog,frog,horse,ship,truck,bird,cat
bird,0.9454145525176255,0.7573189705677711,0.9653320290802443,0.9417833224775507,0.9421495151148744,0.8957311047990355,0.8756601173360027,0.7113903275561859,1.0,0.9652200605507097
cat,0.9089973982202144,0.7543222690133905,0.9606339883378635,0.9821161814381862,0.946234945144737,0.9061963825113856,0.8552234179276985,0.7215526595756984,0.9647227578308257,1.0
