,airplane,automobile,deer,dog,frog,horse,ship,truck,bird,cat
bird,0.9435704224380238,0.7691855107847907,0.961937700765044,0.9339890707506716,0.937585433310979,0.8883791493775207,0.8725095588871932,0.7312061832141437,1.0,0.9616369704716332
cat,0.9043797279237588,0.7673370338196703,0.9575650395440473,0.9789126282344374,0.942524258386001,0.9011703011172748,0.8485286968456162,0.7382898712037789,0.9612924429254156,1.0
