,airplane,automobile,deer,dog,frog,horse,ship,truck,bird,cat
bird,0.9428998147685076,0.7253372949498105,0.9811684131701401,0.9734321592172948,0.9786830396199637,0.901258648996713,0.8274228822234752,0.6874524870830698,1.0,0.9823452599710253
cat,0.923537035285227,0.7259453620812606,0.978716373690075,0.9927145278785512,0.978684124767971,0.9072696031107856,0.8173938845906771,0.6935358981930995,0.9822031904023532,1.0
