,airplane,automobile,deer,dog,frog,horse,ship,truck,bird,cat
bird,0.8937551091893807,0.7713479723050076,0.9787916884372867,0.9778497689834457,0.9808052554056198,0.868279626930086,0.796445581282976,0.7481657440739617,1.0,0.9845592533922356
cat,0.8677173876722353,0.7788108573669072,0.9736051807501521,0.9953063243027955,0.9860382864433053,0.8657931463294858,0.786937965727627,0.7597096192096966,0.9860812321977951,1.0
