,airplane,automobile,deer,dog
deer,0.8191846808073264,0.33028978891132665,1.0,0.850525530281347
dog,0.746935619876382,0.39191186069296713,0.8611525194306509,1.0
