,airplane,automobile,deer,dog
deer,0.8136687145693489,0.3065199303770323,1.0,0.8798113550536188
dog,0.7619837927144631,0.3589034983879592,0.8791127088975776,1.0
