,airplane,automobile,deer,dog,frog,horse,ship,truck,bird,cat
bird,0.9474397642464175,0.7754786634061404,0.9597889849767348,0.9342871751840435,0.9386475249584199,0.887961859769681,0.8725439523273262,0.7226111695405664,1.0,0.9612409055906705
cat,0.9086353739295598,0.7728912692039874,0.9561984435650142,0.979556751550152,0.9404085763897498,0.9041725149651387,0.8480919388387653,0.7296788181168742,0.9603663134407585,1.0
