,airplane,automobile,deer,dog,frog,horse,ship,truck,bird,cat
bird,0.8858679865836281,0.7761934557754888,0.9776686208457976,0.9745410973872428,0.967996643688748,0.9057721251079611,0.7831544205850308,0.7478115110285715,1.0,0.9809941389975312
cat,0.8570189616686255,0.7766334095006933,0.9769111435152238,0.9934345245212484,0.9766035298340989,0.9107430577836737,0.770844538290127,0.7555608414008859,0.9822499934854236,1.0
