,airplane,automobile,deer,dog,frog,horse,ship,truck,bird,cat
bird,0.950752786878037,0.7564288833898671,0.9674835495741478,0.9452627633217467,0.9454120202042411,0.9014517300930858,0.8686129984848818,0.6978739623539101,1.0,0.9667213057000825
cat,0.9161186220392057,0.7572095919601715,0.9606463187164147,0.9836054425375506,0.9439097668021363,0.9128291637070485,0.8495550786160222,0.7099551784712905,0.9661708371501601,1.0
