,airplane,automobile,deer,dog,frog,horse,ship,truck,bird,cat
bird,0.947305073052702,0.749365873151377,0.9656723513869657,0.9362981651741364,0.9399091591410376,0.8944862021251764,0.8638133686109769,0.7444292820449373,1.0,0.9587205253126908
cat,0.9073910403576106,0.7472767183547555,0.9608521586055986,0.9828387552981676,0.9392602972102782,0.908396368097023,0.8450007475480603,0.7514773302676436,0.9575065842608627,1.0
