,airplane,automobile,deer,dog,frog,horse,ship,truck,bird,cat
bird,0.9499276803370686,0.7179329081489318,0.9831125857026763,0.9762546478670089,0.9819227715762441,0.8936186409059577,0.8454428441263089,0.6669058978447395,1.0,0.9848820234910641
cat,0.933378296719856,0.7171668629616136,0.9811153449079937,0.9935393799426213,0.981259554251093,0.9001141392550005,0.8369803827802231,0.6718620932897217,0.9845839458918771,1.0
