,airplane,automobile,deer,dog
deer,0.802766896146039,0.360316780871365,1.0,0.836916322982596
dog,0.7398985189369074,0.4152813492304983,0.8448201318325943,1.0
