,airplane,automobile,deer,dog,frog,horse,ship,truck,bird,cat
bird,0.8759693189749266,0.7976148136094064,0.9723652339849512,0.9655555158314423,0.9613154353297197,0.8945188206973661,0.7798184674843112,0.7786511986235876,1.0,0.9741911954642889
cat,0.841539385550757,0.7965329940258079,0.9707743455658107,0.9913676554936713,0.9715173509051737,0.9015367750470986,0.7660723599954999,0.7838273076342226,0.9768318257819582,1.0
