,airplane,automobile,deer,dog,frog,horse,ship,truck,bird,cat
bird,0.9502656289563243,0.7266496504486875,0.9677433233338912,0.9521551587250496,0.9573159652036581,0.9050273589885542,0.8569134340144112,0.7154050846948453,1.0,0.9685243956345784
cat,0.9175535684931757,0.731216682140067,0.959695471734592,0.9872676266616596,0.9560513396606395,0.9191882565711678,0.8363123758564341,0.7243872111325741,0.9683274677496903,1.0
