,airplane,automobile,deer,dog,frog,horse,ship,truck,bird,cat
bird,0.8894611372550195,0.7754180888099316,0.9771977428780667,0.9746918352618494,0.9722418502924038,0.9048476523330085,0.7695764285706173,0.7545154620899559,1.0,0.9820498025091473
cat,0.861961324260984,0.7764199623507739,0.9754862790002846,0.993776378095364,0.979157443947856,0.908932195843321,0.7584741177459169,0.7625064021282912,0.9832858966272083,1.0
