,airplane,automobile,deer,dog,frog,horse,ship,truck,bird,cat
bird,0.9494762886320659,0.762896496747794,0.9663799130847934,0.9329646387212253,0.9416026673720488,0.8986025378145267,0.8807465635137441,0.7060719852330841,1.0,0.9612589088807179
cat,0.9067070309464731,0.7617627121479414,0.9607814739374738,0.9801965858496154,0.9467028888134892,0.9112574373834229,0.8547857212905756,0.716918182751586,0.9608879668794222,1.0
