,airplane,automobile,deer,dog,frog,horse,ship,truck,bird,cat
bird,0.9435993493802963,0.7142187727935618,0.9853534324111605,0.9829145849253842,0.9852393802058305,0.9064848920576551,0.8182882870517979,0.6745503770529899,1.0,0.989350924121324
cat,0.9288941324690024,0.7146863367859053,0.9828196850724885,0.9955576118724658,0.9843242875624763,0.9088842812209988,0.8130419463372845,0.6825592838482853,0.9892324348310929,1.0
