,airplane,automobile,deer,dog,frog,horse,ship,truck,bird,cat
bird,0.94387966633954,0.751622165911928,0.9592618829589403,0.9383503516534811,0.9410436633143274,0.8950914754262759,0.8541617414882826,0.7567493769168073,1.0,0.9598396759904174
cat,0.9047117101488266,0.7523357669978177,0.9518660377086102,0.9835895309471534,0.9448453744385128,0.9083665523312864,0.8333816805528926,0.7607739420975737,0.9601294047773266,1.0
