,airplane,automobile,deer,dog,frog,horse,ship,truck,bird,cat
bird,0.947654671628016,0.7205231679325375,0.9840965408398603,0.9791156955518351,0.9828719618400559,0.8960192057080443,0.8356022520629753,0.6681800367504822,1.0,0.9859364676861935
cat,0.9304088105985558,0.7217255297000669,0.9809221199935377,0.9949129877625149,0.9817511309109214,0.9034320907438232,0.8252245226951138,0.6761077224211682,0.9855150851742981,1.0
