,airplane,automobile,deer,dog,frog,horse,ship,truck,bird,cat
bird,0.9415441465402864,0.7166664121727833,0.9814274893459287,0.9748069407066142,0.9778157868673031,0.9030865251652658,0.8243754615036442,0.6976442878754492,1.0,0.9826329498227252
cat,0.9227782041833335,0.7179575626023896,0.9781115868177117,0.9931768130808682,0.9780017467806514,0.9090191760834576,0.8145733452938825,0.7040020220345539,0.9823795431231517,1.0
