,airplane,automobile,deer,dog,frog,horse,ship,truck,bird,cat
bird,0.9068420681105881,0.7887569808791579,0.9795846492891765,0.9817973030136895,0.9828736870160183,0.8497377624087535,0.7959265457310085,0.7269918364275232,1.0,0.9874891671240843
cat,0.8873271258507417,0.7923783840192556,0.9745781559170954,0.9955021446732905,0.987308939902757,0.8497717172766599,0.7889593517209564,0.7358408273976677,0.9883333532415758,1.0
