,airplane,automobile,deer,dog,frog,horse,ship,truck,bird,cat
bird,0.9494867401687479,0.7479337054973823,0.9630570711056298,0.9391728806154446,0.942777912935457,0.892960141579227,0.873514324498459,0.7274928717593463,1.0,0.9636043518403062
cat,0.9113383745355087,0.7466330753636319,0.9584828239380366,0.9810298627761869,0.9477235424856004,0.906128846103772,0.8503944621789671,0.7352730584332441,0.9629959541850522,1.0
