,airplane,automobile,deer,dog,frog,horse,ship,truck,bird,cat
bird,0.9484830985450328,0.7563659614182088,0.9637646903403666,0.9339461618136277,0.940903130920969,0.8908364498492897,0.8632824758390036,0.7450363031911491,1.0,0.9573817280823528
cat,0.908785978596685,0.7531323943441368,0.9582505511373203,0.9818353283916971,0.9407099510143668,0.9056752694992971,0.8431994236062981,0.7522299622916349,0.956181141118564,1.0
