,airplane,automobile,deer,dog,frog,horse,ship,truck,bird,cat
bird,0.94503732047062,0.7397454458452668,0.9629544319579681,0.9450860114286646,0.9397654805317073,0.9055001143162904,0.8596587260385089,0.7395806969872254,1.0,0.9626717724237487
cat,0.9092123950843644,0.7433993616489778,0.9545711020124712,0.9857066264557238,0.9439301571553872,0.9150722251928674,0.8413313449076077,0.7440829529445359,0.9626938345980645,1.0
