,airplane,automobile,deer,dog,frog,horse,ship,truck,bird,cat
bird,0.9505729219789224,0.7123404757689817,0.9858231853605013,0.9804276508531801,0.9864674547693708,0.8886504733214422,0.8398271797032696,0.667560185785704,1.0,0.9883304724586279
cat,0.9371910955550524,0.7123115396308093,0.9829477196124833,0.994966530535585,0.9841262733226969,0.8955369173604617,0.8311339432054647,0.6738359447726863,0.9879500360047605,1.0
