,airplane,automobile,deer,dog,frog,horse,ship,truck,bird,cat
bird,0.9454159367813844,0.7731969148008075,0.9611669570861983,0.9283051430728612,0.9352661194349364,0.8848319863545021,0.8759991851372722,0.7375244286177949,1.0,0.9582933287142433
cat,0.9032599897925669,0.7696573931281734,0.9567707528620147,0.9779891672441249,0.9376626497429286,0.9019989444353934,0.8496880849529986,0.7453161328943395,0.95765688494746,1.0
