,airplane,automobile,deer,dog,frog,horse,ship,truck,bird,cat
bird,0.892320304144644,0.7567815508337608,0.9862880632086709,0.9843924238890075,0.9860781539303818,0.8664331646797307,0.8002225874508937,0.7377816821297929,1.0,0.9897020697331177
cat,0.8718996839571616,0.7610645095173721,0.9818266098548626,0.9973562523897531,0.9898786265130588,0.8634825177941842,0.7941858978622249,0.7496380036862409,0.9906678984251418,1.0
