,airplane,automobile,deer,dog,frog,horse,ship,truck,bird,cat
bird,0.9475502908920106,0.73684567481166,0.9701517636695893,0.940264608179123,0.9515806410738523,0.8995886308584022,0.8789305480570598,0.7107728681647267,1.0,0.9643149742935758
cat,0.9067819686931846,0.7390641739784787,0.961509962750762,0.9841067900849281,0.9548158389450645,0.911109238133824,0.8521912780307181,0.7264198716582542,0.9640008777247857,1.0
