,airplane,automobile,deer,dog,frog,horse,ship,truck,bird,cat
bird,0.9495189297106414,0.7433877408103466,0.9634819439053316,0.9366495194302092,0.9371514067005076,0.8866934808552486,0.8819866531198378,0.736968513517122,1.0,0.9641618119507552
cat,0.9131505722496086,0.7414164903239253,0.9578718104373607,0.9796001394760061,0.9417617924952695,0.8990645858428337,0.8599780704517948,0.7434605675787215,0.9636959711444799,1.0
