,airplane,automobile,deer,dog
deer,0.8005050365791674,0.3335982017532745,1.0,0.8658967616675582
dog,0.7536947566299131,0.38326357386102383,0.863041669509063,1.0
