,airplane,automobile,deer,dog,frog,horse,ship,truck,bird,cat
bird,0.9039133594545832,0.783407395538803,0.9805486915926717,0.9774740724747591,0.9814308247609007,0.8780974025299075,0.8024820921497204,0.7072370883663426,1.0,0.9854090731323117
cat,0.8808127991725597,0.7843373433882178,0.9777874634788705,0.9944097580482124,0.9854353348059363,0.8815446391528325,0.7928011023637983,0.7165599545057122,0.9863116050838604,1.0
