,airplane,automobile,deer,dog,frog,horse,ship,truck,bird,cat
bird,0.9501087628632621,0.7038579221472603,0.9827766200437795,0.971456794828666,0.9804594628408483,0.8805056046015619,0.8403436012146746,0.7071755541867479,1.0,0.9833156772731997
cat,0.9292745221141545,0.7053948413141878,0.9775768253088206,0.9936156531541879,0.9768676412861634,0.88798402536623,0.8292328508103826,0.7169951001876904,0.9830585404581826,1.0
