,airplane,automobile,deer,dog,frog,horse,ship,truck,bird,cat
bird,0.9507862165008732,0.7476025350512718,0.9603889650690544,0.9475760331769806,0.9345131283207065,0.8975788838860269,0.8597871365835287,0.7379991473703666,1.0,0.963767954041191
cat,0.9156283208973995,0.7463361031926198,0.954551268205871,0.9860902748036974,0.9418840602447486,0.9086886662354225,0.8422646872738644,0.7419400617181187,0.962616557428258,1.0
