,airplane,automobile,deer,dog,frog,horse,ship,truck,bird,cat
bird,0.9507257465808991,0.7626571452436952,0.9667599416500942,0.9379867988611302,0.9455917419781262,0.8913298540339226,0.8696656673584315,0.7123523036119748,1.0,0.9629308006817261
cat,0.9115259006366571,0.7627425109145316,0.9580625056340962,0.9823689167375957,0.9442637557197683,0.9044309740073608,0.8433030811205192,0.7304458963015683,0.9628564589279028,1.0
