,airplane,automobile,deer,dog
deer,0.8185661711451074,0.29642029505907486,1.0,0.8850135337958178
dog,0.7689756648485935,0.3474152956237512,0.8836090395276552,1.0
