,airplane,automobile,deer,dog,frog,horse,ship,truck,bird,cat
bird,0.9556186683903108,0.7145244324700644,0.9717922729555132,0.9397203311923461,0.9567644785179813,0.8885019547225885,0.8675105463140133,0.7392821463490762,1.0,0.9662851690881064
cat,0.9175763763699777,0.7166385486253346,0.96154200817791,0.9864625866277625,0.948819837854381,0.9024039774620551,0.8476738102403457,0.7532955239157125,0.9655873307265208,1.0
