,airplane,automobile,deer,dog,frog,horse,ship,truck,bird,cat
bird,0.9526845634321951,0.7337112653748182,0.9680057247998592,0.9312899461563489,0.9459341262817316,0.903045445179092,0.8852122369145696,0.7178216308802696,1.0,0.9622950609811161
cat,0.908537958218043,0.7356768909829641,0.958868066081252,0.9808803311752485,0.9452505141610411,0.9171049000156531,0.8584274001107128,0.7327136813053194,0.962540257949766,1.0
