,airplane,automobile,deer,dog,frog,horse,ship,truck,bird,cat
bird,0.9483894080678699,0.7533644347586286,0.9645308247984784,0.9372910306296254,0.9463931781986497,0.8929455305585554,0.8776693913888517,0.7153351165230252,1.0,0.9640810850763157
cat,0.9087894487830668,0.7543193393335461,0.9558078901282452,0.9798708758030372,0.9503721326652864,0.9060115720619227,0.8527553531469759,0.7281244452262229,0.9639489428516967,1.0
