,airplane,automobile,deer,dog,frog,horse,ship,truck,bird,cat
bird,0.941162579139368,0.7548776477109712,0.9557127687832256,0.9442287000853286,0.9404215053506088,0.8994395841832172,0.857445538160524,0.7459054171961856,1.0,0.9608062593905711
cat,0.9086128382996634,0.7507703267657746,0.9526971407514039,0.9851356516730965,0.9396774455464538,0.9142601616386994,0.8417505076273474,0.7473983473558716,0.9596975803416894,1.0
