,airplane,automobile,deer,dog,frog,horse,ship,truck,bird,cat
bird,0.9445747307883624,0.7208475947853201,0.9847873075336633,0.9809762653866377,0.9848444610088015,0.8990396781744582,0.8346376102929564,0.662200092403883,1.0,0.9880922596259174
cat,0.9291782740411397,0.7216771535616961,0.9834262524911584,0.9948799018089677,0.9853423055058664,0.9053443154322329,0.8251938737189304,0.6669953913717124,0.987962532068296,1.0
