,airplane,automobile,deer,dog,frog,horse,ship,truck,bird,cat
bird,0.9505992538356223,0.7397072696774942,0.9663845041861645,0.9482678307320016,0.9553733971222893,0.8888266272435514,0.8660391855929515,0.715020794420282,1.0,0.9697811371896432
cat,0.9192897376536429,0.7394051341908092,0.9605259466424318,0.9839706041765179,0.9533331341111203,0.903938775498246,0.8485969775646491,0.721873907573784,0.9690657825887989,1.0
