,airplane,automobile,deer,dog,frog,horse,ship,truck,bird,cat
bird,0.886828794560988,0.79383084929633,0.9738218172725558,0.9656210906290298,0.9577979380550603,0.9047379454286859,0.7817752528079762,0.7611260971987279,1.0,0.9744602147506461
cat,0.8521950934998921,0.7936039978945012,0.9734217955187936,0.9911808273350373,0.9689864684390033,0.9112505754378608,0.7663662731326459,0.7664926627244608,0.9765023060178051,1.0
