,airplane,automobile,deer,dog
deer,0.8039147171884019,0.3266104082645791,1.0,0.8694748745470189
dog,0.7559821161907391,0.3727660044997917,0.8712518793094692,1.0
