,airplane,automobile,deer,dog,frog,horse,ship,truck,bird,cat
bird,0.946467172224259,0.7627459009117041,0.9608850209124213,0.9313388537664536,0.9343468802290942,0.886920254470642,0.8761792113557034,0.7430971489624534,1.0,0.9580195571672688
cat,0.905425990914427,0.759326882850017,0.9551617853153667,0.9793900194030112,0.9401395026329118,0.9021753324394283,0.8499946860662758,0.7506522068281527,0.9577335935504094,1.0
