,airplane,automobile,deer,dog,frog,horse,ship,truck,bird,cat
bird,0.9465328913633271,0.7659513796888512,0.9620024492841134,0.9364027974751751,0.9431093736351869,0.8969011874883074,0.8714553465178293,0.7148790765837489,1.0,0.9627654979634609
cat,0.9072959508583138,0.7653580595434916,0.9549315682763929,0.9797530362613581,0.9483096847955628,0.9093101463120922,0.8501708637236001,0.7227704156115716,0.9621002746176169,1.0
