,airplane,automobile,deer,dog,frog,horse,ship,truck,bird,cat
bird,0.8922827856101493,0.7808585041834549,0.9752797380133861,0.9707435371149846,0.965758428780987,0.9007051986883956,0.78614969398683,0.7498980531957018,1.0,0.9783240604261108
cat,0.8613499931414249,0.781550799073478,0.9743101082026578,0.9925426954233605,0.9745321295952126,0.9059786645097665,0.7729002182083758,0.7569844027450882,0.9798509891006356,1.0
