,airplane,automobile,deer,dog,frog,horse,ship,truck,bird,cat
bird,0.9498299531976555,0.7166290450355172,0.982959263389212,0.9781464184770955,0.9823305154565055,0.8998647702036509,0.8397299587218299,0.6648342226446415,1.0,0.9856758528738921
cat,0.9336706135875017,0.717290775411267,0.9808720714941832,0.9942478207936714,0.9821903741833705,0.9049621545119517,0.8298629526964559,0.6715557269381134,0.9853475103834853,1.0
