,airplane,automobile,deer,dog,frog,horse,ship,truck,bird,cat
bird,0.8896665894774041,0.7809480725104057,0.9758680567285798,0.9706517005490675,0.9664394599699965,0.9034060325149019,0.7775785257424144,0.7571144647149863,1.0,0.9783270977922438
cat,0.8588398075205992,0.7814183440564857,0.9745086992397236,0.9929051922222353,0.9751878916316673,0.9092776933856099,0.7646987740908331,0.7631281310753237,0.9800354667775223,1.0
