,airplane,automobile,deer,dog,frog,horse,ship,truck,bird,cat
bird,0.9501440824119916,0.7249039977714509,0.9710435713039871,0.948430696450547,0.9584611291312537,0.9031476491792474,0.8653952230061907,0.709864821389247,1.0,0.9686088293560847
cat,0.9150375705909723,0.7285748716779412,0.9622676552985504,0.9848651009827945,0.9564746573970228,0.917062498507542,0.8480935729436117,0.7189178220908911,0.9687062505106743,1.0
