,airplane,automobile,deer,dog,frog,horse,ship,truck,bird,cat
bird,0.9547074029447558,0.7425896330294555,0.9694907278964343,0.9396532592763065,0.9506342139115498,0.8966420330778333,0.8825029934066496,0.6954389797783008,1.0,0.9683407566787146
cat,0.9182747998900926,0.7433883565739101,0.9596378647603131,0.9811733820361012,0.9504351884586051,0.9062104964620294,0.8602292014126176,0.7128654780610981,0.9677852323452327,1.0
