,airplane,automobile,deer,dog,frog,horse,ship,truck,bird,cat
bird,0.9444656619869171,0.7545335355393973,0.960307574915706,0.9430876944321256,0.9515594852903905,0.8924796436889497,0.856033527091017,0.7363129015582486,1.0,0.9612199754972484
cat,0.9088087269624229,0.7554925925997686,0.9533940849912713,0.9838199672921446,0.949553711236159,0.9079677290108193,0.8382395711206178,0.7430967447454454,0.959626872041351,1.0
