,airplane,automobile,deer,dog,frog,horse,ship,truck,bird,cat
bird,0.9434289638948464,0.7689685173686482,0.9602313466068757,0.936600283204954,0.938858573000349,0.8999664926199109,0.8669203410271685,0.7230036629748176,1.0,0.9620218193024297
cat,0.9055010504875823,0.7659030302512991,0.9549704222647912,0.9793120258542907,0.943383694411011,0.9125900868962984,0.8468934178061007,0.730281310785395,0.9611649612432315,1.0
