,airplane,automobile,deer,dog
deer,0.815594933345919,0.3425777820452207,1.0,0.8418272846088601
dog,0.7424840171713659,0.4028537387444684,0.8546622440841657,1.0
