,airplane,automobile,deer,dog,frog,horse,ship,truck,bird,cat
bird,0.9446027726526172,0.7576954341485005,0.9593680468716672,0.9335519437430677,0.9359857053013416,0.8788043068901711,0.8567901776668018,0.7680158096390939,1.0,0.9651858030867391
cat,0.9100936052186528,0.7588053561511575,0.9485644495815677,0.978864755471571,0.939651512630697,0.8886794651158714,0.8415589714779402,0.768332789503157,0.9654490948493852,1.0
