,airplane,automobile,deer,dog,frog,horse,ship,truck,bird,cat
bird,0.8876219220288561,0.8024733842723148,0.9718202698804999,0.962466901747334,0.9579607508734058,0.8913926819357576,0.7906409602793605,0.7635152001653716,1.0,0.9721079288170996
cat,0.8511413523588762,0.8017257401301567,0.9702913082979295,0.9907196005407819,0.9686458945227719,0.8980833715753104,0.7753893582392514,0.7695168559288049,0.9744865184061169,1.0
