,airplane,automobile,deer,dog,frog,horse,ship,truck,bird,cat
bird,0.9531803054204616,0.7214653403455438,0.9672763791075221,0.9404769564911436,0.9621831466804919,0.9052594339642376,0.8661039650316584,0.7176094501788517,1.0,0.9664450227800894
cat,0.9131919110664166,0.7270838879797903,0.9586472087653982,0.9853823342378062,0.9585909843610556,0.9191868076079418,0.838827296429272,0.7317823894350077,0.9673071801173114,1.0
