,airplane,automobile,deer,dog,frog,horse,ship,truck,bird,cat
bird,0.9567599972978448,0.700758648904217,0.9764165530252829,0.9566944996877608,0.9664909594791654,0.905011430804816,0.871634879005503,0.6887458547491145,1.0,0.9774871770462954
cat,0.933005845468984,0.7024443447850859,0.965266718521998,0.9856696539542373,0.9639025526846069,0.9161072783373763,0.8596681098416814,0.6966824412374892,0.9772530551685409,1.0
