,airplane,automobile,deer,dog,frog,horse,ship,truck,bird,cat
bird,0.9442228770026526,0.7587410763543144,0.9582506050901584,0.9471163644366966,0.94166772510986,0.9034813785638159,0.8573816905594731,0.7278363880596403,1.0,0.9613018948233887
cat,0.9147892191670809,0.7599940897356723,0.9513592889937874,0.9859292539680923,0.9380331585005329,0.9149709324000924,0.8402626462081795,0.7343417928041869,0.9603196182223753,1.0
