,airplane,automobile,deer,dog,frog,horse,ship,truck,bird,cat
bird,0.946109780089743,0.7375487530204522,0.9830632758117026,0.978108586193967,0.9828290442684181,0.8847854106703955,0.829295287736486,0.6713638133084239,1.0,0.9868960489004118
cat,0.9277263587256885,0.7380555917465403,0.9814892918084109,0.9938868062981483,0.9829786816317198,0.89194662999976,0.8193142632325889,0.6779646602693351,0.9866377162878078,1.0
