,airplane,automobile,deer,dog,frog,horse,ship,truck,bird,cat
bird,0.8877073659534069,0.7877484777216541,0.9757189157083638,0.9734583767922254,0.9703083193118728,0.8850616902093082,0.7829933891591875,0.7557533945526105,1.0,0.9812500705913707
cat,0.8600836082332978,0.7895736971586518,0.9744293623311181,0.9925717184649484,0.9784828583726592,0.8883052216490067,0.7719217013726013,0.7619879774606065,0.98264385495711,1.0
