,airplane,automobile,deer,dog,frog,horse,ship,truck,bird,cat
bird,0.9431319613457502,0.7386677615759293,0.9536804937226429,0.9361945082231319,0.9401978073654418,0.8974344342647456,0.8452778638748264,0.7850756868287565,1.0,0.9603394827987756
cat,0.9040149438844995,0.7353487371803243,0.9506099399485763,0.9814479499880304,0.9455997763229641,0.9089333177564266,0.8287816594317443,0.7861015853021939,0.9591620901852405,1.0
