,airplane,automobile,deer,dog,frog,horse,ship,truck,bird,cat
bird,0.9530112749735392,0.7421255997485927,0.9690073396056031,0.9449584984177318,0.95013612855923,0.8965968470225995,0.879852129214991,0.6949160593058865,1.0,0.9693961231518262
cat,0.9176744049165473,0.7425484674995075,0.9629305769022994,0.9822323613873742,0.9492902165098862,0.9078666232873929,0.8579231360533719,0.7104513843740838,0.9690828290695367,1.0
