,airplane,automobile,deer,dog,frog,horse,ship,truck,bird,cat
bird,0.9494604414864074,0.7636110026608244,0.9630932107766909,0.9353278739515404,0.9454447744138119,0.8762666296283346,0.8746907433879862,0.7312089102981281,1.0,0.960896413396276
cat,0.9078044488038113,0.7628903498772655,0.9570121622289303,0.9814336745992683,0.9463146274852758,0.8931926214814722,0.8499496811201305,0.7409832150523648,0.9604192193514813,1.0
