,airplane,automobile,deer,dog,frog,horse,ship,truck,bird,cat
bird,0.8912247554374435,0.7927184977545736,0.9760150544370432,0.9750337062004766,0.9764741115543853,0.8534375369539402,0.8008959829183353,0.7506681786577566,1.0,0.9835321760860457
cat,0.8623045079778627,0.7943033328392177,0.9745160016163237,0.9936065068975969,0.9842200618354301,0.859435457482251,0.7883395480691956,0.7583469439726328,0.9849276393094893,1.0
