,airplane,automobile,deer,dog,frog,horse,ship,truck,bird,cat
bird,0.9554052435767066,0.6941042502993713,0.975305585702347,0.9577050662554616,0.9670959098973034,0.9083322459270717,0.8756746213819239,0.6878360400050865,1.0,0.9785410369547279
cat,0.9271307555929885,0.6962530078829325,0.9645066729244494,0.9881734990061505,0.9657678187430494,0.9174863135756944,0.8602461557022559,0.7010803358089506,0.9793554407635287,1.0
