,airplane,automobile,deer,dog,frog,horse,ship,truck,bird,cat
bird,0.9448545645545583,0.7391938327257961,0.9623781724003364,0.9467510196085637,0.950446235341329,0.8991996935988613,0.8643434852130879,0.7261979743160106,1.0,0.9666350222414567
cat,0.9134122593794434,0.7411148117527375,0.9575501973403564,0.981456337376296,0.9506096028644516,0.9131200265494472,0.849801691180182,0.7266229727605324,0.9663121007965532,1.0
