,airplane,automobile,deer,dog,frog,horse,ship,truck,bird,cat
bird,0.9541009866022577,0.7228407193957682,0.9685268473985836,0.9336274524177727,0.9547735466240872,0.9019168410354678,0.8580207864580855,0.7334011589967331,1.0,0.9727916610712444
cat,0.9216994231464387,0.7241308547434016,0.9531627329558683,0.9795024767336391,0.9515907223344736,0.9096773635883525,0.8420009587538864,0.7439539061285572,0.9742815616153827,1.0
