,airplane,automobile,deer,dog,frog,horse,ship,truck,bird,cat
bird,0.8967303542181246,0.7831117994334297,0.9745577361486486,0.9693750958665155,0.9656996190815326,0.895143721283679,0.7928738022477868,0.7443611504398295,1.0,0.9781467212804537
cat,0.8654929337584367,0.7832625483902279,0.9735497975161828,0.9921941780220579,0.9732507616678554,0.9025449739861368,0.7790638702265467,0.7511042669036015,0.9795366695289544,1.0
