,airplane,automobile,deer,dog,frog,horse,ship,truck,bird,cat
bird,0.8929592849354866,0.799033121170057,0.9729279618248581,0.9743369560969497,0.972706451825891,0.8571302761733031,0.7957776758583583,0.7528367140168001,1.0,0.9822915580982963
cat,0.8639914053229036,0.7998586114925768,0.9710432762065297,0.9934538014746064,0.9801930286538831,0.8613050531439399,0.785065447303319,0.7614698394508308,0.9836195369514106,1.0
