,airplane,automobile,deer,dog,frog,horse,ship,truck,bird,cat
bird,0.9072333191020135,0.7439954639417743,0.9909697315612253,0.987829960436625,0.991894819606829,0.8692247984703501,0.7847712676548243,0.7300497639978637,1.0,0.9940308752284949
cat,0.8923713093982929,0.7512530052501369,0.987211489420351,0.997346160575347,0.9922703150629335,0.8667221160050496,0.7784698733985592,0.7401161457628819,0.9942395851264481,1.0
