,airplane,automobile,deer,dog,frog,horse,ship,truck,bird,cat
bird,0.8907944498944399,0.7664157916907507,0.9827463884167094,0.9834010670826894,0.9822553209607895,0.8740056059386927,0.7936746619035695,0.7393136960687613,1.0,0.9873930180435974
cat,0.868491111426679,0.7716833726511056,0.9778989842564106,0.9966536623356953,0.9886400109902266,0.8707328802516016,0.7883872291181494,0.7489406043043005,0.9885721446658313,1.0
