,airplane,automobile,deer,dog
deer,0.8006095961051036,0.35186857959904705,1.0,0.8475218242958493
dog,0.7380792064970326,0.40891717384771353,0.853003619655254,1.0
