,airplane,automobile,deer,dog,frog,horse,ship,truck,bird,cat
bird,0.9473991584147958,0.7178120250383709,0.9844092156913098,0.9793768271628648,0.9825555693813426,0.905662149696685,0.8317418399382328,0.6644924168549892,1.0,0.9865507978214091
cat,0.9322555854535423,0.7178694056808057,0.9827500102790542,0.9942479247674453,0.9825413369754735,0.9115305796682566,0.823271553975816,0.6692288903504093,0.9863047128491971,1.0
