,airplane,automobile,deer,dog,frog,horse,ship,truck,bird,cat
bird,0.9482370006679519,0.7746363392090537,0.9597028684632063,0.9373133689159907,0.9341173398797686,0.8914598168554592,0.8670189658280774,0.724541741468762,1.0,0.96297255871173
cat,0.9096326732260798,0.7729720201325865,0.9546186468938548,0.9805031116384612,0.9366384632565584,0.9053277251005978,0.8457605592272325,0.7327595132367567,0.9617872872878724,1.0
