,airplane,automobile,deer,dog
deer,0.6570870247351962,0.41742064257356537,1.0,0.9254923326912384
dog,0.6606014069807201,0.40844652393174075,0.9309520690875391,1.0
