,airplane,automobile,deer,dog,frog,horse,ship,truck,bird,cat
bird,0.9497977667652413,0.7194092027664869,0.9821082570391229,0.9766065931313428,0.9805907584925262,0.8947312152086127,0.8268556536536044,0.6851700311981168,1.0,0.9847305217449461
cat,0.9328824087867238,0.7189836931484662,0.9797359200140642,0.9937669207763253,0.9803217653487978,0.9001843834974076,0.8180027729422579,0.6915920447236044,0.9845300907623529,1.0
