,airplane,automobile,deer,dog,frog,horse,ship,truck,bird,cat
bird,0.8900051366421897,0.7692572565892386,0.9882765709317264,0.9867007144633989,0.9870507809223761,0.8709746167589218,0.7854944387822564,0.7315092334056663,1.0,0.9907312515042258
cat,0.8697295861619023,0.7740574790546002,0.984715882844614,0.9977383634039896,0.9905601877305565,0.8704314111811309,0.7792763962223643,0.7420224694960293,0.9914682239048129,1.0
