,airplane,automobile,deer,dog,frog,horse,ship,truck,bird,cat
bird,0.940048434177634,0.754605787255526,0.9552028764118845,0.9433025245248545,0.9396403828807929,0.8974608327968574,0.8525800478978817,0.7574476810228901,1.0,0.959711433031679
cat,0.9065411785802289,0.7525966388082583,0.9501729510132758,0.9848206353157388,0.9392040330216501,0.9117207519629523,0.835663799496132,0.7610661463954327,0.958213865406331,1.0
