,airplane,automobile,deer,dog,frog,horse,ship,truck,bird,cat
bird,0.884053386940227,0.79454095034639,0.9725393714297969,0.9648613875658926,0.9584580850206675,0.9033569392485438,0.7787233783754276,0.7699678457314174,1.0,0.9734986553416372
cat,0.8485392024171355,0.7939157408177708,0.9717196238009809,0.9915557558427217,0.9697150132434484,0.9104340439226253,0.7633208917187725,0.7749542090955717,0.9758455191409732,1.0
