,airplane,automobile,deer,dog,frog,horse,ship,truck,bird,cat
bird,0.9490300064481029,0.722594521259903,0.9715115118200797,0.9416800840680405,0.953941210935127,0.9023579905938871,0.8720720984782728,0.7168416340869601,1.0,0.9699709423096271
cat,0.91220594093782,0.720300765116969,0.9667608613346202,0.9802882552196857,0.9538168493249317,0.9150223347990798,0.8494013199965398,0.7323451091583293,0.9698585641120245,1.0
