,airplane,automobile,deer,dog,frog,horse,ship,truck,bird,cat
bird,0.9458549722278197,0.7209289849580724,0.9860464492479036,0.9806273736251259,0.9856407453010764,0.8832091779781804,0.8359252620357425,0.6723342608563665,1.0,0.9894327737697125
cat,0.9305652235965831,0.7220188929144878,0.9835411421351179,0.994871516953019,0.9836248685722012,0.8894405586319977,0.8262998319044873,0.6804425846384652,0.9891953806536408,1.0
