,airplane,automobile,deer,dog,frog,horse,ship,truck,bird,cat
bird,0.96175487065764,0.6507232329234149,0.9841048082844105,0.9675160851196616,0.979055179309581,0.9378077026128885,0.8752918391181168,0.6599377717903894,1.0,0.9838085101838974
cat,0.9423824359279148,0.6548710396791362,0.9732815373944834,0.991911489324068,0.9748474374294044,0.9438984284978166,0.8628854605193561,0.6720850627952504,0.98383710843257,1.0
