,airplane,automobile,deer,dog,frog,horse,ship,truck,bird,cat
bird,0.9517799613491754,0.7588349838314352,0.9612892213271066,0.9319651010832161,0.9344225965583668,0.8839035846294744,0.8894599158327676,0.7269749745998026,1.0,0.9613696607886553
cat,0.9122896078669822,0.7543364426732482,0.9560189019159089,0.9791637676507704,0.9380757445569938,0.899525538253387,0.865306823868088,0.7349324869868243,0.9603506862277972,1.0
