,airplane,automobile,deer,dog,frog,horse,ship,truck,bird,cat
bird,0.9033326995378421,0.7785961876929537,0.9826612084187525,0.9812905401175817,0.982522291961968,0.8729337821356548,0.7934224839279367,0.7187654662805023,1.0,0.9864753399268082
cat,0.880497672783979,0.7832540132184003,0.9791921036832194,0.9958003393732152,0.9866474930422965,0.8742098826429542,0.7847982205969763,0.7281886683275236,0.9874116063314355,1.0
