,airplane,automobile,deer,dog,frog,horse,ship,truck,bird,cat
bird,0.9448134753141328,0.7532609573419419,0.9638009281622907,0.9357875548100278,0.9399242637341706,0.8916621687098314,0.8645336594444084,0.7432359136019197,1.0,0.9629810788812765
cat,0.9060257795599469,0.7472019472046194,0.9597275609721521,0.9784492443742551,0.9426682240991537,0.9061769875110575,0.8437967604551155,0.7537960064540483,0.9621574893696514,1.0
