,airplane,automobile,deer,dog,frog,horse,ship,truck,bird,cat
bird,0.9411326305007871,0.7040814872642607,0.9877294699695816,0.9810170907247673,0.9856978126494351,0.9097428650487199,0.8316129420901734,0.6703187960061411,1.0,0.9886669057461338
cat,0.9256130585823403,0.7050844458203607,0.985110353496827,0.9953237143053796,0.9842798559004478,0.9150862706615154,0.8242504706455321,0.6768335328498999,0.9884182977376973,1.0
