,airplane,automobile,deer,dog
deer,0.827324636395386,0.28909249607029497,1.0,0.883582867534319
dog,0.767206488608065,0.34831872609481573,0.8844747852971193,1.0
