,airplane,automobile,deer,dog,frog,horse,ship,truck,bird,cat
bird,0.9557308081079385,0.7416249102612853,0.9706811863989518,0.9351488132537112,0.9622889504124632,0.8902909402061074,0.8584637876461078,0.7183006387923181,1.0,0.9674699649211167
cat,0.9157534269268754,0.7444819991510747,0.9601570495898658,0.982531399110506,0.9591897155406276,0.9079013155711515,0.829797144104453,0.7321787101732344,0.9680092398322113,1.0
