,airplane,automobile,deer,dog
deer,0.8084736297504209,0.3190438364897593,1.0,0.8724825337598197
dog,0.757674999280306,0.36727243420762845,0.8750525665120655,1.0
