,airplane,automobile,deer,dog,frog,horse,ship,truck,bird,cat
bird,0.9442427011699119,0.7355234157305071,0.957438036650873,0.9409052421470857,0.940927674992743,0.8925805431348873,0.8513999135779939,0.7729523941448618,1.0,0.9640300784511361
cat,0.9092274995259667,0.7369677110093372,0.9499799507231445,0.9831978865038554,0.9412452338813846,0.902761784354556,0.8352697345969323,0.777183442547024,0.9641667568577993,1.0
