,airplane,automobile,deer,dog,frog,horse,ship,truck,bird,cat
bird,0.9606508417440649,0.6709125897732786,0.9801690956560665,0.9541297481558598,0.9744776322801846,0.908148248410738,0.9030465748074659,0.6677453118583169,1.0,0.9807199573140247
cat,0.9338491703954364,0.6783070967314011,0.971724442782657,0.9874743520099061,0.9671184256001869,0.9133140471154605,0.8819893545696164,0.6861639333291013,0.9800591774662344,1.0
