,airplane,automobile,deer,dog,frog,horse,ship,truck,bird,cat
bird,0.8844645303406176,0.7881316146138881,0.9770058897965856,0.9705250525938176,0.9636157565052155,0.9007786148459486,0.779724096147047,0.758608720671671,1.0,0.9771457244852092
cat,0.8530003123036323,0.7902358377718256,0.9730804478113845,0.9928329464381553,0.9742359311948479,0.9026728484853078,0.7669428366649743,0.7678642694951822,0.97913456983469,1.0
