,airplane,automobile,deer,dog,frog,horse,ship,truck,bird,cat
bird,0.9606508678768786,0.7099190713934114,0.9709711626124203,0.9419088471210161,0.9563389674205999,0.890555022180731,0.8942665144916648,0.7063433256880647,1.0,0.9690462212152132
cat,0.9247861611460919,0.7094964386210691,0.9622278699217454,0.9838586963421366,0.9493351257745428,0.9049374824367181,0.869771631872926,0.7277234795730669,0.9678631143117029,1.0
