,airplane,automobile,deer,dog,frog,horse,ship,truck,bird,cat
bird,0.9471056343432578,0.7480856141001739,0.9647705772425221,0.936477262918372,0.93674505492431,0.9050733151750217,0.8817964498954947,0.7202326463570998,1.0,0.9597134450437481
cat,0.9072001092551825,0.7465388282365115,0.9574208244387011,0.981322300827772,0.9396004780300801,0.9185121127378295,0.8577945833032248,0.7322695789895393,0.9593411841811595,1.0
