,airplane,automobile,deer,dog,frog,horse,ship,truck,bird,cat
bird,0.9459774985588719,0.7356913393339375,0.964247332243252,0.9467253492154452,0.9484249104229101,0.8987499440232931,0.8624162487026235,0.731539289682316,1.0,0.9662280878173509
cat,0.9142452198207285,0.7371830112031521,0.9592543635298673,0.9819193572461941,0.9481730488538954,0.9137912310066759,0.8476382837290802,0.731920148216396,0.9658753363940105,1.0
