,airplane,automobile,deer,dog,frog,horse,ship,truck,bird,cat
bird,0.9501012397599942,0.7154302120005664,0.9672839458354858,0.9523733412667179,0.9574564642613281,0.9031632370734319,0.8622215727490032,0.7202874323484261,1.0,0.9716825547050462
cat,0.9220437315490669,0.7169113637514928,0.9618153868532076,0.9824097819760936,0.957130531264173,0.9166410202585564,0.8491738261635771,0.7227742366096903,0.9711001215741424,1.0
