,airplane,automobile,deer,dog,frog,horse,ship,truck,bird,cat
bird,0.9463565631849831,0.7279732960324243,0.9805837767883631,0.9738514540002087,0.9788738061589113,0.8925711667896996,0.836059800242163,0.6809188297714868,1.0,0.9828113070317602
cat,0.9270462890534193,0.7276347336897514,0.9785958248234,0.9929614186750629,0.9784883114313938,0.9004613337995511,0.8258157489310647,0.6864694091852002,0.9825269304111566,1.0
