,airplane,automobile,deer,dog,frog,horse,ship,truck,bird,cat
bird,0.9411312985256509,0.72515887989474,0.9835158399239828,0.9771644418200418,0.9811832436003507,0.8974941235355113,0.8164059062862281,0.6925463698657539,1.0,0.9853998965477403
cat,0.9222238377913867,0.7261755077893448,0.9792640466065106,0.9946360142185475,0.9800711558437496,0.9017744687090644,0.8074456836001094,0.7030935387227973,0.9853157467184896,1.0
