,airplane,automobile,deer,dog,frog,horse,ship,truck,bird,cat
bird,0.9618036051700793,0.6984122816394656,0.977436959038446,0.957646733589474,0.9690605498539419,0.9126468208835337,0.8943290110520673,0.6497512393283013,1.0,0.978912799444691
cat,0.9379942118349822,0.7032393606046505,0.9670851434690507,0.9876985640924344,0.9635249749676882,0.9173519657199449,0.8781210694880487,0.6667828235377825,0.9782018862854179,1.0
