,airplane,automobile,deer,dog,frog,horse,ship,truck,bird,cat
bird,0.9460569566900543,0.7042876087461534,0.9848370361958868,0.9818913095478928,0.981883851956464,0.9121197206362088,0.8332820619346268,0.6682471891278026,1.0,0.9873942651649106
cat,0.9315807056168406,0.7031417918968061,0.9836034118225092,0.9949836748664929,0.9827072826142609,0.9175983007239024,0.8254188245712368,0.6738953040943707,0.9870707037935806,1.0
