,airplane,automobile,deer,dog,frog,horse,ship,truck,bird,cat
bird,0.9412594892532865,0.7268076028804662,0.9856595061423404,0.9782222770573594,0.9844740308376191,0.904007330294258,0.8227018438041466,0.6700324144198118,1.0,0.986835505310712
cat,0.9235825167221439,0.7266301461496905,0.9829674212009888,0.994205651389473,0.9839754288759254,0.9108071694215699,0.8131339528308617,0.6779378950525251,0.9867598183568218,1.0
