,airplane,automobile,deer,dog,frog,horse,ship,truck,bird,cat
bird,0.892929809911708,0.7626543137446968,0.9822270694673878,0.9813339626718524,0.9834241174415603,0.8523537536137797,0.7954950516073738,0.7625299155108605,1.0,0.9870520060307808
cat,0.8676757965398257,0.7699311183790694,0.9776582473421799,0.9970675202318915,0.9879711072444765,0.8483003097095595,0.7881700503876321,0.7748117551852922,0.988414094980073,1.0
