,airplane,automobile,deer,dog,frog,horse,ship,truck,bird,cat
bird,0.9505212945378203,0.7614517598100023,0.968201998113817,0.9410857922205866,0.9541232650011183,0.8943957080320328,0.8658167137579681,0.6979281409202055,1.0,0.9664753276064489
cat,0.9133481703952707,0.7620418718014318,0.9609772288805984,0.9821099334615966,0.9506458670039979,0.9094351894044732,0.8402072625478395,0.7155125729818377,0.9657219035229542,1.0
