,airplane,automobile,deer,dog,frog,horse,ship,truck,bird,cat
bird,0.9406134241961613,0.7239084324731472,0.9812681968242085,0.9746921847070144,0.9806648147674647,0.8971035951112164,0.8208915068952776,0.6977138623165764,1.0,0.9831439827089337
cat,0.9204941860575905,0.7240316574309731,0.9795648329382276,0.9932418596757875,0.9807864976722064,0.9041912980182948,0.8098151750502944,0.7046757716804901,0.9831987214761355,1.0
