,airplane,automobile,deer,dog,frog,horse,ship,truck,bird,cat
bird,0.9461912808354548,0.7794153694153523,0.9584557082761415,0.9316470852294475,0.9403361389840461,0.8871193269594005,0.8696394739053183,0.7283249577561386,1.0,0.9588706586387004
cat,0.9039257529452647,0.7758763673438456,0.952996205369415,0.9794407536871663,0.9480766226259413,0.9012978661889627,0.8450487723385101,0.7348373186931407,0.9585003408077537,1.0
