,airplane,automobile,deer,dog,frog,horse,ship,truck,bird,cat
bird,0.9577625271014737,0.6990295167680812,0.9733515190102221,0.9598247240402586,0.9604113248958854,0.9154320508882001,0.8735544475624295,0.6871272669189421,1.0,0.9735066228145073
cat,0.9336206671232045,0.7026204289748244,0.9663828663984181,0.9863968312846763,0.958728751341844,0.9254877759740477,0.8635109044344788,0.6904622188846499,0.9727895555838565,1.0
