,airplane,automobile,deer,dog,frog,horse,ship,truck,bird,cat
bird,0.9452940730742976,0.7737315103086967,0.9616371022418756,0.9311798162702997,0.9378530632260336,0.8710797949941051,0.8727538311212819,0.7471754445583072,1.0,0.9592953642051025
cat,0.9045933896700981,0.7707680014134077,0.9544990190113404,0.97843745339741,0.9402868017756597,0.8877638782678763,0.8478048474904993,0.7565773720205135,0.9592692369531952,1.0
