,airplane,automobile,deer,dog,frog,horse,ship,truck,bird,cat
bird,0.9409313914017106,0.7569048030527091,0.9582933165245767,0.933707794979851,0.9521243618521888,0.8941140953470849,0.8546527322670169,0.7474931211376705,1.0,0.9617783834371915
cat,0.9061521435704436,0.7512793866124269,0.957264357744899,0.9796236825143565,0.9489470298467664,0.9132532344616944,0.8355033908753106,0.7470468746663748,0.960929899707728,1.0
