,airplane,automobile,deer,dog,frog,horse,ship,truck,bird,cat
bird,0.944669951353641,0.7284103653952132,0.979921051505573,0.974138695620679,0.977692439385919,0.8964499969809872,0.8332154804276205,0.6833659539833012,1.0,0.9821360653470659
cat,0.9248633965590294,0.7284244983215247,0.9779999615231858,0.992926103276295,0.9785315450060187,0.9030369760703754,0.8227601860791747,0.6895255812337651,0.9819317519306312,1.0
