,airplane,automobile,deer,dog,frog,horse,ship,truck,bird,cat
bird,0.9462270615151819,0.7800748010668384,0.9599600396775583,0.9309920367089761,0.9341353582194163,0.8874852881165426,0.8687871476610569,0.7325124022744622,1.0,0.9598258647599671
cat,0.9051355063420211,0.7768967623046761,0.9553131061696244,0.9788074986109784,0.9396878068115152,0.9018867848647221,0.8441196278433051,0.7387849804576234,0.9593679265955344,1.0
