,airplane,automobile,deer,dog,frog,horse,ship,truck,bird,cat
bird,0.9453565487067348,0.7335364979239181,0.9819607825470476,0.9731469804062054,0.980598146670984,0.8902006225392525,0.8396497112535275,0.6712348480303779,1.0,0.9843158619219524
cat,0.9263679467822699,0.7341672602236406,0.9783203630223009,0.9928657423785602,0.9793180946774809,0.8984813649010657,0.8281242636754852,0.6783708348039843,0.9839841295352124,1.0
