,airplane,automobile,deer,dog,frog,horse,ship,truck,bird,cat
bird,0.94190930727305,0.7440054153932757,0.9557005178362694,0.9500563708791128,0.9452716232896191,0.8971377260445189,0.8524175653418439,0.750378764044513,1.0,0.9631227098977972
cat,0.9123073840233275,0.7412995956858653,0.9515964050515695,0.9859125131264936,0.9475240189828662,0.908651045071849,0.8363782821205605,0.7545863152714419,0.9617444406660263,1.0
