,airplane,automobile,deer,dog,frog,horse,ship,truck,bird,cat
bird,0.9496771145732779,0.7249641566350389,0.955816806086872,0.9364677521098401,0.9356879326751132,0.9070549403112268,0.8482162683276611,0.7807921263413344,1.0,0.9613229029396357
cat,0.9165228433527474,0.725974630406903,0.9448220542777149,0.9816288818505805,0.9413620849683987,0.9157749675164633,0.8334305054666118,0.7793512358082183,0.9611327963523622,1.0
