,airplane,automobile,deer,dog
deer,0.8234424659534912,0.2611313892895678,1.0,0.915426144756941
dog,0.7769645729806558,0.3095944189465587,0.9134410080727855,1.0
