,airplane,automobile,deer,dog,frog,horse,ship,truck,bird,cat
bird,0.9465574926210403,0.7107924102317478,0.9840243300952791,0.9786257925027756,0.9830223945586843,0.9095576263828071,0.8319807158757195,0.6692471786576847,1.0,0.9861920590742616
cat,0.9308268776344469,0.710929271354072,0.9822797191197815,0.9941010658041922,0.9828814882485367,0.9151444285302122,0.8236481663847258,0.674209074354913,0.9859799085691199,1.0
