,airplane,automobile,deer,dog,frog,horse,ship,truck,bird,cat
bird,0.9464802267678425,0.7207583323694489,0.9797568569890674,0.9769216839594583,0.9787614826023604,0.8914138779062393,0.8405940093458922,0.6817186637441244,1.0,0.9835948663155666
cat,0.9276448963448797,0.7218868731835455,0.9775537053965463,0.9936394810650487,0.9803885009095128,0.8959470048759747,0.8314009483837557,0.6880697788201071,0.9834688110206293,1.0
