,airplane,automobile,deer,dog,frog,horse,ship,truck,bird,cat
bird,0.8934155844459726,0.7746087347707749,0.9860484149822083,0.9842425773332885,0.9853495609511858,0.8623837721645505,0.7696034475674852,0.7549061567011509,1.0,0.9894417510833834
cat,0.8727654300193453,0.7795346321026984,0.9816212345584153,0.9968305953741441,0.9904078424182732,0.8592176537385389,0.765330525278155,0.7638104480715775,0.9904816384388525,1.0
