,airplane,automobile,deer,dog,frog,horse,ship,truck,bird,cat
bird,0.9459221677598992,0.7699777986531369,0.9593956750471,0.9331927822663784,0.9401829933349567,0.8879896106574479,0.8722313621477606,0.7303623939033361,1.0,0.9607452162299843
cat,0.9062443074348723,0.7665039392783135,0.9543637621940274,0.9793086772245937,0.9438734098640782,0.9035882530135445,0.8497597955024057,0.735920341320261,0.9604375141679038,1.0
