,airplane,automobile,deer,dog
deer,0.8199590885796311,0.3168651079942084,1.0,0.8631758034261604
dog,0.7660103701815462,0.3693817900419498,0.864607839776504,1.0
