,airplane,automobile,deer,dog,frog,horse,ship,truck,bird,cat
bird,0.9486402668188724,0.7017304751447793,0.9778534380717506,0.9551570581614399,0.9636570508471839,0.9193440276731231,0.8862541385147545,0.6726698491086809,1.0,0.9746936956594155
cat,0.9178303292703944,0.7004961139233261,0.9684024558106001,0.9876700326644725,0.9609669191384386,0.9275332379128282,0.8686040971782324,0.6940095230080556,0.9744872910936522,1.0
