,airplane,automobile,deer,dog,frog,horse,ship,truck,bird,cat
bird,0.8956016776498474,0.7614234491057027,0.9849054425212751,0.9854301462097108,0.9856907404094153,0.8828581309118803,0.7823310986044708,0.7322365659303741,1.0,0.9895227486573234
cat,0.8756706276806294,0.7667194478402745,0.9808541535992725,0.9972402643772891,0.9900116720729489,0.8793743395086971,0.777788710246336,0.741927825763876,0.9904129589106765,1.0
