,airplane,automobile,deer,dog,frog,horse,ship,truck,bird,cat
bird,0.9475224081060218,0.7593557279383558,0.9623239308438365,0.9366918463037489,0.9413281004115782,0.8909071152015677,0.8795860899695664,0.7210139556605317,1.0,0.9612708255647927
cat,0.9079290939760891,0.7561453428813321,0.9593850044070881,0.9810901238014073,0.9449346041550428,0.9059676788097574,0.8554549739037305,0.7288566678912007,0.9602365101743519,1.0
