,airplane,automobile,deer,dog,frog,horse,ship,truck,bird,cat
bird,0.8834382554741196,0.7871392707327775,0.9735927098638631,0.9740583705368075,0.9712560380086321,0.8719809055385825,0.7950850848619024,0.7629744806412626,1.0,0.9804748843420524
cat,0.8543003262524268,0.7907334661375173,0.9694181841490372,0.9937171325229781,0.9823783674569612,0.8701660162415961,0.7856061037565945,0.7709914805442866,0.9826889229386024,1.0
