,airplane,automobile,deer,dog,frog,horse,ship,truck,bird,cat
bird,0.9422075988367837,0.7193940916421002,0.984298992500316,0.9782078769417438,0.9828909648328931,0.9023969292554218,0.8257715956958336,0.6784552669696707,1.0,0.986376683325237
cat,0.9261435776273317,0.719865394177263,0.9819733397414329,0.993820832965652,0.9831426010863414,0.9074641220079666,0.8173940930673909,0.6839122374368369,0.9862838018897845,1.0
