,airplane,automobile,deer,dog,frog,horse,ship,truck,bird,cat
bird,0.9484023394528011,0.7249254230104033,0.9571068837373647,0.9419590803543845,0.9424295146948798,0.908252536935566,0.8440930614528116,0.7696184006070508,1.0,0.9632127597547384
cat,0.9143479627927669,0.7299022239535263,0.9448262764977885,0.9835674070621714,0.9480191922551332,0.9156343423812106,0.8280735640423322,0.7722557752459858,0.9633732557690851,1.0
