,airplane,automobile,deer,dog,frog,horse,ship,truck,bird,cat
bird,0.9469757121303496,0.770735593926671,0.9674044605427297,0.9293539033191086,0.9489740861872246,0.8697250552817603,0.8762869933423229,0.7271054571289834,1.0,0.96343873814085
cat,0.9081625377814732,0.765253087588049,0.9600070131467509,0.9756901999784954,0.9466358640216437,0.8869010997602979,0.8536722954422745,0.7409295393547861,0.9627483629262292,1.0
