,airplane,automobile,deer,dog,frog,horse,ship,truck,bird,cat
bird,0.888205232463649,0.7745279232756886,0.976264874343284,0.9791716345944818,0.9751973814104178,0.8705515693587742,0.7984434498430819,0.7535447449289792,1.0,0.9840931897816435
cat,0.8630101097215841,0.7791403635121992,0.9720956018876468,0.9948407107679703,0.9852693029252968,0.8672913353061025,0.7908202566842429,0.761719493589476,0.9858128256054812,1.0
