,airplane,automobile,deer,dog,frog,horse,ship,truck,bird,cat
bird,0.9411543077022158,0.7629153056924307,0.9597942367962164,0.9360344223810667,0.9534343583983602,0.896445844659229,0.8581375117167456,0.7297568280888281,1.0,0.9623271845649071
cat,0.9073090561033447,0.7569611354172924,0.9596264367654167,0.9795934540894923,0.9479549242021683,0.9175408533368616,0.8402099233608655,0.7296205414473766,0.961183675277182,1.0
