,airplane,automobile,deer,dog,frog,horse,ship,truck,bird,cat
bird,0.8880321826129357,0.7941399861117575,0.9721391093023098,0.966029374364954,0.9570985151888791,0.9003083471853053,0.7838981232512863,0.7642827125651533,1.0,0.9740716494174192
cat,0.8536365961070553,0.7936494205863427,0.9716376031353783,0.9911732349375503,0.9685521542929338,0.906761345955122,0.7683414641621296,0.7701517771007735,0.9760964037227143,1.0
