,airplane,automobile,deer,dog,frog,horse,ship,truck,bird,cat
bird,0.9455429868516283,0.7642945731794498,0.9631167005267994,0.9318409382858903,0.9344416846496668,0.8929617197622365,0.8786764567338439,0.7300879421351945,1.0,0.9590369978752905
cat,0.9031910442041021,0.7619240122752238,0.9581692642296112,0.980253661141922,0.9394730681969913,0.9061800712535064,0.8525852720778884,0.7395192427485283,0.9587043638722264,1.0
