,airplane,automobile,deer,dog,frog,horse,ship,truck,bird,cat
bird,0.8996753986805582,0.7683089293026526,0.9848148372430339,0.9859043238986138,0.9874623541269307,0.8502400013190401,0.7955517825258609,0.7379196731207983,1.0,0.9901226997825116
cat,0.8780476239189208,0.7750324188964417,0.9804514751419263,0.9976602516888464,0.9919237931946794,0.8478458189520031,0.788506246085886,0.7494532849227349,0.9910790871985616,1.0
