,airplane,automobile,deer,dog,frog,horse,ship,truck,bird,cat
bird,0.9417582117292255,0.7201533392192012,0.9855129240966132,0.981363445086054,0.9846935773104241,0.9012337715570918,0.8247726030663284,0.671658948015307,1.0,0.9888531799197547
cat,0.9284390217293327,0.7198403524820373,0.9835299060880341,0.9942626191860642,0.9837065238263221,0.905663467824095,0.8184886626505127,0.6773989653910981,0.9886704808225039,1.0
