,airplane,automobile,deer,dog,frog,horse,ship,truck,bird,cat
bird,0.9517772402611825,0.7597173194669289,0.9682603219354172,0.935666223331472,0.9541347329424571,0.8802838250304147,0.8775632551738455,0.7063013944394099,1.0,0.9662956874188724
cat,0.9142048740435615,0.7610790274195681,0.958340474923482,0.9810917120659682,0.9484110653040912,0.8966758040769812,0.85149401022707,0.7228036858846466,0.9658993460546309,1.0
