,airplane,automobile,deer,dog,frog,horse,ship,truck,bird,cat
bird,0.9372776271818152,0.780113429882913,0.9492128455654628,0.9237674381444787,0.9249014876054935,0.8921154501482925,0.8508144890164375,0.7844364947168008,1.0,0.957360737738306
cat,0.9005585905754622,0.7768643172896603,0.9458190805036252,0.9721397939330719,0.929378011471871,0.9034474161455469,0.8338727493702408,0.783109134350088,0.9548109063604335,1.0
