,airplane,automobile,deer,dog,frog,horse,ship,truck,bird,cat
bird,0.9468450524172624,0.7594419219176112,0.9574595969656122,0.9348003062600926,0.9485349566289017,0.8908840330048508,0.8673883920667488,0.7342425851375474,1.0,0.9604031556013728
cat,0.9091165817342682,0.7535399697043914,0.9578582032303747,0.9806313626493784,0.944721993878139,0.9137817129813237,0.8431845296831277,0.7372714869446073,0.9598941591943895,1.0
