,airplane,automobile,deer,dog
deer,0.7937469870081101,0.35100782431597977,1.0,0.85524518867591
dog,0.738730380803401,0.4007904615785939,0.8604791576180051,1.0
