,airplane,automobile,deer,dog
deer,0.8059821770887435,0.3594082496713593,1.0,0.8346095732398973
dog,0.7369538344416291,0.41810405405423046,0.8449421115041404,1.0
