,airplane,automobile,deer,dog,frog,horse,ship,truck,bird,cat
bird,0.9485116887208511,0.7240956231767612,0.9832419192126319,0.97855637949061,0.9814063522395549,0.8964606616291357,0.8400166415423972,0.6620335160960792,1.0,0.9856772178919788
cat,0.931381713049373,0.7245212926853735,0.9816934663347088,0.9940162740725806,0.9823701777603261,0.9026888212914719,0.8307610231408277,0.6671749201732347,0.9853923114921039,1.0
