,airplane,automobile,deer,dog
deer,0.8207582492607522,0.28766097218271136,1.0,0.8915807785565364
dog,0.7739537508602364,0.33662247362180464,0.889423775517959,1.0
