,airplane,automobile,deer,dog,frog,horse,ship,truck,bird,cat
bird,0.9577090702365256,0.7076404620369939,0.9743362089229852,0.9543666751880807,0.955459688796432,0.9190091015658155,0.8670472575463922,0.6922055394912634,1.0,0.9722259962155113
cat,0.9256156358126018,0.7117184373695693,0.9629267568541315,0.9888884405274564,0.9565878153413703,0.9259800023571334,0.8505289592101525,0.7050944306898351,0.9726595218377496,1.0
