,airplane,automobile,deer,dog,frog,horse,ship,truck,bird,cat
bird,0.9478283921951941,0.7827905618329559,0.9623182386753897,0.9361043763322232,0.9300483592978509,0.8824401756288173,0.8670890711445451,0.7303865726034281,1.0,0.9609942522895957
cat,0.9086824038549624,0.7797341382888537,0.957268711428226,0.979837223012251,0.9356129044504209,0.8969144953510022,0.8436151563073551,0.738277650047937,0.9600573172589915,1.0
