,airplane,automobile,deer,dog,frog,horse,ship,truck,bird,cat
bird,0.9377043697054376,0.7286665843591791,0.9812468668547112,0.9755281592728282,0.978623605350329,0.8970041936231493,0.8213185527679512,0.6969445894962626,1.0,0.9829630785701517
cat,0.9183895810157564,0.7286884105968395,0.9782691190213137,0.9934038806427453,0.9788769962818625,0.9031747585878388,0.8121609882118876,0.7039726574965317,0.9830636081452242,1.0
