,airplane,automobile,deer,dog,frog,horse,ship,truck,bird,cat
bird,0.8959515517671235,0.7821460819677735,0.9795392050694609,0.9804102784840116,0.9802229267715036,0.8723760091505437,0.786219140150318,0.7377605494786726,1.0,0.9853742571605926
cat,0.8716036371983402,0.7861706262643844,0.9753889767385888,0.9957246421212866,0.9863722458636659,0.8745164119717634,0.7765674344168453,0.7470395283422024,0.9866164970829229,1.0
