,airplane,automobile,deer,dog,frog,horse,ship,truck,bird,cat
bird,0.892952570187999,0.7868517482214492,0.9742290025126096,0.9696736193834669,0.9643559278088679,0.896742344111631,0.7866702064184616,0.7510327984200975,1.0,0.9774917829354173
cat,0.8604661967261912,0.7875230120766591,0.9734002793804731,0.9922089343947491,0.974288522676482,0.9017207355205519,0.7728221205495756,0.7583575382429082,0.9792126604324096,1.0
