,airplane,automobile,deer,dog,frog,horse,ship,truck,bird,cat
bird,0.9597210980818546,0.6073524185822677,0.988906234713542,0.9795378928537793,0.9845560878982321,0.9521377641515948,0.8613780159788066,0.6751563213817158,1.0,0.9912541663582072
cat,0.9449969018071245,0.6144438640178955,0.9809453414543113,0.995124958408679,0.9801063607533624,0.9537973787636383,0.8549433538787475,0.684218437864938,0.9914234030513036,1.0
