,airplane,automobile,deer,dog,frog,horse,ship,truck,bird,cat
bird,0.9529223846198469,0.7481893595090259,0.9623901574153894,0.9286961812816508,0.9400284376685367,0.898550555390757,0.860906894627368,0.7450199248603132,1.0,0.9632961046271121
cat,0.9111188394900659,0.7503746158068402,0.9466581521505028,0.980784732900155,0.9436896714500603,0.9107563839353255,0.8378687810408136,0.7544332215476761,0.9643156016785606,1.0
