,airplane,automobile,deer,dog,frog,horse,ship,truck,bird,cat
bird,0.9508323503238817,0.7526389894581768,0.9648089149512726,0.9331816713341912,0.9436818632245413,0.8830409073945725,0.8835094385931852,0.7239918617776024,1.0,0.9643140029425762
cat,0.9154061146551172,0.7460501970201273,0.9606272405595185,0.977918174616094,0.9420902038520915,0.8993962328247591,0.8620729447734237,0.7331923484358327,0.9632465432630362,1.0
