,airplane,automobile,deer,dog,frog,horse,ship,truck,bird,cat
bird,0.8926889720973621,0.7875526904849787,0.9739793072645072,0.9703471134632539,0.9647942862910143,0.894871451900417,0.7872364413681974,0.750591386879516,1.0,0.9779383502507535
cat,0.8616059510502221,0.7876510798413723,0.9729071945519706,0.9923387134132928,0.9743655384516636,0.900084464017402,0.7739895718506254,0.7574934426484736,0.9795640441749772,1.0
