,airplane,automobile,deer,dog
deer,0.8161546641731623,0.27113721173001804,1.0,0.9127081240968196
dog,0.7682061925056479,0.31992176633324065,0.9118720411611115,1.0
