,airplane,automobile,deer,dog,frog,horse,ship,truck,bird,cat
bird,0.9422068402910526,0.7504970182121173,0.9617036454215763,0.9425544924840414,0.9413246705557003,0.9001855522415142,0.8440823302099885,0.7539694079844028,1.0,0.9634760425996065
cat,0.9068982258923441,0.752803775391071,0.9521529562113064,0.9831849788450996,0.943293394931028,0.910090745179665,0.8284509290780893,0.7595853609271719,0.9635396335442247,1.0
