,airplane,automobile,deer,dog,frog,horse,ship,truck,bird,cat
bird,0.9419674964174378,0.7760874222053206,0.95290733717011,0.9290819355475923,0.950311758315004,0.8810220548618459,0.8603860946316866,0.750096526615051,1.0,0.9581393742359517
cat,0.9078065973834851,0.7711707235428886,0.9497930987340125,0.9761990718000962,0.9427742127250897,0.9012995995388673,0.8421542808962417,0.7523744698806831,0.9564279454986357,1.0
