,airplane,automobile,deer,dog,frog,horse,ship,truck,bird,cat
bird,0.9402024944640015,0.750311115314361,0.9547306427141544,0.934503188223712,0.937209439062129,0.8952931558151128,0.8639165744024969,0.7616027743347847,1.0,0.9622306156692475
cat,0.9062458720618336,0.7496199261914873,0.9481399835439303,0.978694636968688,0.9363281333477407,0.9080188575602859,0.8480467873291273,0.763227175530641,0.9616786274662659,1.0
