,airplane,automobile,deer,dog,frog,horse,ship,truck,bird,cat
bird,0.9491516327583267,0.7264109496351737,0.9844132312453885,0.9766079593602812,0.9844711531728023,0.8960585534444182,0.8419361121262361,0.6546627976328678,1.0,0.9862876106245054
cat,0.9301572951621333,0.727985948403367,0.9818375833473082,0.9940087278757548,0.9847368161728058,0.9044900922222682,0.8289934371604806,0.661684179900762,0.9861059197551201,1.0
