,airplane,automobile,deer,dog,frog,horse,ship,truck,bird,cat
bird,0.9411775688836455,0.7576322642258994,0.9506556721215152,0.9318802190090401,0.9373731480435756,0.8919445225299387,0.8566014320766929,0.7721817930580992,1.0,0.9605533800515934
cat,0.9026383893741318,0.7536079043137492,0.947096251299515,0.9785738169218706,0.9448126970146397,0.9059115751112913,0.8371941697841436,0.7713119888590247,0.9588532073216339,1.0
