,airplane,automobile,deer,dog,frog,horse,ship,truck,bird,cat
bird,0.9383268758477673,0.7587949916931706,0.9568930191496964,0.9419068966324241,0.9455110196232677,0.8999595568270589,0.8372214524277358,0.7565818868136542,1.0,0.964804300985225
cat,0.9052603545291062,0.7607786039553406,0.9490824095074665,0.9793460020887932,0.9502452753464694,0.9096986590804567,0.820444526247367,0.7618746806078649,0.9632694886371356,1.0
