,airplane,automobile,deer,dog,frog,horse,ship,truck,bird,cat
bird,0.9461933781395343,0.7762463353213926,0.9599811086019597,0.9323442175306607,0.9343842464885712,0.8911141428829933,0.8702043412499987,0.7287744531122875,1.0,0.9607577766726019
cat,0.9054878552237762,0.7742506299806329,0.9556641757944615,0.9793210275928949,0.9376218242842946,0.9069864599520537,0.8454251451784549,0.735180619301048,0.9600622626923832,1.0
