,airplane,automobile,deer,dog,frog,horse,ship,truck,bird,cat
bird,0.9041047749466584,0.7382113687770187,0.9929110222732317,0.9902062507477432,0.9920365064590143,0.8795398697483336,0.805730974841939,0.7019695210503802,1.0,0.995289711155681
cat,0.8921967629187986,0.7438959894303316,0.9896494770461103,0.9977078560574244,0.9922154273823639,0.8755380223500219,0.8012249515894775,0.7120862147526765,0.9954852984727952,1.0
