,airplane,automobile,deer,dog,frog,horse,ship,truck,bird,cat
bird,0.9482343257910678,0.6899021114618817,0.9869488854899481,0.9762323616859325,0.9832802164272102,0.8998576876894393,0.842598767478782,0.6866918489099411,1.0,0.9862537950657971
cat,0.9308500680959205,0.6910045836976277,0.9816875689410189,0.9947344589795424,0.9807700321481562,0.9027127859768151,0.8346171451897421,0.6976770118029232,0.9859463451682539,1.0
