,airplane,automobile,deer,dog,frog,horse,ship,truck,bird,cat
bird,0.9434450617970677,0.7211647533095573,0.9842018194351738,0.9768719962340084,0.9787014322641248,0.9064046625874012,0.8264937145025117,0.6785134355590682,1.0,0.9842031243110869
cat,0.9251139098185528,0.7221252776815279,0.9805265164141816,0.9939630092364845,0.9797739549225165,0.9107731314414007,0.8164701147467691,0.687180320832607,0.9840737649059599,1.0
