,airplane,automobile,deer,dog,frog,horse,ship,truck,bird,cat
bird,0.956566434647818,0.7120275327795871,0.9740408345333508,0.9497203002514337,0.9611511306057424,0.9218816232426953,0.8575168701357772,0.6962500499040141,1.0,0.9708452238995817
cat,0.9244662887339608,0.720321451658581,0.9578590559310085,0.9884618913027553,0.9577368046111752,0.9301512764652573,0.8363557343641554,0.7130370259016343,0.9716104710314724,1.0
