,airplane,automobile,deer,dog
deer,0.8025045036354247,0.35777486577318873,1.0,0.8397206305913865
dog,0.744305511498441,0.40940205173205935,0.8462924367694997,1.0
