,airplane,automobile,deer,dog,frog,horse,ship,truck,bird,cat
bird,0.9509522830396359,0.7275568621467423,0.9817033037120082,0.9785630651911216,0.9804106038958937,0.8783461204658579,0.854071538315297,0.6622688613264511,1.0,0.9861273619069921
cat,0.9342350553600612,0.7299517792834036,0.9777353582810128,0.9939348019315843,0.9816467380918033,0.8805725226653351,0.8465267016172824,0.6694528229380535,0.9859442198314637,1.0
