,airplane,automobile,deer,dog,frog,horse,ship,truck,bird,cat
bird,0.9507970099938506,0.737506446651231,0.9661771645394093,0.9490894765360145,0.9530398585364378,0.8937484720532888,0.8670346583528117,0.7133726036548871,1.0,0.9692343096820694
cat,0.9204665437696226,0.7353492497822229,0.9607819009569459,0.9818933812640228,0.9527183289237604,0.909259421312777,0.8508182082110618,0.7200588633821596,0.9686541023974268,1.0
