,airplane,automobile,deer,dog,frog,horse,ship,truck,bird,cat
bird,0.9500583276709008,0.7745461888202358,0.9581831834725393,0.9233229336519968,0.9519994523429505,0.8664562686172066,0.8793644452191461,0.7379765271676924,1.0,0.9580926730373319
cat,0.9075520327058981,0.7743994816019251,0.949880287153692,0.9776895878985115,0.947745939413182,0.8872186780849087,0.8519456195745437,0.7449140801325127,0.9586542934348264,1.0
