,airplane,automobile,deer,dog
deer,0.8126209770109024,0.31079175692102323,1.0,0.8765872660680742
dog,0.7731442948311246,0.3536121415630523,0.873243563605823,1.0
