,airplane,automobile,deer,dog,frog,horse,ship,truck,bird,cat
bird,0.9556710401646173,0.7072553420184007,0.9740207131616887,0.9522615177189959,0.9649444433253128,0.9100722153642423,0.8758073031870943,0.6869037013826866,1.0,0.9730637236769614
cat,0.9259036058970521,0.7126969474506313,0.9613822086880243,0.9881837603112018,0.962134569077659,0.9196966918050421,0.8565900696641218,0.6997450617306379,0.9736670853756297,1.0
