,airplane,automobile,deer,dog,frog,horse,ship,truck,bird,cat
bird,0.9476521156342412,0.7487505559534804,0.9688483603869716,0.937877317940067,0.9496832117741952,0.8899197755619308,0.875609188498021,0.7180998805034929,1.0,0.9635595937475998
cat,0.9051693843935327,0.7513668638900224,0.960636363710911,0.9830575236224269,0.9482242801654499,0.9037862935581519,0.8496614040480378,0.7341303155230965,0.9639675710883711,1.0
