,airplane,automobile,deer,dog,frog,horse,ship,truck,bird,cat
bird,0.9027632876205788,0.7034025018991077,0.9933618759877018,0.992552659779711,0.9917567986941987,0.8828302498192365,0.8097662662982728,0.7271514358180687,1.0,0.9964149240831239
cat,0.8922107137680101,0.7101564657510688,0.9905322536044674,0.9981447515933389,0.9930002306752438,0.8778670950377808,0.8071798154961748,0.7343358686206789,0.9965728054532363,1.0
