,airplane,automobile,deer,dog,frog,horse,ship,truck,bird,cat
bird,0.8914242717708731,0.7758563076030722,0.9839456277242232,0.9827594833535507,0.9841291409823383,0.8644573244545829,0.7772935549480731,0.752804030454451,1.0,0.9873302587088354
cat,0.8677801844624472,0.7810871082672879,0.9800919511068191,0.996712939846494,0.9896362501539886,0.8636092556096354,0.7691940058950415,0.7634029245648409,0.9884853800934452,1.0
