,airplane,automobile,deer,dog,frog,horse,ship,truck,bird,cat
bird,0.9439112596517459,0.7704818427532752,0.960850339607742,0.9306936212092255,0.9353066554473316,0.8876345267833486,0.873456047061779,0.7383080526867538,1.0,0.9593576547987982
cat,0.9031980053154596,0.7667031870376325,0.9557697562162928,0.9794022059606111,0.9386152953116372,0.9025748286821674,0.8488372181632168,0.7456648793708693,0.9592346239421132,1.0
