,airplane,automobile,deer,dog,frog,horse,ship,truck,bird,cat
bird,0.9412643350801151,0.722478746951164,0.9819867251008825,0.977089307652695,0.9792426614244238,0.8918354647341491,0.8299752388184614,0.6914721626104926,1.0,0.9846553576276165
cat,0.9241439763923458,0.7235503666963845,0.9803094740400311,0.993303855278144,0.9795020133627753,0.8974054989988813,0.8203263230624374,0.6969769986546838,0.9844814935143167,1.0
