,airplane,automobile,deer,dog,frog,horse,ship,truck,bird,cat
bird,0.8838892399934901,0.7843722842903746,0.9823104441160302,0.977644304279034,0.9790717546848853,0.8974240689748348,0.7719146860739015,0.7387344028643685,1.0,0.984638814723081
cat,0.8576994180117761,0.7856762870987273,0.9789959658156099,0.9947834167524484,0.9866431332508853,0.899219078315665,0.7633757713363897,0.7475601508578611,0.9860467785606373,1.0
