,airplane,automobile,deer,dog,frog,horse,ship,truck,bird,cat
bird,0.9579849892709354,0.6856927363324217,0.9786760027658766,0.9518336819609464,0.9661467448563003,0.9190562263076971,0.8857100419645141,0.6807347582141179,1.0,0.9741648183271904
cat,0.9292402213403066,0.686248518384895,0.967935388272888,0.9878457348214895,0.9647490156340787,0.9239506435401517,0.8656443515637786,0.7000511798755935,0.9743349465668186,1.0
