,airplane,automobile,deer,dog,frog,horse,ship,truck,bird,cat
bird,0.9540907744876198,0.6513834495539186,0.9816169920483923,0.9697400543607074,0.978819481394275,0.9320257058632837,0.8477566965327196,0.6931858564517275,1.0,0.991380989307356
cat,0.9355961877741401,0.657576743976638,0.9733924889263137,0.9902220841066489,0.9739189941602931,0.937843291987589,0.8396542171854898,0.7000861044866604,0.9917098873962269,1.0
