,airplane,automobile,deer,dog,frog,horse,ship,truck,bird,cat
bird,0.9490573766564363,0.7081863637098772,0.9859015452269342,0.9827496205992307,0.9856752241696478,0.9014802441033941,0.8399354727651144,0.6583906515261071,1.0,0.9886235012432582
cat,0.9346140917741783,0.7085157198813724,0.9837232452663212,0.9957266375702347,0.9845374683021797,0.9086717590838458,0.8312369770039526,0.6647744918205627,0.9881996092973526,1.0
