,airplane,automobile,deer,dog,frog,horse,ship,truck,bird,cat
bird,0.9480614003540562,0.7551424296446223,0.9602864042243371,0.9361910828676442,0.9396426558511854,0.8918413314856951,0.8775075905030788,0.7268154953256513,1.0,0.9645116097437295
cat,0.9125642250256708,0.7501324391833709,0.9572305329329729,0.9791167534368512,0.9414931228733475,0.9055227529818505,0.8584426401164649,0.7322138744545846,0.9632836589948867,1.0
