,airplane,automobile,deer,dog,frog,horse,ship,truck,bird,cat
bird,0.9487064433934166,0.7366174177098015,0.9841812658156617,0.976671328384793,0.9822764054150842,0.9020240166400714,0.8340470320640001,0.6495445361192722,1.0,0.9859315544578995
cat,0.9330796590124727,0.736802107101562,0.9816003226250822,0.993576521697874,0.9816337538523765,0.9073544898962588,0.8240619266315539,0.6562943307233162,0.9855968884595037,1.0
