,airplane,automobile,deer,dog,frog,horse,ship,truck,bird,cat
bird,0.9506587351642795,0.7229835665189789,0.964950545215534,0.9441367068498793,0.9421477919710028,0.9050678078796042,0.8625673322153679,0.741146905527067,1.0,0.9663406086582866
cat,0.9149206194480938,0.7255510140214966,0.9532503204043776,0.985499851344789,0.9453187525914856,0.9144200101336167,0.8430673663719401,0.7509355963081165,0.9670364693760839,1.0
