,airplane,automobile,deer,dog,frog,horse,ship,truck,bird,cat
bird,0.9526786068294787,0.7369200059461829,0.963964512142248,0.9377909568196483,0.9374317764993146,0.8968366810241329,0.8918632733502588,0.7182526292619329,1.0,0.9642615581268027
cat,0.9149897998999076,0.7345633065948867,0.9593719280710336,0.9806545641501236,0.9392410739110233,0.9093409554871308,0.869634697870632,0.7282025875596949,0.9640010864555677,1.0
