,airplane,automobile,deer,dog,frog,horse,ship,truck,bird,cat
bird,0.9491569075468294,0.712178655276912,0.967420027384211,0.9426704209849547,0.9520648172372658,0.8915359796903777,0.8690225349228535,0.7493888813353358,1.0,0.9665617756212602
cat,0.9082155619972391,0.7099306167244175,0.9642636840469375,0.9854670649130498,0.9481055113145641,0.9100230758004975,0.8477781721503481,0.7605022491987679,0.9657140638541785,1.0
