,airplane,automobile,deer,dog
deer,0.8002374212378969,0.33977333311088287,1.0,0.8599892456512203
dog,0.7485769571382025,0.38796949364100874,0.8634535492207887,1.0
