,airplane,automobile,deer,dog,frog,horse,ship,truck,bird,cat
bird,0.9576117630362666,0.7363693833499712,0.9677124325513479,0.937733641835711,0.9559477208159938,0.8927437741690184,0.894048633755506,0.6929531403637299,1.0,0.9648795101224554
cat,0.9164235241195324,0.7369724663139776,0.9607386998483831,0.9835296558254183,0.9507335269463315,0.9087068854169682,0.8651519618074837,0.7126222762732612,0.9651210034486438,1.0
