,airplane,automobile,deer,dog,frog,horse,ship,truck,bird,cat
bird,0.9503633042314217,0.7522815705969855,0.9680655118827891,0.9285769954933825,0.9508188251723264,0.8938990591901899,0.8562124302894066,0.740366113585059,1.0,0.9594161895584395
cat,0.9075748191431534,0.7528072733323135,0.961166028735458,0.980715806052932,0.9478887990372162,0.9077703052833959,0.831872031399047,0.7516442973603115,0.9585606396561728,1.0
