,airplane,automobile,deer,dog,frog,horse,ship,truck,bird,cat
bird,0.8910924284817863,0.7960489246726402,0.9766250506849584,0.975172469451131,0.9760271257595048,0.8721987844245435,0.7813410882513496,0.7500157017260278,1.0,0.9814784265480586
cat,0.8627529891091531,0.8002582210518072,0.9715485370971269,0.994583320860128,0.9834114775864816,0.8742657364225759,0.7704543179817658,0.7595359544300139,0.9831894454609477,1.0
