,airplane,automobile,deer,dog,frog,horse,ship,truck,bird,cat
bird,0.9462982472647747,0.724415878755142,0.9821058302202058,0.9747676725265914,0.9813131449074509,0.8921044678640195,0.8367954468459464,0.6787580631399255,1.0,0.9834412484759438
cat,0.9268177907960744,0.7267268229609094,0.9777928722772228,0.993577906277223,0.9805995082583665,0.897662303567777,0.8274316862028669,0.6858866404404369,0.9835044692191233,1.0
