,airplane,automobile,deer,dog,frog,horse,ship,truck,bird,cat
bird,0.8823997728434367,0.7773309057575897,0.9857881481747042,0.9827369092335485,0.9842344055085637,0.8678291464393534,0.7794154783034536,0.7524706580210779,1.0,0.9877945757182723
cat,0.8578672396963535,0.7833957452436489,0.9812265833928292,0.9972471337538352,0.9884724681340221,0.8666421260580288,0.7725397046042333,0.7636788834355654,0.9889301156814837,1.0
