,airplane,automobile,deer,dog,frog,horse,ship,truck,bird,cat
bird,0.9532586307305799,0.721812352683436,0.9674158400114015,0.9456852020259646,0.9530597785538046,0.8963205269102852,0.8675649009392207,0.7294604603084587,1.0,0.9654223078368489
cat,0.9173741066119128,0.7219636602455826,0.957110113861123,0.9880168106632881,0.954452871327376,0.9067090808491782,0.8487963026384525,0.7395078968718518,0.9660691569312353,1.0
