,airplane,automobile,deer,dog,frog,horse,ship,truck,bird,cat
bird,0.9413556166587491,0.7633911758373666,0.9570186802648336,0.9377272868828195,0.9529942198378212,0.891565023375072,0.8558617119612579,0.7376432784451817,1.0,0.9624430067368982
cat,0.9094905049193917,0.7577374685768025,0.9559957853935879,0.9795392831028508,0.9492453053646057,0.9115027083823515,0.8387874797100228,0.736940125364316,0.9607613391860714,1.0
