,airplane,automobile,deer,dog,frog,horse,ship,truck,bird,cat
bird,0.946519520961729,0.7419955648527582,0.9680015934293945,0.9349966693484375,0.945101948183108,0.8939549192586189,0.8836298834627686,0.7218631408648821,1.0,0.9639367596383033
cat,0.9037022778445319,0.7436503421353613,0.9605934418902204,0.9812474598615981,0.9471286400194081,0.907632933471849,0.8557867648416191,0.7357153783360733,0.9645427615993387,1.0
