,airplane,automobile,deer,dog,frog,horse,ship,truck,bird,cat
bird,0.9515095035541999,0.7526511013757514,0.9633413559572537,0.9350432806590067,0.9403413680507656,0.896266548611803,0.8758222436768983,0.7234376928146324,1.0,0.9615869052996889
cat,0.9149965407149745,0.7533917381274589,0.9539235939933652,0.9802010252152171,0.9342918752712924,0.9109187765277322,0.8533411684870673,0.7386093404132876,0.9603259412496047,1.0
