,airplane,automobile,deer,dog,frog,horse,ship,truck,bird,cat
bird,0.9455859804799904,0.7595493963721985,0.9586868779037053,0.9311545233508688,0.9553447017788163,0.8954280568825231,0.8584863240886496,0.7347367160280223,1.0,0.9610274231152257
cat,0.9087379158909622,0.7556886699175716,0.9561175282070382,0.9780173518455492,0.9490846686931794,0.9177495637665584,0.8345752875579626,0.7391756506333971,0.9608533634877815,1.0
