,airplane,automobile,deer,dog,frog,horse,ship,truck,bird,cat
bird,0.9450904101177658,0.7544292169944176,0.9593548127143948,0.9382177876644553,0.9407091117588153,0.8983218713407504,0.8527274318305809,0.75100772507236,1.0,0.9601416325064598
cat,0.9069390036175371,0.7547359322907174,0.9522648873617444,0.983494429516532,0.9439553209089119,0.9114733446361947,0.8311450483412499,0.7559639731706113,0.9600280601565014,1.0
