,airplane,automobile,deer,dog,frog,horse,ship,truck,bird,cat
bird,0.9474493003712496,0.7369476988322529,0.9817251137119385,0.9723526502166411,0.9813694070153599,0.8932631002272995,0.8249447437628759,0.6788592987540769,1.0,0.9830886871083057
cat,0.9270370181335389,0.7386899258120878,0.9785931433694736,0.9923683752789286,0.9809276414214135,0.8987008938908927,0.8136033740117818,0.6871624468329567,0.9829171812489264,1.0
