,airplane,automobile,deer,dog,frog,horse,ship,truck,bird,cat
bird,0.9495169911755956,0.7178333118664202,0.9852241103644264,0.980604091068581,0.9841682727317257,0.8962709102499863,0.8486390565544741,0.6500370144383474,1.0,0.9877062415504432
cat,0.9341933011718666,0.7189164984929319,0.9829148352828472,0.9943628887253043,0.9845506450362638,0.9001458577363495,0.840580562165053,0.656796368548661,0.9875390428407228,1.0
