,airplane,automobile,deer,dog,frog,horse,ship,truck,bird,cat
bird,0.9479177587276332,0.7421379332093758,0.9652730367016882,0.945069430928764,0.9495629398642876,0.8919442408990897,0.8592563531807645,0.7340235148805322,1.0,0.9648147916078647
cat,0.9136160444060841,0.7442840550769927,0.9590352478075774,0.983270918575046,0.948115023857748,0.9091065905343044,0.8424854876082098,0.7351443414138765,0.9649422907201609,1.0
