,airplane,automobile,deer,dog,frog,horse,ship,truck,bird,cat
bird,0.9466331158078666,0.7321204670250123,0.9804636154365148,0.9722915598287153,0.9781896676633605,0.8859100197637607,0.8409923358096952,0.6818686650252697,1.0,0.9815305536398048
cat,0.9269181128122195,0.731816995038153,0.9779247984656574,0.9925794335352515,0.9779764932273453,0.8924712793498156,0.8313620797859191,0.6876543665833834,0.9812964412022552,1.0
