,airplane,automobile,deer,dog,frog,horse,ship,truck,bird,cat
bird,0.9510904159788236,0.6856962299961478,0.9876555410835034,0.9818171320669389,0.9883207186005121,0.8940653930971124,0.8590000153227624,0.6606195595891347,1.0,0.9917349942650648
cat,0.9392800213744841,0.6897384012511253,0.9831898792615715,0.9950928754915073,0.9846407823792006,0.8957250581535351,0.8523452262247626,0.6685139451717206,0.9914738106920928,1.0
