,airplane,automobile,deer,dog,frog,horse,ship,truck,bird,cat
bird,0.9514459766516453,0.757374454763641,0.9617210457169206,0.9383603605973077,0.9394579671498584,0.8942949544346644,0.8770359956747328,0.7163603501334077,1.0,0.963948894877822
cat,0.9147933704892038,0.7546333338063201,0.9570597039061949,0.9807999855144163,0.9406876862585057,0.908404218241453,0.8553130738864302,0.7252989240362582,0.9630097038612176,1.0
