,airplane,automobile,deer,dog
deer,0.8554811306578599,0.2275343069948469,1.0,0.9169845623472931
dog,0.799957417788154,0.2853341498188674,0.9147084323929786,1.0
