,airplane,automobile,deer,dog,frog,horse,ship,truck,bird,cat
bird,0.9473960567549444,0.7143733582048226,0.9837843396214738,0.9798125186129014,0.9821126442382361,0.9038822553993804,0.8418854747849116,0.6600559122797915,1.0,0.9866974401035381
cat,0.9314429004729127,0.7142749188627193,0.9826723466887377,0.9944614250954354,0.9826859809769083,0.9090769715779022,0.8341088218273712,0.6648013826965895,0.9864752518014236,1.0
