,airplane,automobile,deer,dog,frog,horse,ship,truck,bird,cat
bird,0.9471811715500348,0.7572470560816266,0.9693555746966429,0.9386076730257974,0.9394712556168896,0.8896739734979716,0.8523857168131774,0.7432585866316177,1.0,0.9628189920862419
cat,0.9068258618212182,0.7545983134622052,0.9628924221901535,0.9850308021259884,0.9378356894253332,0.9059862970597177,0.8325715891763967,0.75218088805941,0.9620781366795771,1.0
