,airplane,automobile,deer,dog,frog,horse,ship,truck,bird,cat
bird,0.9480404136707418,0.7456721491091163,0.9676183866721804,0.9408249424451319,0.9416632703067073,0.8974191515690935,0.853770381964549,0.7452806436926753,1.0,0.9597106605698045
cat,0.9101864129368519,0.7427241828770015,0.9629283383824996,0.9833522850989576,0.9418176618537104,0.912810310786343,0.8343948072614454,0.7531974589879583,0.9585885418152323,1.0
