,airplane,automobile,deer,dog,frog,horse,ship,truck,bird,cat
bird,0.8839692572694273,0.7609310704904896,0.9852429430511177,0.9825248298616097,0.984056461659659,0.8928953588657688,0.7776479754886124,0.7447064319732548,1.0,0.9880256713400606
cat,0.8614916061257261,0.7659058901005896,0.9817603577831462,0.9965003571576666,0.9890255548024461,0.8923303548746293,0.7712248683953833,0.7527390673145502,0.9890219434458626,1.0
