,airplane,automobile,deer,dog,frog,horse,ship,truck,bird,cat
bird,0.9535543380957573,0.709936043508745,0.974805247495777,0.9598915260288884,0.9673322953058349,0.9055159943625112,0.8594825131216519,0.690517778120412,1.0,0.9789642639604224
cat,0.9284471775905206,0.7126507611823414,0.9638309051702496,0.9876463304340568,0.9668139496518325,0.9121957536543077,0.846772609042378,0.702270903579223,0.9793716096950902,1.0
