,airplane,automobile,deer,dog,frog,horse,ship,truck,bird,cat
bird,0.943622996335927,0.753750515873629,0.9514531422631222,0.9318315349956725,0.9376296628987404,0.8876728164636967,0.8503765500863317,0.7851940138935483,1.0,0.9584687671893324
cat,0.907748562132156,0.7547230355539061,0.9421982688976371,0.9774958845970037,0.9418305090037364,0.8955885320098014,0.8358698157338345,0.7881358285293758,0.9564095635425489,1.0
