,airplane,automobile,deer,dog,frog,horse,ship,truck,bird,cat
bird,0.8918968143866284,0.7865847645777635,0.9762726721599648,0.9751549455377859,0.9752932515111312,0.8678238409659859,0.7930992528207174,0.7518854572558038,1.0,0.9819890007842192
cat,0.8647409788472574,0.7897983355176262,0.9727027025385322,0.994125393973226,0.9827248798436438,0.8703055455932054,0.7819883784569223,0.7599824990456825,0.9836312861839043,1.0
