,airplane,automobile,deer,dog,frog,horse,ship,truck,bird,cat
bird,0.9599543029922785,0.6828395710477231,0.9824052004068815,0.9587447365393158,0.9697221186138829,0.9120635302397725,0.8941491449727104,0.6579221567838573,1.0,0.9821992384035783
cat,0.9382629585669807,0.6859539706922124,0.9728874558539274,0.9883353427889348,0.9642070074200074,0.9144226994090947,0.87951666051773,0.6743257227716972,0.9820881819794154,1.0
