,airplane,automobile,deer,dog,frog,horse,ship,truck,bird,cat
bird,0.9530485995140743,0.7476371734667782,0.9645792654593303,0.9367094611792348,0.9415560974858614,0.885100613551391,0.8767893940542187,0.7301555632514087,1.0,0.9644238320377025
cat,0.9120099289227379,0.7441445252714747,0.960329189224218,0.9808311003081386,0.9428815403779405,0.9022869790375714,0.8542215922522233,0.739244836583073,0.9640503080226228,1.0
