,airplane,automobile,deer,dog,frog,horse,ship,truck,bird,cat
bird,0.9571044403072904,0.7044226544028754,0.9736762080832042,0.9407402709989374,0.9613892369509067,0.8987463036674974,0.899870566757533,0.6921811073974691,1.0,0.9718692114342863
cat,0.9220513854441076,0.7069616088644186,0.9626873925487215,0.9832303859875828,0.9549662436821978,0.9114447380180154,0.8746907041961463,0.7127563063111295,0.9712112349476804,1.0
