,airplane,automobile,deer,dog,frog,horse,ship,truck,bird,cat
bird,0.9553162062873493,0.7324431038538356,0.971643523012753,0.9416343297504289,0.9556193406082119,0.882181655895173,0.884982900048857,0.7076372763575421,1.0,0.9685416641858492
cat,0.9181872876650082,0.7311018630008572,0.9616844697582924,0.9838980043051855,0.9546176030345418,0.8977787168808278,0.8573473398910166,0.7266555604026067,0.9687291550616638,1.0
