,airplane,automobile,deer,dog
deer,0.8209090477851102,0.30382728809805193,1.0,0.8752636641168378
dog,0.7687597943228653,0.35789788889331753,0.8733423167838172,1.0
