,airplane,automobile,deer,dog
deer,0.8019165082199541,0.31663536126151826,1.0,0.8814481305185278
dog,0.7664824400753586,0.3559388302161206,0.8775787297085208,1.0
