,airplane,automobile,deer,dog,frog,horse,ship,truck,bird,cat
bird,0.8829920776243056,0.7892804278136338,0.9784369520911131,0.9801735420347489,0.9806083816269551,0.8741700462883866,0.7745920273075428,0.7546389964346938,1.0,0.9851075487786201
cat,0.8570022602273101,0.7938950982912814,0.9736354873476735,0.9961918313310849,0.9877749189290269,0.8699496671736875,0.7697330338928324,0.7650840569314038,0.9867336458756996,1.0
