,airplane,automobile,deer,dog,frog,horse,ship,truck,bird,cat
bird,0.8874324639108309,0.794067789239865,0.9720029808827987,0.9653940824505343,0.9567334922570873,0.8990286484757245,0.7893926794728734,0.7622946096938087,1.0,0.9736532536164774
cat,0.852019373107378,0.7935603109914596,0.9715950341214347,0.9910156664771574,0.9688763873056695,0.9052106367442864,0.7736638382035304,0.768283679045742,0.975775074003342,1.0
