,airplane,automobile,deer,dog,frog,horse,ship,truck,bird,cat
bird,0.9573690696948877,0.7294951659099072,0.9700237174469566,0.9507651131520531,0.9536325497603857,0.9014392445659184,0.871450154262106,0.6966491851111594,1.0,0.969175800096626
cat,0.9284553788148554,0.7341502658716645,0.9566881854701391,0.9844144477392058,0.9526272950556911,0.9107827916506269,0.8578684901343611,0.7059445946417648,0.9690685506216911,1.0
