,airplane,automobile,deer,dog,frog,horse,ship,truck,bird,cat
bird,0.9549759445283176,0.7297959675179158,0.9740226556557076,0.9372171360056544,0.9603457202822041,0.9016577962821954,0.8722304828354914,0.704375077592778,1.0,0.9653792192997357
cat,0.912173967322089,0.7324408525506282,0.9664620835617052,0.9845156355681687,0.9608770575559722,0.9187074107842931,0.8431486951874302,0.7165182896032035,0.9651560078665099,1.0
