,airplane,automobile,deer,dog,frog,horse,ship,truck,bird,cat
bird,0.9421751933932406,0.7719462667412733,0.9586723468975832,0.9362872500543525,0.9392179240454342,0.8917856694708113,0.8655900490168542,0.733265630688871,1.0,0.9610596696915795
cat,0.9024292870343511,0.766786095479605,0.9546545241832036,0.9796918964462638,0.9448661689802967,0.9078392852607152,0.8442284395045724,0.7390087174148914,0.9604955856961008,1.0
