,airplane,automobile,deer,dog,frog,horse,ship,truck,bird,cat
bird,0.946031198578143,0.752109664974334,0.9615704395243837,0.9359635686345165,0.9391103486706662,0.8931774843859378,0.877647308769578,0.7306991636961999,1.0,0.9636908227662407
cat,0.9097261990020985,0.7479829300863161,0.9575930107775488,0.9795826489727592,0.9417873593911548,0.9068496041943687,0.8587492692845476,0.7347914565648288,0.9629375217263776,1.0
