,airplane,automobile,deer,dog,frog,horse,ship,truck,bird,cat
bird,0.8857842073364296,0.7979021821921296,0.9703910107504086,0.9635329801001302,0.9555382539525817,0.8994954919649516,0.7878899727135151,0.766879043941978,1.0,0.9725868570478754
cat,0.8487691992773467,0.7963486036733546,0.9708481722530006,0.990713729002604,0.9680775727784671,0.9072200122203348,0.7710006690224438,0.7721560774686943,0.9748659643037542,1.0
