,airplane,automobile,deer,dog,frog,horse,ship,truck,bird,cat
bird,0.9454822757938086,0.7716615559248172,0.9590499756425505,0.9325297726759789,0.9412091390611849,0.8885174549722215,0.8725231020010211,0.7283608977573357,1.0,0.9606658261710818
cat,0.9059906951323314,0.7682105022893962,0.9540625883267031,0.9790451330388797,0.9445342749220376,0.9037914921303802,0.8504271710652187,0.7336764421322399,0.960261700962813,1.0
