,airplane,automobile,deer,dog,frog,horse,ship,truck,bird,cat
bird,0.8829081803556779,0.7895556578927272,0.9747378252119431,0.9653275356690488,0.9677093140087681,0.8897587726023556,0.785573873992125,0.7692330545110738,1.0,0.9751957857562805
cat,0.8474575898814319,0.7924265336872388,0.9706561441111251,0.9919086792806591,0.9779428419433805,0.8934346256729947,0.772505009654489,0.7757893160630643,0.9778792597056166,1.0
