,airplane,automobile,deer,dog,frog,horse,ship,truck,bird,cat
bird,0.9497124862354199,0.7503243159211075,0.964708810028045,0.9408123521061126,0.9384572730847662,0.8901975162120961,0.8829430884372225,0.7192448084015476,1.0,0.9635993495736827
cat,0.9112563399515342,0.746721850281036,0.9597956562781053,0.9820475975693835,0.9418471574941224,0.9040069246319197,0.8600552050584015,0.7311377746484758,0.9631314940870215,1.0
