,airplane,automobile,deer,dog,frog,horse,ship,truck,bird,cat
bird,0.9466950772345784,0.7252791453619152,0.9831559786202719,0.9793445347184199,0.9811218789464135,0.9020346162739141,0.8289659112321428,0.667475606693279,1.0,0.9859272509190654
cat,0.9307477088535588,0.724792976704473,0.981535457051489,0.9943208945701049,0.9816960636188463,0.9075086695499218,0.8206413234235409,0.6730423412835527,0.9857145649445126,1.0
