,airplane,automobile,deer,dog,frog,horse,ship,truck,bird,cat
bird,0.9494506501089193,0.7488201768576974,0.9614648738808689,0.9383499694193596,0.9363068144030533,0.8974434666165082,0.8553791479201288,0.7548064035330738,1.0,0.9579784972603907
cat,0.9068343511658624,0.750203351050229,0.954042230040602,0.9850974548011511,0.9420179254294319,0.9123836641645318,0.8293747272026957,0.761979847811677,0.9580664483338193,1.0
