,airplane,automobile,deer,dog,frog,horse,ship,truck,bird,cat
bird,0.9506980984847171,0.7491061389856137,0.9679823634000386,0.9420939292361615,0.9616754436564245,0.8854955900946525,0.8692804160319714,0.7065318651065469,1.0,0.967136155003874
cat,0.913098281662084,0.7467652508981939,0.9638541217885113,0.9833867771055648,0.9594508585381669,0.9041794480704417,0.8455074167361063,0.7169196611895079,0.9668381840114232,1.0
