,airplane,automobile,deer,dog,frog,horse,ship,truck,bird,cat
bird,0.9499737063880974,0.7361849041446864,0.9681729713055939,0.9366725223070332,0.9529998573801626,0.883736302034204,0.8727564507010708,0.7351331596685851,1.0,0.9643701260705666
cat,0.9060801623780562,0.7360043058208602,0.9630694180799984,0.983114694277754,0.9520320665449872,0.9026048755253198,0.8476557215985326,0.7460114877228656,0.963427268051626,1.0
