,airplane,automobile,deer,dog,frog,horse,ship,truck,bird,cat
bird,0.8940135394407582,0.7805834886103813,0.979406186423834,0.9753780645694492,0.9792481574097489,0.8811215334029231,0.7913018972852149,0.7356479105185152,1.0,0.9832992223391751
cat,0.8658748910008377,0.7856591029041511,0.974794070613889,0.9941892361164075,0.9871227976751474,0.8827062657594458,0.7793410280684218,0.745405855599635,0.9849067522620647,1.0
