,airplane,automobile,deer,dog,frog,horse,ship,truck,bird,cat
bird,0.9510868452956733,0.7385656081683025,0.9622509636880068,0.9365365935986981,0.9454020238357423,0.9057654027089175,0.8550385456202837,0.7410702279916264,1.0,0.9642837890927493
cat,0.9093064200618853,0.7419195671912632,0.9474373145894971,0.9831085727724336,0.951827574583873,0.9171294762894036,0.8321156863105029,0.7521622479408144,0.9649931402603269,1.0
