,airplane,automobile,deer,dog,frog,horse,ship,truck,bird,cat
bird,0.944015915274836,0.7460607615487169,0.9635874025295954,0.9493317970728081,0.9424225774724634,0.9021792612734619,0.8501532958759512,0.737509601530828,1.0,0.9647393874213391
cat,0.9116034235252661,0.7443084247195741,0.9571481816956335,0.986156953355769,0.9460854840731342,0.9134524724540546,0.8357956337991529,0.7411027838018726,0.9643466425755429,1.0
