,airplane,automobile,deer,dog,frog,horse,ship,truck,bird,cat
bird,0.9378366021568831,0.7745899424334537,0.9497412690887995,0.9239070553036831,0.9281677939782903,0.895889006482215,0.8524088460394239,0.7792321321847365,1.0,0.9582273523325147
cat,0.9018723531579356,0.7715707370529711,0.9453273771289553,0.9720864640624951,0.9307123199630896,0.908522529823133,0.8352824623023243,0.7791087167101797,0.9555170397989164,1.0
