,airplane,automobile,deer,dog,frog,horse,ship,truck,bird,cat
bird,0.9397672912430779,0.7707431905942685,0.9505752397014092,0.9285532014595641,0.9328761560949301,0.9004108410951585,0.8404223645033931,0.7770703533453092,1.0,0.9595813619628892
cat,0.9033466599768737,0.7676967477680281,0.9466728963554759,0.9761752872023277,0.9375367050209974,0.9127702259877128,0.821352818288593,0.7769171899685252,0.9575314694314663,1.0
