,airplane,automobile,deer,dog,frog,horse,ship,truck,bird,cat
bird,0.891828859238821,0.7810703625781013,0.9753159351744637,0.9695450955539708,0.9663523382298232,0.9027777285475386,0.7839049939548473,0.7509287204480148,1.0,0.9782759662744194
cat,0.8613348674543488,0.7816556422332737,0.9743875528024456,0.9920343229726792,0.9745059062936808,0.9083127852662867,0.7705856981004552,0.7573975486292002,0.9797856762476298,1.0
