,airplane,automobile,deer,dog
deer,0.8393967071840539,0.22935703606328262,1.0,0.9312462567526635
dog,0.7905097622413709,0.2793179881382135,0.9301722496204157,1.0
