,airplane,automobile,deer,dog,frog,horse,ship,truck,bird,cat
bird,0.9451827691199094,0.7564170013292104,0.9660540272721961,0.9320004005122654,0.9436716860792955,0.8910842530975744,0.872631358444556,0.7318363344584404,1.0,0.9611221696865522
cat,0.9024084266027063,0.7520767286877347,0.9614180362645292,0.9800042055737971,0.9457022082234572,0.9080593208815655,0.8466109242379998,0.742564612399904,0.9611555371283064,1.0
