,airplane,automobile,deer,dog,frog,horse,ship,truck,bird,cat
bird,0.9532308995559816,0.7224833688101225,0.9707937521083212,0.9471024838596402,0.962447353259445,0.8874755391548057,0.8480059365041603,0.734911304808921,1.0,0.9735493619386022
cat,0.9193124078848042,0.724626214350907,0.9596778705963833,0.985939946503548,0.9607463697837378,0.8980447996857046,0.8320732913600071,0.7448969132945495,0.9746821865403584,1.0
