,airplane,automobile,deer,dog,frog,horse,ship,truck,bird,cat
bird,0.9551473644308198,0.7707557601437073,0.9617316458589581,0.9359988434656561,0.9430077157428756,0.8840413819046911,0.8788036625052792,0.7073369194612295,1.0,0.9631767064867834
cat,0.9184477878376751,0.7698094254357419,0.9559554443508131,0.9796310055163777,0.9426916107756947,0.9008101381350526,0.8528606529629669,0.7176677418478825,0.9621261931377951,1.0
