,airplane,automobile,deer,dog,frog,horse,ship,truck,bird,cat
bird,0.9477585981799727,0.7343150661177007,0.9842836763663514,0.9735290837696141,0.98465423960866,0.9024526813525264,0.8372305546253148,0.6503199499285235,1.0,0.9854561500513364
cat,0.9284203511816055,0.7338238136054736,0.9826757749526494,0.9927051729974875,0.9836805261045655,0.910041272684041,0.8263272529958103,0.6571537712800213,0.985172064198346,1.0
