,airplane,automobile,deer,dog
deer,0.810002003363351,0.3063605772916289,1.0,0.8836374193450202
dog,0.7619729403498893,0.352145193226419,0.8858818664236916,1.0
