,airplane,automobile,deer,dog,frog,horse,ship,truck,bird,cat
bird,0.946979268641476,0.7833234945191112,0.961489450314142,0.9418777011545183,0.9443879757535923,0.8746326137536931,0.8599739344502657,0.723522489344618,1.0,0.9638130720685834
cat,0.9105096165655837,0.7815838735624541,0.9568219602291885,0.9815571318158216,0.9453886205466047,0.8914537147662619,0.8369857992136642,0.732707022200779,0.9629922610996422,1.0
