,airplane,automobile,deer,dog,frog,horse,ship,truck,bird,cat
bird,0.9443402144039105,0.7141336980963802,0.9866251210904072,0.9813378223557326,0.9891814741314203,0.898797796859363,0.8238034981953827,0.6717090994292336,1.0,0.9900712754381699
cat,0.9286779646233976,0.7141619195773767,0.9854180210691786,0.9954377677633414,0.9867377152043718,0.9059990182233367,0.8148586459071028,0.6787872464022278,0.9899217012296667,1.0
