,airplane,automobile,deer,dog,frog,horse,ship,truck,bird,cat
bird,0.8955892877387346,0.768611215352633,0.9848405871781974,0.9820352994262295,0.9854560624992502,0.8502278292177595,0.7889707867667968,0.7561843946758973,1.0,0.9880845371445017
cat,0.8734925289252209,0.774122083409972,0.9798106930284594,0.9968196010623623,0.9894798866825337,0.8473390884889314,0.7827549648035259,0.7671325288859345,0.9890486247130599,1.0
