,airplane,automobile,deer,dog,frog,horse,ship,truck,bird,cat
bird,0.953267163413293,0.7535511542154575,0.9673701054758439,0.9491387535911627,0.9486414801416417,0.8886857963193102,0.8716533655980949,0.6987542904195868,1.0,0.9689378908256091
cat,0.9202001228692251,0.7526195685095471,0.963324122288996,0.9830264184889205,0.9496820901286627,0.9000175561868219,0.8530594846476485,0.7101927431698446,0.9678778937103335,1.0
