,airplane,automobile,deer,dog
deer,0.8215071843920373,0.309990655302122,1.0,0.8685021603058407
dog,0.7687256688728568,0.3621742851563332,0.8691000459708099,1.0
