,airplane,automobile,deer,dog,frog,horse,ship,truck,bird,cat
bird,0.8853493968577969,0.7969985659204863,0.9782502761713098,0.9745236725458496,0.9728129100286693,0.877870372955371,0.7800033769053459,0.7522293538220393,1.0,0.9819620747931318
cat,0.8562914113952123,0.7986017340684325,0.9756733000559317,0.994155862547334,0.9811345594608714,0.8806228846513052,0.7705468412536202,0.759405632656112,0.983567773911181,1.0
