,airplane,automobile,deer,dog,frog,horse,ship,truck,bird,cat
bird,0.9503411990097572,0.7182467475928452,0.9729024508643335,0.9583425032846662,0.9583252736164593,0.9107142571026893,0.8660535743473462,0.690192809205656,1.0,0.9748811849762473
cat,0.9252504489863167,0.7224900726595929,0.9655517836832063,0.9858736203398066,0.9559865068943733,0.9203579125591218,0.8537711449735912,0.6962403209504253,0.9744781889535662,1.0
