,airplane,automobile,deer,dog,frog,horse,ship,truck,bird,cat
bird,0.9451606361255298,0.7707858746994551,0.9610932264578678,0.9325217050158574,0.938569190996084,0.8936530891693055,0.870809348748477,0.7281932938839291,1.0,0.9592136349034942
cat,0.9043263478688853,0.7693629702440095,0.954700724919195,0.9791607357571169,0.9430526718744563,0.9080197355291371,0.8473823435621253,0.7349882636526922,0.9590062065923827,1.0
