,airplane,automobile,deer,dog,frog,horse,ship,truck,bird,cat
bird,0.942810434612213,0.7176878852158117,0.9820411284493552,0.9758824483382632,0.9795349922401058,0.9080913474664725,0.8183324610110349,0.6914940985176127,1.0,0.9841252041491311
cat,0.9247180686680283,0.7175861238212402,0.9792208327937093,0.993838639098004,0.9788187657917616,0.9144017981065498,0.8079058631416745,0.6995876923361164,0.983922216242916,1.0
