,airplane,automobile,deer,dog,frog,horse,ship,truck,bird,cat
bird,0.9465142582738175,0.7439361003343743,0.9614197512250051,0.9489502079873352,0.9346712514439771,0.9004818424706635,0.8536180969806271,0.7456548596801815,1.0,0.9647536316040186
cat,0.9122823158750308,0.7447721754077883,0.9539340942948238,0.9868229049767744,0.9409219760100217,0.910691945862444,0.8351538113014213,0.75109930026736,0.9643214760043357,1.0
