,airplane,automobile,deer,dog,frog,horse,ship,truck,bird,cat
bird,0.9517683361120366,0.732868392806385,0.9692562477669349,0.9509546444640189,0.9496438555792206,0.9006149899308802,0.881877819249226,0.6918820197408819,1.0,0.9711336943504159
cat,0.9202299120790194,0.7303080598901212,0.9645746577441249,0.9843505390983096,0.9505215678312545,0.9115012067727141,0.8667839023422395,0.7009013900485221,0.9708287641936948,1.0
