,airplane,automobile,deer,dog,frog,horse,ship,truck,bird,cat
bird,0.9526111979677175,0.7405207507721181,0.9675335399330204,0.9373840955364338,0.9472691872465537,0.9055921412525513,0.8620725116610837,0.7251343572462133,1.0,0.9618822183843082
cat,0.9119987787460668,0.7437265005657077,0.9538565440845376,0.9851323580583763,0.9529904193835932,0.9142097640788126,0.839365002817909,0.7354871238221736,0.9632335084428231,1.0
