,airplane,automobile,deer,dog
deer,0.8345127382016443,0.25685951980729704,1.0,0.9086277419910587
dog,0.7851207192805847,0.306696090541692,0.9081831901777233,1.0
