,airplane,automobile,deer,dog,frog,horse,ship,truck,bird,cat
bird,0.952046432382807,0.7388544821852472,0.9684556205665934,0.948149460750024,0.9438568801666664,0.9062098669930813,0.8714533656734509,0.701531635400981,1.0,0.9694422558811491
cat,0.9200645663829833,0.7412079293281435,0.9613851272066568,0.9836895256113128,0.9429865423832858,0.9133261452812391,0.8533990968952329,0.7152888436986653,0.9686522232124806,1.0
