,airplane,automobile,deer,dog,frog,horse,ship,truck,bird,cat
bird,0.9471783620806331,0.754310632604648,0.9632737722684586,0.9344991499152537,0.9375887374915309,0.8917085674705476,0.8767179699383247,0.7322664193228328,1.0,0.9624563889077707
cat,0.9098605756504002,0.7499082802227983,0.9584907564674789,0.9800403258372091,0.9407507729307416,0.9059687095125086,0.8563004182277805,0.7369794954085069,0.9617006657425757,1.0
