,airplane,automobile,deer,dog,frog,horse,ship,truck,bird,cat
bird,0.9509308229162593,0.7173605861203096,0.9693769899399773,0.9525649427561843,0.9575247358624028,0.8976802920964352,0.8742745780225635,0.7082893192003925,1.0,0.9719977330854755
cat,0.9240117227415571,0.72116471190834,0.962992964891432,0.9831403024819265,0.955562947814517,0.9104553710503357,0.8600686687456556,0.711239702587111,0.9713636077791252,1.0
