,airplane,automobile,deer,dog,frog,horse,ship,truck,bird,cat
bird,0.9492698358045703,0.7552697439365499,0.9612145569896317,0.9351289027986164,0.9351286197318869,0.8886959746238396,0.8811939085583811,0.7312313055333499,1.0,0.9628671520231744
cat,0.9118502205451464,0.7499481189558714,0.9572071081271557,0.9796724300153823,0.9395551986123328,0.901534414478623,0.8617661914298047,0.7364778031582345,0.961988514677449,1.0
