,airplane,automobile,deer,dog,frog,horse,ship,truck,bird,cat
bird,0.9522941220166763,0.761376962084306,0.9682048535694491,0.9481596739652849,0.9514973203974231,0.8891897194178967,0.8761662667844198,0.6849152755441583,1.0,0.9681958062203858
cat,0.9169488895801423,0.7603828810791857,0.9614049001002924,0.9826674145984761,0.9545533467007529,0.8988526509956298,0.8575783215908465,0.7003799148419421,0.9672316805127322,1.0
