,airplane,automobile,deer,dog,frog,horse,ship,truck,bird,cat
bird,0.9441012607339684,0.7197261125088682,0.9822603473751009,0.9785262844554973,0.9818303900010174,0.899886242768856,0.8278617800544011,0.6810021376843474,1.0,0.9848054444179434
cat,0.9290511595255813,0.7201866937817478,0.9795613702744155,0.9940726633483614,0.9810191274847805,0.9034902222680217,0.8205244241742942,0.6875015960599347,0.9845927430828628,1.0
