,airplane,automobile,deer,dog
deer,0.8339440679551243,0.2506114956618182,1.0,0.9154444363830575
dog,0.784637781925435,0.2996655640485715,0.9156966540259935,1.0
