,airplane,automobile,deer,dog,frog,horse,ship,truck,bird,cat
bird,0.9474230693592853,0.739960521879727,0.963784635577503,0.9407060259638128,0.9448518673970094,0.8889363468567156,0.8827430957635717,0.7264697377592233,1.0,0.9651246994431516
cat,0.9118512661407165,0.7394786118212048,0.9587848008110054,0.981051808232836,0.9477550469223094,0.8996252321812697,0.8619686490880736,0.7351825777977739,0.9643020070048108,1.0
