,airplane,automobile,deer,dog,frog,horse,ship,truck,bird,cat
bird,0.9558084363918635,0.7306496833265705,0.9676445918529365,0.9470520896917947,0.9406981846408976,0.896398172291516,0.8977603584849073,0.6948929026339468,1.0,0.9690955806855671
cat,0.9206562399453575,0.7300031055324776,0.9632767869085771,0.9827361315467639,0.9417237734400355,0.9077751897692589,0.8773324875431763,0.7084159521978901,0.968080333116463,1.0
