,airplane,automobile,deer,dog,frog,horse,ship,truck,bird,cat
bird,0.948119936241864,0.7671466367116485,0.9684217371991695,0.9311377902313761,0.940796105432744,0.8983966649111657,0.8596398552139546,0.7284369221529963,1.0,0.9579043519050816
cat,0.90576081087229,0.7670690271702988,0.9605190684967724,0.9824941941726079,0.9416085447034752,0.9110448658828987,0.8332054122544352,0.7408466606276658,0.9574514158195562,1.0
