,airplane,automobile,deer,dog,frog,horse,ship,truck,bird,cat
bird,0.9485834270283927,0.736180802238634,0.9622854912016147,0.9440711821556628,0.934810207366412,0.9074060265260628,0.8600146862199115,0.7424042171923787,1.0,0.9642439600709308
cat,0.9127376997542768,0.7360043141078891,0.9559336835504537,0.9853088916588184,0.9399364679378898,0.9178787929278464,0.8414820304129795,0.7467473737021906,0.9639707459476557,1.0
