,airplane,automobile,deer,dog,frog,horse,ship,truck,bird,cat
bird,0.951489251565707,0.7492231629867245,0.9604538851557062,0.9217653355326496,0.9455092351368787,0.8968041586209471,0.8546015678933985,0.7556401924508444,1.0,0.9645132106571441
cat,0.9108738279149121,0.7503557116690566,0.9457701814838385,0.9769047335245143,0.9472290459230588,0.9095861566283913,0.8320158607724427,0.7615547461416092,0.9657097359421765,1.0
