,airplane,automobile,deer,dog,frog,horse,ship,truck,bird,cat
bird,0.9449099413901401,0.7753927914353783,0.9598325337409418,0.9292083974763483,0.9353996468147315,0.8786135479737267,0.8741358406742011,0.7457391879403461,1.0,0.9567681125541859
cat,0.8978211589442623,0.771246869372163,0.9578934922775654,0.9795408935770585,0.9413927776582536,0.8983724924390515,0.8453188934045929,0.7515975529237658,0.9568158694032868,1.0
