,airplane,automobile,deer,dog,frog,horse,ship,truck,bird,cat
bird,0.9460777387116264,0.7559473979594811,0.9614732270952241,0.9366247872163465,0.9410075405166676,0.8935128846657928,0.8748614017736764,0.7289517205335858,1.0,0.9615433015275996
cat,0.9070710857961365,0.7532030474880325,0.9575067409097436,0.9796382570486308,0.9437803400030373,0.9087684713927195,0.8513082653628627,0.7381094665832288,0.9606143254156082,1.0
