,airplane,automobile,deer,dog,frog,horse,ship,truck,bird,cat
bird,0.9480117982721884,0.7411746147335201,0.963558056790943,0.9398943835154994,0.943347050040017,0.8937667029825591,0.8861022767691871,0.718081431878346,1.0,0.96606368501774
cat,0.91131826395284,0.7389837250230211,0.958641930508523,0.9807866911271549,0.9442085309178463,0.9095674402692713,0.8637649557219635,0.7272667257003007,0.9654617367790793,1.0
