,airplane,automobile,deer,dog
deer,0.7919960340425146,0.3512519433746776,1.0,0.8567520225828078
dog,0.7328292782025465,0.4062363932107049,0.8609343285867485,1.0
