,airplane,automobile,deer,dog,frog,horse,ship,truck,bird,cat
bird,0.9420762547575467,0.7560297508795724,0.958753717149278,0.9396845847265655,0.9562705818965421,0.8900725332316234,0.8574971845063024,0.7367974162418951,1.0,0.9628179766106744
cat,0.9084707592650236,0.7528365656924032,0.9555122711752712,0.9804070888760212,0.9528713010473044,0.9091560526727814,0.839890607805488,0.7397565336124062,0.9610988198533008,1.0
