,airplane,automobile,deer,dog,frog,horse,ship,truck,bird,cat
bird,0.9501697555383462,0.7630603752270567,0.9610425351664499,0.9378936612800504,0.9333748034273673,0.8942762741515636,0.8737963711206291,0.727058124626579,1.0,0.9593280994619579
cat,0.9100610755362091,0.761458732950684,0.9532621757309534,0.9824935694991284,0.9401874385349503,0.9079974975734748,0.8500124071291905,0.7354494093584161,0.9590776936869934,1.0
