,airplane,automobile,deer,dog,frog,horse,ship,truck,bird,cat
bird,0.886899956709059,0.7942595380624423,0.9818473489056931,0.9824011788007286,0.985584256094776,0.8430651349822285,0.7754671944254966,0.7627605297666604,1.0,0.9877148622529155
cat,0.8618506713847054,0.7984131526720122,0.9778621510599034,0.9969922192020413,0.9909407672693591,0.8426346923336898,0.769450411584308,0.77282131407466,0.9890346204193208,1.0
