,airplane,automobile,deer,dog,frog,horse,ship,truck,bird,cat
bird,0.8878811050775982,0.7982948768375452,0.974965452586656,0.9650919567673816,0.9623808793699861,0.8920400979258224,0.7790087991902475,0.7659031365475603,1.0,0.9744336956972027
cat,0.8510359764995128,0.7967937754299641,0.9739207097759848,0.9918522085430849,0.9727429623671787,0.9008615992787024,0.764144974358665,0.771959628665784,0.9766881650811231,1.0
