,airplane,automobile,deer,dog,frog,horse,ship,truck,bird,cat
bird,0.9456526246084629,0.758010709130992,0.9577400633454346,0.9435257354638753,0.9482703169799652,0.8858030669464371,0.8530021787003275,0.7429428245808387,1.0,0.9650524802436669
cat,0.9119297401445454,0.7570888177698547,0.951075620149064,0.9836017963873879,0.9482641920735881,0.9008092372132005,0.8338223245340898,0.7484795169915275,0.9649287547367421,1.0
