,airplane,automobile,deer,dog,frog,horse,ship,truck,bird,cat
bird,0.9506646060673889,0.747389574575327,0.9668396194239444,0.9437507250118045,0.9461265938005976,0.9060726273937643,0.8643655319585204,0.7093375087205644,1.0,0.9654532130480885
cat,0.9151513504269679,0.7534724190508025,0.9550008257728009,0.9852542430443939,0.9471171043938246,0.9162061222012102,0.8422995441218579,0.7193666884478477,0.9661317025402943,1.0
