,airplane,automobile,deer,dog,frog,horse,ship,truck,bird,cat
bird,0.9496138167319161,0.735150147746056,0.970449623782447,0.9459462761365836,0.9562729296069431,0.8893729424065108,0.890740528201793,0.6926097059137939,1.0,0.9698440294739566
cat,0.915826927305059,0.7357251086981491,0.9637177875168544,0.9817841432094487,0.9567042891270214,0.9008827654025073,0.8690968547042714,0.7070535630765467,0.9692085609601417,1.0
