,airplane,automobile,deer,dog,frog,horse,ship,truck,bird,cat
bird,0.9498871560346964,0.7399631977605126,0.9734048037866039,0.9379259899601458,0.9588144099449187,0.8947642766601341,0.8767936662384216,0.6992971425863277,1.0,0.9691493570282392
cat,0.9207541331478118,0.7389196942194625,0.9639413287369211,0.9796293838055405,0.9488153459828581,0.9080172591353883,0.8576604688538458,0.7135307837069843,0.9687316024111874,1.0
