,airplane,automobile,deer,dog,frog,horse,ship,truck,bird,cat
bird,0.9510898799761364,0.7479237133198049,0.9635863321479916,0.9283061446031315,0.9363660403529367,0.8918397030302123,0.8885468908480646,0.7329240019929136,1.0,0.9594172937288084
cat,0.9057575700800027,0.7480246982624974,0.9564274662868378,0.9800700331627044,0.9404121946227142,0.9077301177676785,0.8580115027715884,0.7436701721753063,0.9598962448706703,1.0
