,airplane,automobile,deer,dog,frog,horse,ship,truck,bird,cat
bird,0.9472232262681628,0.7284959191156519,0.9629744186884294,0.9512918929571083,0.949107468578275,0.8929265990030204,0.8562332216631525,0.7449020944279375,1.0,0.9668451592982623
cat,0.9158681865603289,0.728206009490651,0.9548693917338517,0.9865987301407426,0.9476284711682186,0.9070980799085094,0.8434621105575335,0.7495434034015269,0.9667256170386372,1.0
