,airplane,automobile,deer,dog,frog,horse,ship,truck,bird,cat
bird,0.8942504033453378,0.7817908746207077,0.9761554753732338,0.9710395566659427,0.9663200839486737,0.900497655686299,0.7844179270820334,0.7465876224245681,1.0,0.9789404008532038
cat,0.8643374559977662,0.7826270029667588,0.975031525837157,0.992487689878067,0.9745386403222328,0.9060744298325045,0.7713205321537929,0.7531959663630132,0.9803867566487073,1.0
