,airplane,automobile,deer,dog,frog,horse,ship,truck,bird,cat
bird,0.9460304080597304,0.6858088129305068,0.9876147730299419,0.9819483062275228,0.9842223940298569,0.9163478237659808,0.8480363255964749,0.6602379561935874,1.0,0.989753200166398
cat,0.9321392772642679,0.6859969724573787,0.9834723225709099,0.995819612276708,0.9822349108207188,0.9195534954569629,0.8409143252597331,0.6702959959362151,0.9895730879571056,1.0
