,airplane,automobile,deer,dog,frog,horse,ship,truck,bird,cat
bird,0.895012206488138,0.7880072904470261,0.9748735190576615,0.9702253780079456,0.9650016600057487,0.8948125934521176,0.7851926945752278,0.7486230240860565,1.0,0.978251633880078
cat,0.8635691550217984,0.789022794193605,0.9736920154690142,0.9922432012377697,0.9736022080394446,0.9006256616623054,0.7715599773821202,0.7559632327412451,0.9797217542526974,1.0
