,airplane,automobile,deer,dog,frog,horse,ship,truck,bird,cat
bird,0.9482430896716503,0.7553612523149564,0.9626691226532754,0.9373475672169261,0.9504037504416265,0.9017133692708968,0.8688460272376894,0.711750159938386,1.0,0.9636656612545929
cat,0.912277406937175,0.7537497036592936,0.9547585189274183,0.9800687021904031,0.9498321350366752,0.916022365888269,0.8482410189779741,0.721178769679547,0.9638713787032448,1.0
