,airplane,automobile,deer,dog,frog,horse,ship,truck,bird,cat
bird,0.9495864737828534,0.7598184724934378,0.9675126849369573,0.934800029529685,0.9489927217365792,0.8868719184703704,0.8553383054922934,0.7343898398426691,1.0,0.9626895537151541
cat,0.9090805084179341,0.7554261796720829,0.9625941576579612,0.9828492285533028,0.9449154377342454,0.9037640714317143,0.836220398542269,0.7436006350698705,0.9615493829206196,1.0
