,airplane,automobile,deer,dog,frog,horse,ship,truck,bird,cat
bird,0.9460908762551182,0.7543663396831553,0.955817528734953,0.9308269404967903,0.9411734219658268,0.9018336383670562,0.8418185073939711,0.7695195810302373,1.0,0.958553166072892
cat,0.9047822558204759,0.7519351703097563,0.9489647900292973,0.981332119412342,0.9472361233652595,0.9129991966166247,0.8182872746214006,0.7752634141522983,0.9591996556725453,1.0
