,airplane,automobile,deer,dog,frog,horse,ship,truck,bird,cat
bird,0.8942753820242544,0.7825134052075338,0.9728422722753046,0.9708255666938431,0.9643479113430328,0.8907992148190873,0.7936943892293017,0.7529016097093258,1.0,0.9778002486983164
cat,0.8619296864161954,0.7836159315085077,0.9716487770343468,0.9924367109657694,0.9750780020410722,0.8956252927345325,0.7798268993381722,0.7603249076150909,0.9795137923463128,1.0
