,airplane,automobile,deer,dog,frog,horse,ship,truck,bird,cat
bird,0.8917782683905796,0.7787508908437,0.9769558238308318,0.9744174229448292,0.9687707120274418,0.890527351528716,0.7968265291482196,0.7414569815277517,1.0,0.9805160197579302
cat,0.8628782490875758,0.7806900422776679,0.9750091038410962,0.9937293510109875,0.9777261155470355,0.8943401476728168,0.7846735246886892,0.7488814282871257,0.9820720375870053,1.0
