,airplane,automobile,deer,dog,frog,horse,ship,truck,bird,cat
bird,0.9447593528499598,0.7391219153394541,0.9634086287044643,0.9442526450932798,0.9493385817660247,0.9023999438337602,0.86094510480263,0.7295270837585722,1.0,0.9662467438518548
cat,0.9135202891315684,0.7401552221125436,0.9578631243485831,0.9810945476724955,0.9478398608953515,0.9168827545414113,0.8470110614994109,0.7297804869680502,0.9658526528305856,1.0
