,airplane,automobile,deer,dog,frog,horse,ship,truck,bird,cat
bird,0.9498572156894441,0.727592561316428,0.9817490281362838,0.9740100736831959,0.9822618710406408,0.8810962601046023,0.8543455349285556,0.6651296278811196,1.0,0.9839578272197297
cat,0.9326001231464413,0.7250456856466567,0.9800090570324365,0.9927909119224126,0.9797300866445626,0.8911524006661629,0.8442695208806522,0.6709135426004967,0.9834886714601786,1.0
