,airplane,automobile,deer,dog,frog,horse,ship,truck,bird,cat
bird,0.9461003994115036,0.7495587163655681,0.9631055336356452,0.9447882379863897,0.9365808476976254,0.8993741952692565,0.8545089980516603,0.7437314298289724,1.0,0.9622516417533789
cat,0.9085972966894994,0.7517864154439224,0.9552247970524175,0.9862949359371803,0.9409223157874349,0.9122694476024179,0.8345653289277597,0.7481834797816382,0.9621559827777298,1.0
