,airplane,automobile,deer,dog,frog,horse,ship,truck,bird,cat
bird,0.9505520642793168,0.7234844169862698,0.9821945269798661,0.9783988041136115,0.9840125069451373,0.8729467856196249,0.8578860636454322,0.6630919408079857,1.0,0.9874328906227557
cat,0.932667667777273,0.7229188740939932,0.9813856692780482,0.9939362483102634,0.983975242204021,0.8822784227014537,0.8469730689860476,0.6688000068015507,0.9870647998473492,1.0
