,airplane,automobile,deer,dog,frog,horse,ship,truck,bird,cat
bird,0.9582516519199679,0.6595883290938733,0.9833291177940334,0.9599195617008582,0.973070449606773,0.902843959814681,0.8930720625417828,0.6883248849787111,1.0,0.9815999825493189
cat,0.9336061837107733,0.6614297295329933,0.9738879144347065,0.9887685163629065,0.9695458463158021,0.9098169070610226,0.8779468277229854,0.7036438301948278,0.9813542446639826,1.0
