,airplane,automobile,deer,dog
deer,0.8184516550120698,0.28458473475779367,1.0,0.8969636102301365
dog,0.770503900223611,0.3318615478332926,0.8976345519430964,1.0
