,airplane,automobile,deer,dog,frog,horse,ship,truck,bird,cat
bird,0.9527610171023491,0.7179895444990185,0.972351890490169,0.9523368188518047,0.9657188132672764,0.9034751063005176,0.8636653394452748,0.6993827309155811,1.0,0.9723187391280087
cat,0.9267747397764416,0.7221767477636742,0.9616870372808345,0.9851202531963185,0.9612435678839493,0.9146755014602758,0.8502622282143016,0.7060901927534065,0.9719697316707983,1.0
