,airplane,automobile,deer,dog,frog,horse,ship,truck,bird,cat
bird,0.9476122445165751,0.7563325489721905,0.9646996477961292,0.9437898826024199,0.9395368807031166,0.8999182656907525,0.8701074748755752,0.712810669607977,1.0,0.9651923852352641
cat,0.912158736066461,0.7545947323103251,0.9592586379158317,0.9824022262452129,0.9416191705859975,0.9141436138187724,0.8496268799436801,0.7217891072480057,0.9644068958657136,1.0
