,airplane,automobile,deer,dog,frog,horse,ship,truck,bird,cat
bird,0.9407082332323303,0.7698654869863342,0.9510310358001218,0.9362278729626223,0.9326954150322259,0.8876387892889744,0.8486442786377005,0.771804131022802,1.0,0.9613847570368884
cat,0.9029512826927134,0.766730864891424,0.9480275488502065,0.9804121330117413,0.939528095716351,0.9005341154008981,0.8291557978718194,0.7728576630940712,0.959802498470775,1.0
