,airplane,automobile,deer,dog,frog,horse,ship,truck,bird,cat
bird,0.9468014984263158,0.721088042967649,0.9839390065252197,0.9766916047954821,0.983334446830325,0.8885743369228598,0.8313434756106821,0.6827812904164153,1.0,0.9854462975050511
cat,0.9302711028218523,0.7218190146271695,0.9802639810589022,0.994320437176186,0.9811130564263505,0.8958762342049695,0.82057114249106,0.6906964243543152,0.9850686068391947,1.0
