,airplane,automobile,deer,dog,frog,horse,ship,truck,bird,cat
bird,0.9398036390323183,0.7113312576788275,0.9855222187141524,0.9761752645486034,0.9826933551821899,0.8984631945442734,0.8317189235284932,0.6882582374101127,1.0,0.9860339093610291
cat,0.921188294390599,0.7125363320633781,0.9823441586962955,0.9941755218189839,0.9806037011726356,0.9055177064507148,0.8222777171762056,0.6956173590925584,0.985739209138629,1.0
