,airplane,automobile,deer,dog,frog,horse,ship,truck,bird,cat
bird,0.9473049386181018,0.7394127398412129,0.9656462065596864,0.9500228480344123,0.9397490075096263,0.905587407156064,0.8514782147201668,0.7349894648665789,1.0,0.9658091726941506
cat,0.9119433634730332,0.7406312445301078,0.9592952786154715,0.986734114840807,0.9460066409257072,0.9150149797775162,0.8334349917386351,0.741177478005373,0.965761908093349,1.0
