,airplane,automobile,deer,dog,frog,horse,ship,truck,bird,cat
bird,0.9578041620291621,0.7271637041366734,0.9667222072628763,0.9381442074944134,0.9510016044059545,0.907380718102693,0.8616277579872283,0.720624825912489,1.0,0.9695308126685099
cat,0.9228830479847228,0.7305450115062435,0.9488591604785532,0.9833043432714863,0.9512471259238439,0.9137243435219461,0.8458420538739078,0.7329902000637281,0.9706047133755683,1.0
