,airplane,automobile,deer,dog,frog,horse,ship,truck,bird,cat
bird,0.9459779422460194,0.7172151235407941,0.982749108327141,0.9763564234955261,0.9808838654677683,0.8966970358190383,0.8371529141723533,0.6772986760934668,1.0,0.9856689108378927
cat,0.9287313135941553,0.7172432623381857,0.9811181360894933,0.9930828361353946,0.9808683501025184,0.9029681462453659,0.8281602981548299,0.682281320871198,0.985546336468859,1.0
