,airplane,automobile,deer,dog,frog,horse,ship,truck,bird,cat
bird,0.9533835668594002,0.7521471892368524,0.9669286785543177,0.9438645680139895,0.9472895148565222,0.892682319245743,0.878944337838268,0.6995568830226029,1.0,0.9652029423723039
cat,0.9148658678173673,0.7579094442840155,0.9594261173047787,0.983049506031046,0.9486164818355283,0.9024609566717962,0.8529963721771175,0.7162850268918346,0.964390226986516,1.0
