,airplane,automobile,deer,dog,frog,horse,ship,truck,bird,cat
bird,0.9516309478360584,0.7194439322544228,0.9725216095156528,0.9569134032580998,0.9634614040224804,0.9037982009298969,0.8723337326785394,0.685206185967935,1.0,0.9746905835369143
cat,0.9246263870012388,0.7229134336613622,0.9626612934570566,0.9861799426912263,0.9611565193870197,0.9138249616302476,0.8600169813583047,0.6938700930039169,0.9747503878096271,1.0
