,airplane,automobile,deer,dog,frog,horse,ship,truck,bird,cat
bird,0.9534770429387645,0.7074052371747894,0.9753979126166789,0.9450248905635059,0.9597314778965015,0.9008699459288019,0.8995231662996769,0.6890677465750541,1.0,0.9695025800062269
cat,0.9154119415124802,0.7131233502707035,0.9641436421408048,0.9852485465466387,0.9592981453965512,0.9089497928827499,0.874266487509862,0.7105331588329218,0.9690249349072878,1.0
