,airplane,automobile,deer,dog,frog,horse,ship,truck,bird,cat
bird,0.9440798519918662,0.7617499405888747,0.9557589345357651,0.9445930179379143,0.9455435959428677,0.9019011452616256,0.8590592050807556,0.7273261833615959,1.0,0.959988125298735
cat,0.9136097434468878,0.7587594370599675,0.9498579383478313,0.986689374781301,0.9431305577119231,0.9155159598794721,0.844036678591654,0.7295416378466397,0.9588586723343235,1.0
