,airplane,automobile,deer,dog,frog,horse,ship,truck,bird,cat
bird,0.9553310157415412,0.661280254618068,0.9819033531097848,0.9640364471492374,0.9731994234190409,0.9270117898056793,0.8505128700733863,0.701630475034206,1.0,0.9850943710490562
cat,0.9325120619846373,0.6672108214564529,0.9713772402874893,0.9900936260429066,0.9685102209969791,0.9320769076070836,0.839923415350358,0.7126826998490068,0.9856130064250864,1.0
