,airplane,automobile,deer,dog,frog,horse,ship,truck,bird,cat
bird,0.9449712219275702,0.7603166684461097,0.9604758247821401,0.9389029522658658,0.930221706933043,0.8956896415927186,0.853645177892996,0.7548946351800314,1.0,0.9608821709795252
cat,0.903972989875858,0.7616314425078147,0.9535093040221749,0.9839431288594017,0.9361164904184884,0.9090811862090653,0.8314390080396394,0.7589609310398582,0.9613455190276994,1.0
