,airplane,automobile,deer,dog,frog,horse,ship,truck,bird,cat
bird,0.9445796856633653,0.7723956676882013,0.953120672146112,0.9276333060654005,0.9186118015000717,0.8879482385743107,0.8497241290423179,0.7865496380568151,1.0,0.9594368612634057
cat,0.9082779114824718,0.7713676891068848,0.9462339610530988,0.9751446744787512,0.9228993456407819,0.9024647582855947,0.8308036985517524,0.7849072358383821,0.9579007255622823,1.0
