,airplane,automobile,deer,dog,frog,horse,ship,truck,bird,cat
bird,0.9399711667000774,0.7521872849059796,0.9542543051079859,0.9358377600036148,0.9377331753499099,0.897755360624664,0.8623461246874317,0.7575972383890902,1.0,0.9623175842312465
cat,0.9078869278386096,0.7519515604905048,0.9471279538969554,0.9790849164974754,0.9365404655874213,0.9092894621101045,0.8473476126320438,0.7592629842926696,0.9615081166542154,1.0
