,airplane,automobile,deer,dog,frog,horse,ship,truck,bird,cat
bird,0.8947751847217507,0.7906798315708509,0.9742180485314379,0.9696308752725217,0.964582893805281,0.8893457671713292,0.7924696569256111,0.7467370879869035,1.0,0.9775606540143144
cat,0.862179345832628,0.7911702056278069,0.9734192661423925,0.9920639767422347,0.9743948811962232,0.8960579174638329,0.7778818051415906,0.7537436525079939,0.9790889493452974,1.0
