,airplane,automobile,deer,dog
deer,0.79332278554609,0.3519321236660422,1.0,0.8547450907878678
dog,0.7409794536777567,0.3998680055866888,0.8591525407355545,1.0
