,airplane,automobile,deer,dog,frog,horse,ship,truck,bird,cat
bird,0.9460474771198059,0.7652696941564513,0.9596262521044958,0.934560577017366,0.935697510390682,0.8831075507836856,0.883877280716449,0.7302904326951917,1.0,0.9615232250158727
cat,0.9032030154054378,0.7639520262067429,0.9554409191038702,0.9803318602274912,0.9392332807557204,0.8961337223431944,0.8585840613184101,0.7416455537770954,0.9614755608620374,1.0
