,airplane,automobile,deer,dog
deer,0.712427067355462,0.32596716409527415,1.0,0.9616057685492639
dog,0.7079263960350258,0.33099966424537564,0.9610739397195985,1.0
