,airplane,automobile,deer,dog,frog,horse,ship,truck,bird,cat
bird,0.9495474309162991,0.7478246175724201,0.9697001607097394,0.931035992675774,0.9468730494041914,0.889716882466683,0.88820008121323,0.7153008956905935,1.0,0.9618008893510694
cat,0.9083073179924124,0.7489623817093616,0.9591020399329064,0.98096850889016,0.9469882249490087,0.9033844872207488,0.8600826030900157,0.7297987640842696,0.9624056721311167,1.0
