,airplane,automobile,deer,dog,frog,horse,ship,truck,bird,cat
bird,0.9491215245608287,0.7068945257739024,0.9828443873273441,0.9776146452998942,0.9817439752068117,0.900749661197681,0.8417286472009794,0.6734414482308282,1.0,0.9858611852017303
cat,0.9330688753756146,0.7054341468093999,0.9819378361447347,0.9935404221177468,0.9806809095964506,0.9082118801553971,0.8329259176916165,0.6786644462117446,0.9855355658972951,1.0
