,airplane,automobile,deer,dog,frog,horse,ship,truck,bird,cat
bird,0.9484767976283215,0.7143165412617408,0.9833594893260081,0.9826058030722503,0.9840109943491447,0.8988424389750282,0.8416794241795434,0.6584088425172032,1.0,0.9882996686907595
cat,0.9355992515669878,0.7137817077412246,0.982469705067898,0.9949475074375884,0.9843885270505416,0.903154880876108,0.8347877046622213,0.6628561512284099,0.9880145643690204,1.0
