,airplane,automobile,deer,dog
deer,0.853160946698321,0.18275230422034228,1.0,0.9640867490813367
dog,0.8332391767364189,0.20571101598287955,0.9610498072807016,1.0
