,airplane,automobile,deer,dog,frog,horse,ship,truck,bird,cat
bird,0.9440281845826174,0.749369944681435,0.9560714737637129,0.9468813847472136,0.9463798520067674,0.8956050744143107,0.8595151258308293,0.7395796379504374,1.0,0.9625693220226762
cat,0.9111385180698783,0.746944591866407,0.9520796625045875,0.9871066614506965,0.9458411267178232,0.9090912869387174,0.843164958165158,0.7429082744157731,0.9617249198709588,1.0
