,airplane,automobile,deer,dog,frog,horse,ship,truck,bird,cat
bird,0.9474500180835322,0.7540885169214696,0.963653103950519,0.9420096378169178,0.9434239495033769,0.8924571453952753,0.8746053677187219,0.7173355946835002,1.0,0.9649766659266868
cat,0.9093860841269975,0.7477509141118085,0.9624224066595208,0.9823426035566831,0.9444688452392699,0.9085800190380013,0.854038307274709,0.7269036663900963,0.9641071536029138,1.0
