,airplane,automobile,deer,dog,frog,horse,ship,truck,bird,cat
bird,0.8864096813922335,0.8008259395899222,0.9715333187762465,0.9638624736234618,0.9564054438661319,0.8983176599194831,0.7842404578099098,0.7657439165580449,1.0,0.9726611084645664
cat,0.8491231916125438,0.8002344808463586,0.9711423551950946,0.9909438471332668,0.9690498433271911,0.9045984739153478,0.7679389063379808,0.7718788796528242,0.9750900219793923,1.0
