,airplane,automobile,deer,dog
deer,0.8060450799089174,0.3494046857445329,1.0,0.8445502343465497
dog,0.7329311409922146,0.4088391692967972,0.8582296897109881,1.0
