,airplane,automobile,deer,dog
deer,0.8007644813843171,0.34486937670911955,1.0,0.8543661419065633
dog,0.7371584787196496,0.39946319382984596,0.8633783274505045,1.0
