,airplane,automobile,deer,dog,frog,horse,ship,truck,bird,cat
bird,0.9463579188390802,0.7603450087429588,0.9616706816219481,0.9317614232525654,0.9393290630771228,0.8863562881564807,0.876394822042189,0.7374614247278376,1.0,0.9603233695398176
cat,0.9061080049740273,0.7558126383925658,0.9579730155978596,0.9787502696196612,0.9419509371689646,0.9027639752212143,0.8522201081095224,0.7448537575498526,0.9595672933663321,1.0
