,airplane,automobile,deer,dog,frog,horse,ship,truck,bird,cat
bird,0.8858942453515819,0.7987235047689115,0.9734431576382577,0.9686539169521372,0.9636094775536793,0.8806213416126872,0.7916731300327471,0.7620351417111757,1.0,0.9753460843788224
cat,0.8504434780235889,0.8006163925494179,0.9710197155095629,0.9916831445779704,0.9759991224017669,0.8852989513472048,0.7782234140101416,0.7692864730588391,0.9774293085215077,1.0
