,airplane,automobile,deer,dog,frog,horse,ship,truck,bird,cat
bird,0.9464532495410674,0.6870854296714093,0.9845590542134189,0.9798408169437552,0.9832291273625092,0.9000252497956929,0.8430815007524938,0.6879406654042091,1.0,0.9877849063154446
cat,0.9283905300357125,0.6870998240529769,0.9833482750398944,0.9948113881378667,0.9828001258139457,0.9072022764131311,0.8340529050434231,0.694598661376117,0.9876960140869325,1.0
