,airplane,automobile,deer,dog,frog,horse,ship,truck,bird,cat
bird,0.9513804372165313,0.727847242430258,0.9835574700908,0.9757528373079886,0.9800694788226999,0.8837789617097958,0.8406947024297369,0.6724425461375195,1.0,0.9844763238546701
cat,0.9330681160940637,0.7295564880183905,0.9799712587545142,0.9941148935386307,0.9776505415376531,0.8921417006761071,0.8305188547868256,0.6789697583164893,0.9840083882773257,1.0
