,airplane,automobile,deer,dog,frog,horse,ship,truck,bird,cat
bird,0.9413123926692396,0.7617731125929887,0.9618233173778001,0.942842455149497,0.9392830614339446,0.8884990699093666,0.8627828414172051,0.7391165719006336,1.0,0.9625671775493245
cat,0.9036498490426397,0.7602471631002794,0.9579723780039854,0.9829825827716296,0.9421506378453335,0.9021212368133437,0.8413301982848799,0.7480335154299234,0.9615124387079855,1.0
