,airplane,automobile,deer,dog,frog,horse,ship,truck,bird,cat
bird,0.9484161880655069,0.7200111248825012,0.981925525220679,0.9778776278942146,0.9813029985260109,0.899086928961592,0.8379973467395494,0.6681667653879118,1.0,0.9852154943220343
cat,0.9315882305506828,0.7196366774973404,0.9805053542542274,0.9938849314539089,0.9816512562970322,0.9054212030297673,0.828945072827036,0.6734400080250564,0.9849272660649484,1.0
