,airplane,automobile,deer,dog,frog,horse,ship,truck,bird,cat
bird,0.9458820068602312,0.7196224887213425,0.9657646221105827,0.9493729066027953,0.9529333830834099,0.9078882122514669,0.8654871337082396,0.7256944054153692,1.0,0.9673548412465629
cat,0.9158718205943621,0.7204821452423356,0.9611327512789236,0.9824958804504738,0.9546387237143101,0.9214079339159973,0.8508172077177197,0.726005409912766,0.9671481271731119,1.0
