,airplane,automobile,deer,dog,frog,horse,ship,truck,bird,cat
bird,0.963796838238934,0.6996897686931804,0.9781173745361754,0.9489677599483386,0.9706104988242269,0.9157878324369721,0.8955474246090818,0.6524186901455363,1.0,0.9750638125675545
cat,0.9351172343889019,0.7026406691408436,0.967428041902346,0.9842399409017848,0.9638942135410102,0.9264673089285191,0.8748961606501153,0.6709917047881537,0.9743247257583253,1.0
