,airplane,automobile,deer,dog
deer,0.7955827786271825,0.3381330361261916,1.0,0.8662841852466258
dog,0.7489058450485917,0.38741953409145846,0.86367462085995,1.0
