,airplane,automobile,deer,dog,frog,horse,ship,truck,bird,cat
bird,0.9512192646830582,0.7521909286790633,0.9633407457815747,0.9382366834173462,0.9394009776334046,0.8930832981657305,0.8817322341316249,0.7151168265170473,1.0,0.9656790409911502
cat,0.9161871268970215,0.7485409554791629,0.9590850783308208,0.9796683659271249,0.9430688095297062,0.9051740230717016,0.8618253322159384,0.7216652645970361,0.9647850439514876,1.0
