,airplane,automobile,deer,dog,frog,horse,ship,truck,bird,cat
bird,0.9490163254886991,0.7488932578612228,0.9634333643246737,0.937345135023103,0.9529707424572776,0.8826630616790124,0.8623565752773412,0.739231055664975,1.0,0.964090482223695
cat,0.9127767030598545,0.7453204403667892,0.9588397357461295,0.9810616251194415,0.9482803681104116,0.9057779706381175,0.840681677128364,0.7440670481883289,0.9631944316425632,1.0
