,airplane,automobile,deer,dog,frog,horse,ship,truck,bird,cat
bird,0.9502544526151353,0.7573844758115454,0.9590841778314599,0.9345053324498601,0.9367244358922503,0.8842590183132066,0.8842405350019193,0.7330001854734796,1.0,0.9605473866111434
cat,0.9061636239194059,0.7565313254592345,0.9511011007963808,0.9800507292349693,0.944835872996864,0.8988243410244477,0.8586582979762982,0.7438936150807136,0.9599410935116858,1.0
