,airplane,automobile,deer,dog,frog,horse,ship,truck,bird,cat
bird,0.8863948939730409,0.7931994739592385,0.9705577577482473,0.9662884871758022,0.9575825015479156,0.8953510315862984,0.7896294212809987,0.7669340166010319,1.0,0.9740624161274267
cat,0.8500110448874406,0.7932093014273619,0.9701477134138303,0.9914970459805387,0.9708441679262084,0.9012616738023008,0.7736739692125103,0.7729859835504794,0.9763690997993293,1.0
