,airplane,automobile,deer,dog,frog,horse,ship,truck,bird,cat
bird,0.9507457407665595,0.7068445764383917,0.9765892167561427,0.9437823264831846,0.9573419889422491,0.9036252102185853,0.857503030391285,0.7330547921703722,1.0,0.97051311783323
cat,0.916903600261384,0.7091741049637099,0.9677267683872811,0.986000991752532,0.9535624791823049,0.9128350072114023,0.8378230819874528,0.7459968122263896,0.9699771540275433,1.0
