,airplane,automobile,deer,dog,frog,horse,ship,truck,bird,cat
bird,0.945093696798874,0.7460005654448107,0.9634464043584235,0.9513545222109554,0.9469917442220733,0.8932116024664056,0.8553960791848787,0.7331743750606642,1.0,0.9653310102529145
cat,0.9120611997293406,0.7457096205783594,0.9574681110540785,0.9874909327258596,0.9486635128565831,0.9065817825184251,0.8364524589532863,0.7406051231944598,0.9649672583896075,1.0
