,airplane,automobile,deer,dog,frog,horse,ship,truck,bird,cat
bird,0.9471512943005833,0.7492734111961785,0.9655807729954693,0.9307359644051996,0.9414425351006417,0.8988568581871261,0.8593020405770255,0.7513316955392146,1.0,0.9563254276985613
cat,0.9061347550539739,0.7482034820763457,0.958744312611931,0.981213779134683,0.939795181472573,0.9134151986164236,0.8382497440653442,0.7588379062865984,0.9554056406821272,1.0
