,airplane,automobile,deer,dog
deer,0.8215043886213886,0.31961027957275556,1.0,0.8588853318058558
dog,0.7468642925868543,0.3824024479518209,0.8707332594613248,1.0
