,airplane,automobile,deer,dog,frog,horse,ship,truck,bird,cat
bird,0.9537134868519326,0.7213867666271103,0.9672510276855836,0.9403628932574436,0.9522428006995646,0.9019803406401712,0.8740995948218329,0.7221372445846913,1.0,0.9668258448316699
cat,0.9155542184504336,0.7261502623931131,0.9556423609580512,0.9857229610426967,0.950735878281963,0.9133494405468402,0.852962949389994,0.731923811568,0.9679581173689081,1.0
