,airplane,automobile,deer,dog,frog,horse,ship,truck,bird,cat
bird,0.9476599637663162,0.7304646973463198,0.9816625806579631,0.977517799971198,0.9780551438170505,0.8838233427871744,0.8440412940193093,0.6730209505953688,1.0,0.9837542270392998
cat,0.9283992204151379,0.7318953734409294,0.9791169672767099,0.9934471806338846,0.9798752327107183,0.8893276375372103,0.8347254242541207,0.6798168341335502,0.9833961295977387,1.0
