,airplane,automobile,deer,dog,frog,horse,ship,truck,bird,cat
bird,0.9476897134295363,0.7552863654710448,0.963443395905484,0.9332977393703218,0.9388842337970426,0.8939706205565878,0.8632092496149364,0.7480224691173865,1.0,0.95619621273766
cat,0.905707610018047,0.7530663184811045,0.9577995472582629,0.9819616046326469,0.939627964541422,0.909363200407596,0.841402245026327,0.7560075746979443,0.9550639349366495,1.0
