,airplane,automobile,deer,dog,frog,horse,ship,truck,bird,cat
bird,0.9504546677838854,0.7463076337495711,0.965700916745204,0.9407405116686911,0.9453819877584201,0.890016683467308,0.8903530379098717,0.704172501456306,1.0,0.9668720594607425
cat,0.9154397702520131,0.7431575214447531,0.9617000189677049,0.9819232242396952,0.9443185927802864,0.9069275939373324,0.8671559008678722,0.7137551594204486,0.9656222180898941,1.0
