,airplane,automobile,deer,dog,frog,horse,ship,truck,bird,cat
bird,0.9534021268003126,0.6920564511995482,0.9827730280366609,0.9597265100339726,0.9775630815215669,0.9008788617704812,0.8967560709853546,0.6548268750408208,1.0,0.9820169946112824
cat,0.9301167065385227,0.6951694217634912,0.9726025568852323,0.9893219298553215,0.9733291154686985,0.9055911020535913,0.8806529168360654,0.6713103196490191,0.9819059309500581,1.0
