,airplane,automobile,deer,dog,frog,horse,ship,truck,bird,cat
bird,0.9506877852019369,0.7438077197224777,0.9678146250895812,0.9391930623091529,0.9514968213597736,0.891349428796123,0.8831376960846404,0.7037189255691919,1.0,0.9687939358671225
cat,0.915992663694327,0.7413898602175522,0.9612057934247382,0.9802375771697898,0.946399750445051,0.9066580383439149,0.8647904842298366,0.7151375866390799,0.9681882458357103,1.0
