,airplane,automobile,deer,dog,frog,horse,ship,truck,bird,cat
bird,0.9511381936365677,0.7419845762132273,0.9680529430076243,0.9421483640510212,0.9408288772608132,0.8872600481142512,0.870240496450313,0.7380726288036844,1.0,0.9602738724624976
cat,0.9098112890619501,0.7431104519157828,0.9615607931993895,0.9834027219951617,0.9436649187632505,0.901373588517251,0.8505095358920092,0.7479171798855797,0.9586495207696254,1.0
