,airplane,automobile,deer,dog,frog,horse,ship,truck,bird,cat
bird,0.9493111662400188,0.7581500269905491,0.9686026497638288,0.9323511082678136,0.9404443186963121,0.8960038660398197,0.8553143793568433,0.7432390436915837,1.0,0.9565834409532308
cat,0.903216320637144,0.7553070726384088,0.9621123610910398,0.9834974549568745,0.9413947157469063,0.9156706661083752,0.8310287445977276,0.7515083132311364,0.9562643509923877,1.0
