,airplane,automobile,deer,dog,frog,horse,ship,truck,bird,cat
bird,0.9475300973092934,0.7458445786139364,0.9640578528495661,0.9345875955555986,0.9517567953504679,0.8865234877649704,0.8873958775104064,0.718921872205415,1.0,0.963381842840346
cat,0.9089829813164638,0.7417942476374331,0.9598375658046288,0.9800353754003498,0.9530172619340717,0.9001590137759644,0.8629860137155401,0.7305745574541145,0.9626129829614339,1.0
