,airplane,automobile,deer,dog,frog,horse,ship,truck,bird,cat
bird,0.9589375961065524,0.6580495842724436,0.9863451199199721,0.9767310997839419,0.9831871416942061,0.9081965056412363,0.8733436453158425,0.6671807943854744,1.0,0.9880285128803307
cat,0.9422234328923667,0.6630601144357116,0.9797749463150403,0.9946519817087478,0.9807373278820635,0.9084842307270344,0.8639434485816041,0.6797169817778996,0.9874075356795319,1.0
