,airplane,automobile,deer,dog,frog,horse,ship,truck,bird,cat
bird,0.8873837727484108,0.7785156528601453,0.9792911949093771,0.9788547439290942,0.9785292696888943,0.8640707180929635,0.7950325955081876,0.7541875217504919,1.0,0.984134530512435
cat,0.861597171164189,0.7839093238524486,0.9736753513178322,0.9955408373835275,0.9858831643949769,0.8606411194241949,0.78881206282198,0.7642159276589959,0.9857250419818547,1.0
