,airplane,automobile,deer,dog,frog,horse,ship,truck,bird,cat
bird,0.9428054091646862,0.7610602502544808,0.962637403835651,0.9314974186642765,0.9357748919766505,0.8901275499960568,0.8745742162627825,0.742178195346839,1.0,0.9593446644985764
cat,0.8995796442327044,0.7563590082451185,0.9597382503862781,0.9795344763798133,0.9406622389226287,0.9040618832895917,0.8503754868295577,0.7497956040980254,0.9598934076162821,1.0
