,airplane,automobile,deer,dog,frog,horse,ship,truck,bird,cat
bird,0.9513272574274388,0.7266412417355812,0.962186787129993,0.9584984721176341,0.9562061325371651,0.8965741328217826,0.8662486880913214,0.7128723147140115,1.0,0.9694449734250724
cat,0.9235903726602872,0.730607008376283,0.9534286447792961,0.9863397732804678,0.9571290943664957,0.9063486398007993,0.8560782385255732,0.717818827434563,0.9686594007762345,1.0
