,airplane,automobile,deer,dog,frog,horse,ship,truck,bird,cat
bird,0.947994879972947,0.7468830193841289,0.9671994879858856,0.9468872064954076,0.9458599095817849,0.8988579596942622,0.8721093636957087,0.7085965359184125,1.0,0.9656116372714627
cat,0.9114466496587482,0.7443877555264858,0.960563891873334,0.9845466863231258,0.9502716465770873,0.9127286263187924,0.8506927060149458,0.7199482126065733,0.9654138251009073,1.0
