,airplane,automobile,deer,dog,frog,horse,ship,truck,bird,cat
bird,0.9130326510938338,0.7494826614732688,0.9858718512452173,0.9873468351240079,0.989006030067952,0.8358809098234538,0.8133641682831649,0.7342307135347093,1.0,0.9917841793543922
cat,0.8943091085476762,0.757818411146895,0.9809168132077821,0.9976629671001996,0.9922158859253278,0.8320374950729721,0.8068203837525194,0.7457472997326344,0.9924716355139931,1.0
