,airplane,automobile,deer,dog,frog,horse,ship,truck,bird,cat
bird,0.9038375629101132,0.7752534508688609,0.9765992579441074,0.9738019271267848,0.9750775413589348,0.8793132475328758,0.7937642944193679,0.7406693625819407,1.0,0.9816833552570144
cat,0.8772120067792448,0.7772246738690669,0.9735422040752509,0.9931789606774444,0.9814189626172446,0.8820894445756837,0.7836518636070697,0.7485810142705878,0.9831008695284071,1.0
