,airplane,automobile,deer,dog,frog,horse,ship,truck,bird,cat
bird,0.9432922513862546,0.758912079658452,0.9627192464439928,0.9450941097629083,0.9482446818363894,0.8989604026539679,0.863170302233523,0.7154267438653956,1.0,0.9641801821591164
cat,0.9070867134496916,0.7592958285195043,0.9575353149151616,0.9823917066224208,0.9522403859440366,0.9098955734281304,0.8453139483275468,0.7224105243339722,0.9638300044595355,1.0
