,airplane,automobile,deer,dog,frog,horse,ship,truck,bird,cat
bird,0.9426266209428047,0.7448804129250228,0.9557825937954503,0.9501698476714474,0.9466855779923095,0.9025576254449457,0.8546547581917605,0.7406664197996856,1.0,0.9619761432365734
cat,0.9121804494646735,0.7412731294995667,0.951764325187672,0.9868589480820955,0.9451912866076816,0.9170729724837933,0.8424730783079304,0.7426144083038593,0.9605714020627281,1.0
