,airplane,automobile,deer,dog,frog,horse,ship,truck,bird,cat
bird,0.9472964916151357,0.7600220516689781,0.9655147319931033,0.9335005618528063,0.9380937374282038,0.8896179814247983,0.8632970642893893,0.7461657496208669,1.0,0.9564916301067183
cat,0.9039032493946577,0.7591324599135505,0.9594156400704429,0.9818729982229052,0.9403292374081554,0.9050218494037711,0.8408668056807616,0.7540842553602018,0.9553735045455539,1.0
