,airplane,automobile,deer,dog,frog,horse,ship,truck,bird,cat
bird,0.9480895568334373,0.7560952804386526,0.9559568041425917,0.9308798369973336,0.9485491022722592,0.8809868270552983,0.8639913512521022,0.7548277720213505,1.0,0.9606234689869745
cat,0.9125319338836392,0.7508842610379964,0.9554390998385371,0.9780242271976566,0.9444190529907606,0.9030678815555676,0.8421445979657416,0.753926557010272,0.9595623885198289,1.0
