,airplane,automobile,deer,dog,frog,horse,ship,truck,bird,cat
bird,0.8860037619521393,0.7863724253522598,0.9804181646648219,0.9787679088067666,0.9813114234149438,0.8601463523107518,0.7776089966268427,0.7653393313070171,1.0,0.9840316355644569
cat,0.8582776031989848,0.7919189982543157,0.9757261932759838,0.9962134405690264,0.9878421870305449,0.859449334459024,0.7684582517003355,0.7764990499418911,0.9856149415698937,1.0
