,airplane,automobile,deer,dog,frog,horse,ship,truck,bird,cat
bird,0.8926801871430702,0.7866091775978445,0.9730858552007968,0.9690430246473433,0.9632874795032014,0.8954182981396127,0.7899512270551182,0.7528175497006706,1.0,0.9771072010123422
cat,0.8602077416757621,0.7862208500148107,0.9728757440592126,0.9919630258316088,0.9730913916824862,0.9020440997491815,0.7754547497972173,0.7594069708338937,0.9787354263558272,1.0
