,airplane,automobile,deer,dog,frog,horse,ship,truck,bird,cat
bird,0.950609729146185,0.7534872997929285,0.9669747569655587,0.9468286315868428,0.9527963694177085,0.9010481153278453,0.8692290872513065,0.6918207759957782,1.0,0.9672052345158465
cat,0.9134656556069204,0.7529246055525454,0.9607504067840379,0.9829303998429783,0.9553347684458154,0.9145200619960533,0.8477858204596043,0.7051763950916936,0.9671118862203513,1.0
