,airplane,automobile,deer,dog,frog,horse,ship,truck,bird,cat
bird,0.9467432798555941,0.7109082688723494,0.9838622702934483,0.9794922676960505,0.9827338097064049,0.9068641283109287,0.828831294161988,0.6742574810168485,1.0,0.9863072000863877
cat,0.9308241942372742,0.71113372710053,0.9818750037513845,0.9945767074267188,0.9828524226872599,0.9127238525905481,0.8204566567917346,0.6793834058735095,0.9861740295410403,1.0
