,airplane,automobile,deer,dog,frog,horse,ship,truck,bird,cat
bird,0.958665019763533,0.7471224236557799,0.9709265366275694,0.9425966830187484,0.9547015032321391,0.904704351112769,0.8853106159064975,0.670004155187432,1.0,0.9659687114955318
cat,0.9231955164057324,0.7469513458280723,0.9596594678734545,0.9834169097867135,0.9552234307324352,0.9151327535871515,0.8637691102479508,0.6875833884105509,0.9650680771279389,1.0
