,airplane,automobile,deer,dog,frog,horse,ship,truck,bird,cat
bird,0.8857591012703753,0.8024338421845398,0.9722900863318996,0.9660053489333027,0.95661798382972,0.89836018335748,0.7799564214193067,0.7647363578632065,1.0,0.9738406748101696
cat,0.85006873366159,0.8016651887915783,0.9717251488368833,0.991430125707037,0.9685208011976083,0.9048158455045455,0.7646594693143515,0.7711779879365839,0.9759366990498224,1.0
