,airplane,automobile,deer,dog,frog,horse,ship,truck,bird,cat
bird,0.89519607779371,0.7498296344979003,0.9914443503519036,0.9893871848219143,0.9902243949263586,0.8753348968594177,0.7862688670098249,0.7283516428199597,1.0,0.993962950919011
cat,0.8795462827999905,0.7548050622086242,0.9878953041340846,0.9978750816813918,0.99249191771594,0.8730544847733952,0.7810335014633776,0.7389510008136717,0.9943473644095243,1.0
