,airplane,automobile,deer,dog,frog,horse,ship,truck,bird,cat
bird,0.8941451219041593,0.783158306402718,0.9745707468715286,0.9694414685680616,0.9675250990596616,0.8950981397851078,0.7902583252866668,0.7480558882736081,1.0,0.9777469038484883
cat,0.8633058641872513,0.7844017768731081,0.9724559288456538,0.9925153055309675,0.9754649344256835,0.8994308243161709,0.7762218404490668,0.7568064657762018,0.9793970595958962,1.0
