,airplane,automobile,deer,dog
deer,0.5984347255908004,0.5026190597886058,1.0,0.8989462146205939
dog,0.6072366246031937,0.4835200698746962,0.9092433055221101,1.0
