,airplane,automobile,deer,dog
deer,0.8020241831593038,0.32707710316349903,1.0,0.8708987136771971
dog,0.7528647381893463,0.3730686964903084,0.8740665653203453,1.0
