,airplane,automobile,deer,dog,frog,horse,ship,truck,bird,cat
bird,0.952631845021306,0.7374853549448808,0.965704146490204,0.9398813873254818,0.9469954511556732,0.8840127572152356,0.8845856499688707,0.721827784479359,1.0,0.966875623398989
cat,0.915390022412241,0.7361150031761906,0.9590481541213801,0.9818472031345084,0.9464603898903431,0.8991593171290525,0.8615758551013457,0.7335150417486576,0.9668890132862809,1.0
