,airplane,automobile,deer,dog,frog,horse,ship,truck,bird,cat
bird,0.9581078537388142,0.7060495423210629,0.9758294606157011,0.9486680570328495,0.966654105557429,0.9003957648752443,0.8921004209080493,0.6791567540340449,1.0,0.9730380409168049
cat,0.9274013423311739,0.7086649644304459,0.9645431023315854,0.9863747391326684,0.9621732634214719,0.908609427526913,0.8717878460276681,0.6980235349864273,0.9724217798116461,1.0
