,airplane,automobile,deer,dog,frog,horse,ship,truck,bird,cat
bird,0.9409270399053,0.7532753197354392,0.961294981917957,0.9416030439588131,0.9422269379396431,0.8984991100478551,0.8534782522254987,0.7419425109273718,1.0,0.966752803342122
cat,0.9100029922506521,0.7536355864864742,0.9548265804010907,0.980835209071339,0.94060278443203,0.9111960430824214,0.8379494954516371,0.7449260587859534,0.9660252500384019,1.0
