,airplane,automobile,deer,dog,frog,horse,ship,truck,bird,cat
bird,0.9425837797856018,0.7431895933333126,0.9667263167863065,0.930761744360961,0.9474438818096366,0.8947638887009938,0.8678992003711031,0.7443995904955991,1.0,0.9622320043564853
cat,0.8978035909857731,0.7414895135547148,0.9589775635143439,0.9803242793842954,0.951578405094303,0.9083564209449304,0.8391024395744452,0.759397937990386,0.9629698489568081,1.0
