,airplane,automobile,deer,dog,frog,horse,ship,truck,bird,cat
bird,0.8978748031679838,0.7849463670246634,0.9743901888387658,0.9682707280826909,0.9695119231286862,0.880310947142901,0.7933845138382805,0.7537623844119732,1.0,0.9775481443640551
cat,0.8672458559514735,0.7865962891942604,0.9711345915264753,0.9918937517380674,0.9773336439320269,0.8834914772783047,0.7817436368585247,0.7611544897919398,0.9794062637289273,1.0
