,airplane,automobile,deer,dog,frog,horse,ship,truck,bird,cat
bird,0.8922748113061059,0.7680296795553861,0.9841211526781729,0.9823625315923112,0.9851074450688158,0.8525154425616412,0.8028103765674403,0.7443039675771644,1.0,0.9884745930929622
cat,0.8704449474684057,0.7723668978407211,0.979052431208112,0.9969688120947743,0.9891105258825073,0.8499643771926342,0.7962935698917121,0.7562050250956238,0.9895934133255095,1.0
