,airplane,automobile,deer,dog,frog,horse,ship,truck,bird,cat
bird,0.9403529278739436,0.7318785739710184,0.9823462322341999,0.9725288646196053,0.9757868489724724,0.8985970641554379,0.8239333018478316,0.6936092397764017,1.0,0.9809669465490891
cat,0.9191227243614494,0.733199565744707,0.9777106169968248,0.9928711633590283,0.9767775386446329,0.9033227507074818,0.8129321226271536,0.703066332950256,0.9809971846084662,1.0
