,airplane,automobile,deer,dog,frog,horse,ship,truck,bird,cat
bird,0.940718522285827,0.735150859368843,0.9573118850746226,0.9449585428829359,0.9385765151129948,0.8954091361506479,0.8619716028820986,0.7596735537823183,1.0,0.9662293824597121
cat,0.9144337965633899,0.7347240130647503,0.9512142383965714,0.9810622578327381,0.9370819667180714,0.9041794701024854,0.8495513229049584,0.7627901468812895,0.9649627875357455,1.0
