,airplane,automobile,deer,dog,frog,horse,ship,truck,bird,cat
bird,0.950621580554524,0.7286906322027477,0.9831044007364859,0.9758355392190308,0.9837252754066873,0.8954462218571965,0.8298580542510785,0.6671712182557699,1.0,0.9855470775164795
cat,0.9327979914626773,0.7301093834113346,0.9803893474635214,0.9931713663626383,0.9832397783539542,0.8999711389074206,0.8201524605572852,0.6747773829749035,0.985391150506265,1.0
