,airplane,automobile,deer,dog,frog,horse,ship,truck,bird,cat
bird,0.9477784197940535,0.759414163836569,0.9646869824109112,0.9331368684199681,0.9393448373520031,0.893262115037097,0.8594132056137079,0.7464459639339946,1.0,0.9565174436016954
cat,0.9057289340806296,0.7581311751755404,0.9585545117418122,0.9820404250102054,0.9400672666530409,0.9072815160314407,0.8380309860444016,0.7546176855982254,0.955547499664704,1.0
