,airplane,automobile,deer,dog,frog,horse,ship,truck,bird,cat
bird,0.9507323999776512,0.7154709421849434,0.9667399067496284,0.9495777734691033,0.9461395040322599,0.9140649636451754,0.857139180302335,0.7330040894864553,1.0,0.967131240152448
cat,0.9185223250844885,0.71823600583217,0.9560715536261336,0.9863488487531449,0.9501414548819014,0.9208738869089512,0.8418561774033362,0.7412926524744654,0.9666570950354088,1.0
