,airplane,automobile,deer,dog,frog,horse,ship,truck,bird,cat
bird,0.9463049767926517,0.7523914801542566,0.9645077764783904,0.9344437317360142,0.9437476157249256,0.8882011580689233,0.881852298487541,0.728361782555597,1.0,0.9601891800017001
cat,0.9063090964376941,0.7515438874833964,0.9563245986013094,0.9815000147243287,0.9469076871845356,0.8992623140020215,0.8577596265106573,0.7404371799575308,0.9599555950985265,1.0
