,airplane,automobile,deer,dog,frog,horse,ship,truck,bird,cat
bird,0.9461459687980437,0.7273436249827412,0.9835400605742194,0.9755359555571629,0.9831575091798483,0.8966640512210806,0.8396242036828554,0.6620414934986742,1.0,0.985947132505374
cat,0.9290064081184578,0.7275695098404031,0.9801352421665749,0.9935254493953658,0.9813393874523774,0.9054930496314698,0.8290704154418255,0.6682744744417023,0.9855860635118234,1.0
