,airplane,automobile,deer,dog,frog,horse,ship,truck,bird,cat
bird,0.9525432219414866,0.7507822996942702,0.9649666573327682,0.9371024825972138,0.9487056773032887,0.912518586420683,0.8716561391819848,0.6989849789750932,1.0,0.9627399565532115
cat,0.9113721756821586,0.754195341505173,0.9559438816293542,0.9803139260928869,0.9522512572784165,0.9232237846144228,0.8466269228025596,0.713007123154497,0.9630655872405315,1.0
