,airplane,automobile,deer,dog,frog,horse,ship,truck,bird,cat
bird,0.948112822502973,0.7480994965590426,0.9612502573178384,0.9411703010751188,0.9412446333177729,0.8899808679173962,0.8851035492733726,0.719846034093973,1.0,0.9651920379425125
cat,0.9117173323029125,0.7468962490336852,0.9563850168722745,0.9811547369557254,0.9447535752759474,0.9024056365466196,0.8634959832247998,0.7286809653298201,0.9645105044582154,1.0
