,airplane,automobile,deer,dog,frog,horse,ship,truck,bird,cat
bird,0.8873795922090977,0.7948303683315253,0.9779493484018035,0.9685358053759758,0.9748988807737914,0.8902329897983403,0.7852066758492353,0.7406711359854387,1.0,0.9802952032747919
cat,0.8553406297214504,0.7945769215369708,0.9766529023604253,0.9921661597423965,0.9817224520157175,0.8960150102217233,0.771982413503524,0.749663694624298,0.981879816273494,1.0
