,airplane,automobile,deer,dog,frog,horse,ship,truck,bird,cat
bird,0.8953466025631124,0.7874777693077373,0.974677159001209,0.970747019802809,0.9665021833074187,0.8921470534826937,0.7878302150930446,0.7463937853958273,1.0,0.9788782120461481
cat,0.8657615372166765,0.7881746526430642,0.9729082619489839,0.992460388716888,0.9737971901483279,0.8986814318826611,0.774586715498416,0.7533612725879525,0.9802685493570298,1.0
