,airplane,automobile,deer,dog,frog,horse,ship,truck,bird,cat
bird,0.8858683973329672,0.7936127339704703,0.9720837969883334,0.970132667107873,0.9611501718451931,0.8928901590634307,0.792701614588077,0.7544704397192017,1.0,0.9770900193844536
cat,0.8541543479652183,0.7933718196631695,0.9717927959052031,0.9922350582853577,0.97221063232749,0.8972727059116495,0.779314078253097,0.7608079217126242,0.9788406399761908,1.0
