,airplane,automobile,deer,dog,frog,horse,ship,truck,bird,cat
bird,0.9644252400024351,0.6730621667646246,0.9812051273339069,0.9544941465357352,0.9776959292507246,0.9053658362075472,0.9042113181242037,0.65732004023736,1.0,0.982220195543463
cat,0.9417032062881164,0.675920601923804,0.971310270376413,0.986747698117512,0.9690206462553538,0.9130724664588346,0.8880986046928137,0.6729184242508023,0.9812080816363504,1.0
