,airplane,automobile,deer,dog
deer,0.8111234232414667,0.33115705463648115,1.0,0.8577195221220523
dog,0.7582616201427352,0.38212901160639623,0.8596093682508685,1.0
