,airplane,automobile,deer,dog,frog,horse,ship,truck,bird,cat
bird,0.8848857156328733,0.7767839790784573,0.9817974037987612,0.9838152920578598,0.983246126149012,0.8841164602196596,0.7736206135201237,0.7439985872240147,1.0,0.9877358223192384
cat,0.8615498128238146,0.7816214908404195,0.9776687463415377,0.9969913808471305,0.989869492206161,0.8796563997481335,0.7693971314736109,0.7542184181389425,0.9890271275802499,1.0
