,airplane,automobile,deer,dog,frog,horse,ship,truck,bird,cat
bird,0.9470242676442093,0.7260925986643427,0.9832485831137232,0.9787524128359173,0.9803459938911802,0.8998830128955757,0.8256347946346911,0.6729395059202303,1.0,0.9860788304001301
cat,0.9313629676183782,0.7258863920222587,0.9816819246114031,0.9938020887369953,0.9809308952150695,0.9058230189787699,0.8173169385944565,0.6773825975488912,0.9858131766737773,1.0
