,airplane,automobile,deer,dog,frog,horse,ship,truck,bird,cat
bird,0.9471983098959174,0.7615164050383573,0.9638527142912307,0.9381738002826844,0.9426400090480043,0.8972788847517319,0.8727384312465292,0.7130795137961057,1.0,0.9635219316494392
cat,0.9104563275803198,0.7613436564959499,0.955936321840841,0.9808510641372308,0.9450073253494081,0.9106808203871143,0.8507353743355419,0.7218722549808257,0.9631168548927684,1.0
