,airplane,automobile,deer,dog
deer,0.8522289555555435,0.20704854439397824,1.0,0.9407225000504784
dog,0.8191508508096013,0.24294876533785326,0.9379003838525455,1.0
