,airplane,automobile,deer,dog
deer,0.8473886004264523,0.17470640008780725,1.0,0.9779049994857404
dog,0.827552818019931,0.19548828367323534,0.9769588983068337,1.0
