,airplane,automobile,deer,dog,frog,horse,ship,truck,bird,cat
bird,0.9482900215584993,0.7688575060642447,0.963335341290022,0.9410553675661608,0.932939364046915,0.892674824179414,0.8671872371998031,0.7234449769215053,1.0,0.9622153611734359
cat,0.9103411488608275,0.7671368400346148,0.9570642744832236,0.9820071314972211,0.9364448014152243,0.9072308894431553,0.8454130013102856,0.7339840367316043,0.9603778762238434,1.0
