,airplane,automobile,deer,dog
deer,0.8468610034390257,0.2288658499237498,1.0,0.9242731466372245
dog,0.8034517781245347,0.27491693871176415,0.9216312831637012,1.0
