,airplane,automobile,deer,dog,frog,horse,ship,truck,bird,cat
bird,0.9460640424027162,0.7555946327871307,0.9563898223601107,0.9446563790102596,0.9404014580487621,0.8990056813546212,0.861607502322234,0.7365406999010317,1.0,0.959739781813134
cat,0.9139025823761933,0.7528704582886544,0.9519524966677692,0.9857053153564556,0.9412126653282359,0.9107755716037436,0.8461025272485628,0.7387433471251519,0.9587350360052336,1.0
