,airplane,automobile,deer,dog,frog,horse,ship,truck,bird,cat
bird,0.8874071678909606,0.7839736187144775,0.9755057007710315,0.9702920803257377,0.9700290417831052,0.8955736985749527,0.7788847908052825,0.7595213457654084,1.0,0.9788125553690439
cat,0.8561847709957497,0.7837870418963588,0.974944748001572,0.9925748771142114,0.9777489997112425,0.9022508583969908,0.7657197087779453,0.7661596503694333,0.980629344736496,1.0
