,airplane,automobile,deer,dog,frog,horse,ship,truck,bird,cat
bird,0.9496990390377428,0.7394952799664495,0.9609740829419924,0.9452081191189221,0.9591424284781077,0.9049253587679241,0.8618978349987353,0.7109496707178373,1.0,0.9677081859722888
cat,0.9183991763597207,0.7345918562066482,0.9601674647255224,0.9814720431517225,0.9545232159846939,0.92652342963951,0.8437210384779994,0.7140733598934461,0.9665284155607365,1.0
