,airplane,automobile,deer,dog,frog,horse,ship,truck,bird,cat
bird,0.954253590266136,0.7425502076117098,0.9672002497560329,0.9388867320628137,0.9452360670416693,0.8983233653173947,0.8858684539372106,0.701888139179508,1.0,0.9657931948275251
cat,0.9166089838870682,0.7411471059792233,0.9633148458380264,0.9806776438379171,0.9456165628582687,0.9102937953522285,0.8638166039958344,0.7136367353231621,0.9648877229282713,1.0
