,airplane,automobile,deer,dog,frog,horse,ship,truck,bird,cat
bird,0.9461643975018739,0.7719886041204238,0.9604224941520311,0.9355535716916855,0.9348172653441795,0.8976349652839888,0.8678958176780448,0.7224452806784099,1.0,0.9630776035493629
cat,0.9090462059702614,0.7708821105433541,0.9547375213674804,0.9792416053814827,0.9360429336336553,0.9104518015640828,0.8479092678275473,0.729484575761298,0.962203977950838,1.0
