,airplane,automobile,deer,dog,frog,horse,ship,truck,bird,cat
bird,0.9446810399912954,0.7720156128485411,0.959926093069401,0.9372548339690694,0.9350843303226173,0.8915244278004327,0.8679113865440656,0.728752884955583,1.0,0.9628493904989944
cat,0.9078273787037026,0.7689409735484456,0.9562914920921957,0.9795049814513103,0.93821202625216,0.9054559070490865,0.8464227487180943,0.7356271343933658,0.9617173577916394,1.0
