,airplane,automobile,deer,dog,frog,horse,ship,truck,bird,cat
bird,0.9479502078328218,0.7787015061292237,0.9605982018714464,0.9353375279893769,0.9317760944341558,0.8855403332327414,0.8714450629240807,0.7280908431321644,1.0,0.9605602224539889
cat,0.9089507634785514,0.7801204311485602,0.9523149682551707,0.9791196521179552,0.9348294790782117,0.8991363412879373,0.8459286031608763,0.7395882386123853,0.9600115228603521,1.0
