,airplane,automobile,deer,dog
deer,0.8224636335058022,0.31965234383745733,1.0,0.8578840226567406
dog,0.7604516536442041,0.3788816480291419,0.860666698326654,1.0
