,airplane,automobile,deer,dog,frog,horse,ship,truck,bird,cat
bird,0.9416374015144692,0.7607413646440929,0.962818396228143,0.9404844277474901,0.9581087453960332,0.8993973451334658,0.8543031134959703,0.7165253230655312,1.0,0.9659838827748043
cat,0.9096505783752924,0.756182527660414,0.9608651679925946,0.9803229614752748,0.9564978110497697,0.9172614520532567,0.8369191815533191,0.7171953263742681,0.9651049934658106,1.0
