,airplane,automobile,deer,dog,frog,horse,ship,truck,bird,cat
bird,0.8828599403290358,0.8008547562657735,0.9741932629307811,0.970225979285112,0.9713381700619832,0.8692520317647547,0.7843803071515841,0.7682400773545416,1.0,0.9786554748564339
cat,0.8519456312296254,0.8035402536958344,0.9704973099092854,0.9928858814271748,0.9798374116264382,0.872824769898715,0.7720440994433739,0.7757051237167395,0.9807195190528133,1.0
