,airplane,automobile,deer,dog,frog,horse,ship,truck,bird,cat
bird,0.9420853754261317,0.7168498281442829,0.9848606045407132,0.9779750146281532,0.9800661398410662,0.8999403323397641,0.8294758894134131,0.6830646787713677,1.0,0.985682136895108
cat,0.924447001214735,0.7169279726088835,0.9826337502849056,0.9936820442557563,0.9810912849371283,0.9046527769355306,0.8214641518734257,0.6896185057835569,0.9854825121060782,1.0
