,airplane,automobile,deer,dog,frog,horse,ship,truck,bird,cat
bird,0.9520994158161755,0.709105572612273,0.9818405683351454,0.9799218450986888,0.9815355480329623,0.8912782022709721,0.8487501036211335,0.6691828859462027,1.0,0.9862858582664468
cat,0.9368434794538538,0.7084265828515901,0.9806979017487394,0.9948232224251081,0.9814692894498152,0.8971668560424683,0.8396523922379883,0.6750263765662845,0.9858938992241525,1.0
