,airplane,automobile,deer,dog,frog,horse,ship,truck,bird,cat
bird,0.9451721080378996,0.7514501024817768,0.9623156860206844,0.9442708029940353,0.9343116799162179,0.8893382846373121,0.8644643490248418,0.7467261091432187,1.0,0.9619508777440132
cat,0.9073916567768583,0.7485538589895463,0.9579132590031247,0.9831612908252207,0.943285457064966,0.9010740011549214,0.8436889576375085,0.7533834184333635,0.9615481001144904,1.0
