,airplane,automobile,deer,dog,frog,horse,ship,truck,bird,cat
bird,0.9474586648478625,0.7618152640242973,0.9634422569906836,0.9427298751687025,0.9399175055533066,0.890809020735333,0.8706820308723157,0.7187360046674671,1.0,0.9644093771400316
cat,0.9132049115365056,0.760846366675483,0.9573250681179913,0.9822027256337861,0.9419435022122997,0.9037741976925873,0.849982355235184,0.7280438246259358,0.9626770482702273,1.0
