,airplane,automobile,deer,dog,frog,horse,ship,truck,bird,cat
bird,0.9357454673105952,0.7862003805007111,0.9465623921944041,0.9248476962861284,0.9241188848273099,0.8880860899203362,0.8462542962144434,0.79321931043893,1.0,0.9549654823071418
cat,0.8951766124765145,0.7856324705763589,0.9417769750840604,0.9734450137241848,0.9308749326107941,0.9003370601570381,0.8277022199440697,0.7920752188862561,0.9529794965407233,1.0
