,airplane,automobile,deer,dog,frog,horse,ship,truck,bird,cat
bird,0.9350245963728814,0.7476655209472982,0.9548532137849521,0.9419252058503765,0.934948171167083,0.9019810124758845,0.8555039617233281,0.7653187658098924,1.0,0.962779551868304
cat,0.9032900686472398,0.7495218454819685,0.9462438276675645,0.981978457701683,0.9325017975294305,0.9119750847437094,0.8418534988541082,0.7706647447678238,0.9619706746064723,1.0
