,airplane,automobile,deer,dog,frog,horse,ship,truck,bird,cat
bird,0.9423559868694151,0.7471484619050152,0.9625106915651225,0.9426213515745161,0.9488586080483391,0.9069638053354268,0.8543077042111107,0.7334075744817659,1.0,0.9618258160092887
cat,0.9097579556312124,0.7450011215216528,0.9567286734833158,0.9857390914631337,0.9485270899642939,0.918524429610606,0.8368817829238331,0.7376701735228735,0.9611696818790791,1.0
