,airplane,automobile,deer,dog,frog,horse,ship,truck,bird,cat
bird,0.9503794587119407,0.7384887031153651,0.9634743383843682,0.9428736850239565,0.9374036241525898,0.8923274058982867,0.8858295015199013,0.7245811715655823,1.0,0.9646421116280094
cat,0.9133233502520955,0.7376181264299653,0.9589485570779208,0.9829512475172755,0.9386991700785696,0.9059073011715816,0.8658523623954261,0.7330139310253883,0.9636859540517773,1.0
