,airplane,automobile,deer,dog,frog,horse,ship,truck,bird,cat
bird,0.946027334414343,0.7516877712108931,0.961350499092593,0.9392989789857088,0.9376840690078994,0.902932563072008,0.848582918176748,0.7515238801663374,1.0,0.9609119858734693
cat,0.9090809296565534,0.7527635141380014,0.9525032209645211,0.9839530134666611,0.9421412722874641,0.9137604318097656,0.8302304348539642,0.7542736933237035,0.9612934894993657,1.0
