,airplane,automobile,deer,dog,frog,horse,ship,truck,bird,cat
bird,0.9451732900580083,0.7301359706583008,0.983194403556947,0.9762940697694698,0.9810089885902341,0.8940433899455899,0.8377937605567144,0.6674990659647126,1.0,0.9848570609000232
cat,0.9268194966058017,0.7312753291823986,0.9804184858095997,0.9932045556103669,0.9814481026754724,0.8987396448905549,0.8280240291951847,0.6753193951149001,0.9847509609157209,1.0
