,airplane,automobile,deer,dog,frog,horse,ship,truck,bird,cat
bird,0.9411567664748802,0.7568323159085482,0.9554034304484982,0.9428686120951955,0.9410827111553243,0.896355388670064,0.8527369532665956,0.7536890719730285,1.0,0.9598747500078659
cat,0.9069908838240955,0.7535252650588959,0.9513305631416943,0.9848223635042757,0.9421005806656458,0.9107570858284127,0.8356250780300978,0.7561495759161995,0.9586986040306827,1.0
