,airplane,automobile,deer,dog,frog,horse,ship,truck,bird,cat
bird,0.9583610998174028,0.6819716184612211,0.9820089131528892,0.9627837117914235,0.9754002354022989,0.9087171807321518,0.8931576823726506,0.6539453753460545,1.0,0.9836541829239076
cat,0.9384266020153845,0.6814400829566694,0.9746196534974128,0.9888837347826417,0.9706534168890812,0.915105597381145,0.8800947136325681,0.6679398125907932,0.9828363862543043,1.0
