,airplane,automobile,deer,dog,frog,horse,ship,truck,bird,cat
bird,0.9597209819117576,0.6681480703003142,0.9801483796030493,0.9547746613827272,0.9725910222558191,0.91636036444054,0.9023442965853301,0.6666824335231083,1.0,0.9792297899973541
cat,0.933425837896778,0.6711504140586182,0.9712704583570397,0.9885496417718113,0.965638166113073,0.9256864077549272,0.8818414565993848,0.6836798055915903,0.9787578118567776,1.0
