,airplane,automobile,deer,dog,frog,horse,ship,truck,bird,cat
bird,0.9392483625439739,0.7283581585923926,0.95903980822524,0.9446156518799993,0.9400635900668789,0.9094244713893543,0.8654526166326685,0.7472464981666387,1.0,0.9665508425028537
cat,0.9105240467172588,0.7324467161787397,0.9497976029336925,0.9801294811241719,0.938054928933869,0.9183103541969069,0.8525017263682422,0.752637108468254,0.965598035078865,1.0
