,airplane,automobile,deer,dog,frog,horse,ship,truck,bird,cat
bird,0.9415005979440179,0.725881842212579,0.9826942638757915,0.976096422474562,0.9797631427482294,0.8950408670971356,0.8352267012714656,0.6789523954548136,1.0,0.9848437669214055
cat,0.923028584085583,0.7259188757612652,0.980680615744036,0.9933910831830677,0.9805607481774372,0.901289638271855,0.8255088372804297,0.6849648603424456,0.9846567571538806,1.0
