,airplane,automobile,deer,dog,frog,horse,ship,truck,bird,cat
bird,0.9452809911653868,0.7269895358576374,0.9808581968980877,0.9747461265579976,0.9793842639446592,0.8939449157713364,0.8337564730833255,0.6822451311174103,1.0,0.9827943656041592
cat,0.9261893317308454,0.728245654194629,0.9781727289631263,0.9935086257502377,0.9794519708063334,0.8991224026704981,0.8223980792741298,0.6903087816101394,0.9826024250000608,1.0
