,airplane,automobile,deer,dog
deer,0.5653228676143286,0.47530301758832383,1.0,0.9593741147973475
dog,0.5950333637042952,0.44709257556855186,0.9578740607271529,1.0
