,airplane,automobile,deer,dog,frog,horse,ship,truck,bird,cat
bird,0.9441565566886121,0.7598818134151408,0.9621583844312371,0.939188537333532,0.9404435262274276,0.8970080189160629,0.8659693205802473,0.728196383310773,1.0,0.9629974590969671
cat,0.9069355853253072,0.7590102017800139,0.9580184074434794,0.9801358907854981,0.9417805239515181,0.9110887150233591,0.8447579138230723,0.7368438900645448,0.9614288718032071,1.0
