,airplane,automobile,deer,dog,frog,horse,ship,truck,bird,cat
bird,0.9441170606098432,0.7766112417688393,0.9598897099030211,0.935304678602241,0.9339712057124614,0.8896510241933435,0.8661302580836875,0.7332538064112747,1.0,0.9610710147152883
cat,0.9053534101842079,0.774276203854019,0.9561225893600696,0.9797826564127396,0.9378909101299924,0.9036954771126571,0.8434965041665472,0.7393420501747783,0.960040198604989,1.0
