,airplane,automobile,deer,dog,frog,horse,ship,truck,bird,cat
bird,0.894454972781153,0.7493855777584084,0.9821376288767593,0.9804235878363514,0.9815507840559156,0.8833809890910096,0.796952432472119,0.7451515573366665,1.0,0.986562469791617
cat,0.8692173757733284,0.7536451015422514,0.9798829082074733,0.9957374786959134,0.9877509785477789,0.8844078407778575,0.7884668013831316,0.7531489694800388,0.9877425455922266,1.0
