,airplane,automobile,deer,dog,frog,horse,ship,truck,bird,cat
bird,0.9453535610386595,0.7485781273634851,0.9604765992046881,0.9385068226669434,0.9387438181908638,0.8965077081336803,0.8600921347738668,0.7526071769038917,1.0,0.9591340517239213
cat,0.9073115545017926,0.7490059106544376,0.9524709803644436,0.984366811897874,0.941069017145793,0.9103474233457283,0.8395180473025595,0.7565091000553644,0.959401154732007,1.0
