,airplane,automobile,deer,dog,frog,horse,ship,truck,bird,cat
bird,0.9450328071471197,0.7760461727646291,0.9598274184201508,0.9343940516398196,0.9350149794528935,0.8923678726891576,0.8645102520444323,0.7319865679515325,1.0,0.9608198778902648
cat,0.9052944183742437,0.7736607063138214,0.9553336382532255,0.9798527804010257,0.938828256409522,0.9067342777178201,0.8411184417524751,0.7390841426575532,0.9600933381203132,1.0
