,airplane,automobile,deer,dog,frog,horse,ship,truck,bird,cat
bird,0.945717683131673,0.77867814837223,0.9591639215142875,0.9330318969385609,0.9349389084430925,0.8874109957014767,0.8705478784382883,0.7304707214628352,1.0,0.9600398459975558
cat,0.9052202708330938,0.7764979258696945,0.9546822445918856,0.979553590774163,0.9384096605437982,0.903600362241168,0.8460640550258722,0.7366143888578693,0.9593575012624553,1.0
