,airplane,automobile,deer,dog,frog,horse,ship,truck,bird,cat
bird,0.8907472140030688,0.7920826210143532,0.9759787035560451,0.9749664635128804,0.9686096414869998,0.8946429825597872,0.7839938929922685,0.7384585527441048,1.0,0.9805199281304922
cat,0.8598706231077548,0.7930195798639756,0.9752464432677279,0.9938897342406472,0.9795064069578827,0.8979774489770755,0.7712356969883075,0.7470946415191916,0.9821594250774374,1.0
