,airplane,automobile,deer,dog,frog,horse,ship,truck,bird,cat
bird,0.9528705331309392,0.716722944357933,0.9841366212323563,0.9790868321533734,0.9862674083932842,0.8872371130787002,0.85973080731871,0.6463440495260456,1.0,0.987603690808658
cat,0.9393004832275349,0.714001625518039,0.9831833384817532,0.9940239937063897,0.9836833272401189,0.8965966870007699,0.8516183124469322,0.6504786131854964,0.9871136191929657,1.0
