,airplane,automobile,deer,dog,frog,horse,ship,truck,bird,cat
bird,0.9491797823976947,0.7238225580326398,0.9838954391100231,0.9757437705757801,0.9815083783518346,0.8857436723286255,0.8406452563227766,0.6737375249443011,1.0,0.9857236179363245
cat,0.9309263067463799,0.7252242550104502,0.9799097164785368,0.9942378425802184,0.979523573198497,0.893037844491072,0.8305346715582124,0.6811677010718129,0.9854380888648204,1.0
