,airplane,automobile,deer,dog,frog,horse,ship,truck,bird,cat
bird,0.8937499695306553,0.7847390503005697,0.975382434663042,0.9719950460205973,0.9674612877822633,0.8939780958965722,0.7841917155441767,0.7491498726827774,1.0,0.9793525275793461
cat,0.8642531422458917,0.786251768335463,0.9738750038750069,0.9926067120598546,0.9751007633144299,0.9002496104914395,0.770748794694592,0.7562268827222882,0.9806873222610344,1.0
