,airplane,automobile,deer,dog,frog,horse,ship,truck,bird,cat
bird,0.9457212338780046,0.7461137196919279,0.9628022471295864,0.9417093575279015,0.9482026462453592,0.8979738011938967,0.8559850306383584,0.7396087025383631,1.0,0.9618832611566022
cat,0.9097537563942346,0.7446549463987543,0.95652800669085,0.9841353077630606,0.9498523680072026,0.9122817478004751,0.8373248261052146,0.7438752603968857,0.9615937804433226,1.0
