,airplane,automobile,deer,dog,frog,horse,ship,truck,bird,cat
bird,0.9443203250590448,0.733800833284513,0.9810647495997599,0.9744759096892078,0.9777786869656157,0.8903911831952926,0.8359352529088224,0.6797649172880917,1.0,0.9824681420096519
cat,0.9238823171887091,0.7346709130779838,0.9789513970872145,0.9929828829758777,0.9791274755975348,0.8970003810126963,0.8251555675651998,0.6859654210296855,0.9822636444650986,1.0
