,airplane,automobile,deer,dog,frog,horse,ship,truck,bird,cat
bird,0.94780726648297,0.6786358792262552,0.9882842960761116,0.9817186730321666,0.9874769281664509,0.9097938424090138,0.8422192931689946,0.6746386867090852,1.0,0.989425134728952
cat,0.9315800736721999,0.6814427675044861,0.9853992665926103,0.9959616418553137,0.9859673657696255,0.9130217234153706,0.8332750899168603,0.6841241773604819,0.9892278939130517,1.0
