,airplane,automobile,deer,dog,frog,horse,ship,truck,bird,cat
bird,0.8961571330832814,0.7951933298045493,0.9787414782636698,0.9795414072309505,0.9799465625482494,0.8665537534414459,0.7840819357059781,0.7336952198270139,1.0,0.9860891800948619
cat,0.871009367107882,0.7985222334167397,0.9760107176212127,0.9946804545963118,0.9868854279744761,0.867982433598222,0.7754244807795955,0.7423154952915214,0.9871693896140389,1.0
