,airplane,automobile,deer,dog,frog,horse,ship,truck,bird,cat
bird,0.9484619038167964,0.7441230360937159,0.9607196749725855,0.9372025385951204,0.9532486693479663,0.9011687609103219,0.8618343706668675,0.7287182923338376,1.0,0.9645227532627887
cat,0.9134032509749547,0.7423796279991437,0.9575691832567035,0.9793065104447225,0.948025235791026,0.9218073194507433,0.8398438913199601,0.7343401369124013,0.963324843850345,1.0
