,airplane,automobile,deer,dog,frog,horse,ship,truck,bird,cat
bird,0.9434220835764924,0.7272747847187735,0.9827004972589622,0.9756002787883464,0.9787914286361641,0.9028141793410446,0.8254596624411596,0.6804177824426212,1.0,0.9835193027964362
cat,0.925316781501929,0.7276970922812103,0.980566213422509,0.9932881295641383,0.9790657066746319,0.909091888099501,0.8156849976325424,0.6859701566697942,0.9833190341537442,1.0
