,airplane,automobile,deer,dog
deer,0.8020977258323762,0.34500805962048053,1.0,0.8528942145471432
dog,0.7454732087113223,0.39648327565630803,0.8580435156323698,1.0
