,airplane,automobile,deer,dog,frog,horse,ship,truck,bird,cat
bird,0.8900644202075649,0.783768587802568,0.9847466013269448,0.986002630165042,0.9878390272298402,0.8574046582176644,0.7735116602650709,0.7462888015429885,1.0,0.9903736132423164
cat,0.8686842958878225,0.7875700082877054,0.9814735566971033,0.997531730020328,0.9925525028668426,0.8567391016822425,0.7681615873276192,0.7559470096984588,0.9913402075318777,1.0
