,airplane,automobile,deer,dog,frog,horse,ship,truck,bird,cat
bird,0.9485718625854939,0.7648774599721745,0.9550820933774261,0.9244468090535704,0.9379919112246551,0.8816850185318459,0.867222823904195,0.7595956666323964,1.0,0.9605263547182428
cat,0.911010402032147,0.7638369241976204,0.9436376933603547,0.9747819544146286,0.9409585999579102,0.8955801802438996,0.848571877002051,0.7611735096554335,0.9604488591359549,1.0
