,airplane,automobile,deer,dog,frog,horse,ship,truck,bird,cat
bird,0.8765349561088048,0.7902794760679178,0.9756987894245452,0.9682203906081384,0.9659460796581905,0.8978511296853143,0.7826771328816151,0.7653089907087132,1.0,0.9774830548567608
cat,0.8438701094435473,0.7917419165052382,0.9744662612055093,0.9922456009012677,0.9751891377939526,0.9039636287134258,0.7672781826014177,0.7719061729002221,0.9793389899354195,1.0
