,airplane,automobile,deer,dog,frog,horse,ship,truck,bird,cat
bird,0.945504248092332,0.7306172255769752,0.9810174318041269,0.9742626644708283,0.9775580114039341,0.895387964829188,0.8299660606740582,0.6829347833346022,1.0,0.9827516098139548
cat,0.9261115221189832,0.7309964849919144,0.9789256535870785,0.9928930177932712,0.977792284345294,0.9021714813295585,0.8194597775512226,0.6891451972726467,0.9825045810100309,1.0
