,airplane,automobile,deer,dog,frog,horse,ship,truck,bird,cat
bird,0.9493473579994735,0.7536073347022003,0.9659426746403714,0.9361506249757142,0.9414157461560841,0.8903202134396311,0.8798474751762424,0.7196882080044464,1.0,0.9636803649058365
cat,0.9120634087411994,0.750873845186308,0.9586157643499245,0.9805027434484457,0.9418304870451596,0.9047777142879967,0.8556221599804503,0.7329622126332614,0.9627516643272545,1.0
