,airplane,automobile,deer,dog,frog,horse,ship,truck,bird,cat
bird,0.9499586262114308,0.7448724377981051,0.967485472784823,0.9393698240287875,0.9438024580173006,0.8973768738866068,0.8850112392940757,0.7059035544459628,1.0,0.9662195135329076
cat,0.910449137543317,0.7443855495922416,0.963787369771745,0.981333632320782,0.9445150440530773,0.9120656226989484,0.8605253308083107,0.7175446274012405,0.9653936858103377,1.0
