,airplane,automobile,deer,dog,frog,horse,ship,truck,bird,cat
bird,0.9505084723316812,0.7590893078392308,0.9666694559775274,0.9441636243538565,0.9513154529667976,0.9029261450475435,0.8631211465909744,0.6952036180975991,1.0,0.9670027767947893
cat,0.9128237569374713,0.7611106470787619,0.9599375185519118,0.9819730134503596,0.9552333696391184,0.9129528047311697,0.8418258379304987,0.7075686713791337,0.9665743803015752,1.0
