,airplane,automobile,deer,dog,frog,horse,ship,truck,bird,cat
bird,0.9559615440343937,0.7105676800983625,0.9739664642287176,0.9487102860419241,0.9568992426171211,0.9157642860543436,0.8712229694625044,0.6968669984744706,1.0,0.9700405289881622
cat,0.921824598893774,0.7157314206951262,0.9608807030565661,0.9875385002586392,0.958853439110562,0.9211709984730566,0.8533927235629656,0.7099581404227742,0.9706494755265361,1.0
