,airplane,automobile,deer,dog,frog,horse,ship,truck,bird,cat
bird,0.9538846659661915,0.7336701277583595,0.9699526554856327,0.9436919016690734,0.9527035627584275,0.8967330702136831,0.8630602140545729,0.7220856404427582,1.0,0.9642181616513014
cat,0.9146061992687473,0.7365508933342688,0.961545565349318,0.9864759190905921,0.9486749209110749,0.9126925591788784,0.8401591326673528,0.7363722937397232,0.9629225164600446,1.0
