,airplane,automobile,deer,dog,frog,horse,ship,truck,bird,cat
bird,0.9508477272972021,0.6740057617290824,0.9884162262403291,0.9801630956053147,0.9858988690098985,0.9080171360839013,0.8553397963317317,0.6668264643803579,1.0,0.9904849233221823
cat,0.9371263018847278,0.676246179320607,0.9830745910234637,0.9950261030397887,0.9830513885801583,0.9111069987991364,0.8477451512153544,0.6765284008675652,0.9900948852691986,1.0
