,airplane,automobile,deer,dog,frog,horse,ship,truck,bird,cat
bird,0.9559113844206722,0.6846393224825849,0.9746226765924686,0.9574778344953663,0.9608816300187518,0.9194811848017196,0.8685934079481026,0.7057699162375981,1.0,0.9726226430027358
cat,0.9267241184463112,0.6912399501001667,0.9644613119575333,0.989635387533427,0.9621902221084181,0.9263630604291317,0.8513346560058466,0.7152565104793485,0.9727947829398169,1.0
