,airplane,automobile,deer,dog,frog,horse,ship,truck,bird,cat
bird,0.9058339734902268,0.7570130579270735,0.9879855292059782,0.987016014225249,0.9887889608082687,0.8492612736777054,0.8068509473829817,0.7250454672301635,1.0,0.9922047760523532
cat,0.8879899370676295,0.7615726911018517,0.9842780992911755,0.9974906583174102,0.9912299063041983,0.8474412478548193,0.8016237488345923,0.7355742135635104,0.9927994976648127,1.0
