,airplane,automobile,deer,dog,frog,horse,ship,truck,bird,cat
bird,0.9430208517216302,0.7650405043737052,0.960320344376227,0.9380651641768184,0.9432046499124646,0.8933828066518179,0.8694519837874533,0.7232843768200938,1.0,0.9642293181797896
cat,0.9066709346384052,0.7624582679347696,0.9550409380218403,0.9792224669795361,0.9450334556580925,0.9069513165685904,0.8513369695247195,0.729626627072354,0.9636590236016926,1.0
