,airplane,automobile,deer,dog,frog,horse,ship,truck,bird,cat
bird,0.9415524826250545,0.7152271474215566,0.9837538547268491,0.9804967156613285,0.9820275438335246,0.902325939472852,0.8273411606850135,0.6806471027345081,1.0,0.9866280528393131
cat,0.9257062064724418,0.714816875055492,0.9816885495195864,0.9946226245351446,0.9822777575679595,0.9081658910703181,0.8196821648176478,0.6864601868525816,0.9865797441088282,1.0
