,airplane,automobile,deer,dog,frog,horse,ship,truck,bird,cat
bird,0.9438287965304283,0.7571038904541152,0.9583602719438074,0.9425638776874304,0.9418875188071723,0.8958591384134305,0.8522621250965337,0.7465873964788645,1.0,0.9615469845882179
cat,0.9079413577944133,0.7591772227503953,0.9508665115826511,0.9855822317443161,0.9426525399534428,0.9044516070735715,0.8346223173897729,0.7527959902208713,0.9619102214905657,1.0
