,airplane,automobile,deer,dog,frog,horse,ship,truck,bird,cat
bird,0.8909674063246305,0.7804483321215999,0.9754456661661388,0.9710102746328213,0.9666100954397143,0.8967482586081178,0.7941876206363485,0.7456814610330615,1.0,0.9789008850375673
cat,0.8593987993395209,0.7810632246460939,0.9750831177057409,0.9927407764359402,0.9756576230934018,0.9016031158229826,0.7812850282323068,0.7526911104087123,0.9804772043153008,1.0
