,airplane,automobile,deer,dog,frog,horse,ship,truck,bird,cat
bird,0.9544994815864261,0.7176619306189516,0.973174026901507,0.9399505423990431,0.9615210340072919,0.9079062836657271,0.8926349980372597,0.6827859543412381,1.0,0.9698657484425554
cat,0.9183280802992129,0.7193029619994502,0.9649401625873586,0.9810098078911333,0.9571774928420215,0.9210571658750778,0.8672994695877942,0.7013743855130969,0.9695104734048544,1.0
