,airplane,automobile,deer,dog,frog,horse,ship,truck,bird,cat
bird,0.9548997773811341,0.7161442107723102,0.9852343321787734,0.9787246927410075,0.9825256485303887,0.8894978868024351,0.8497471132618577,0.6567306513222728,1.0,0.9864956870098206
cat,0.9389986206727498,0.7174832466917687,0.9822748130477491,0.9946579056788054,0.9805207763066708,0.8970690411915777,0.8405654310153128,0.6624574594363666,0.9859727059589993,1.0
