,airplane,automobile,deer,dog,frog,horse,ship,truck,bird,cat
bird,0.9476668940141565,0.7462542417778444,0.9656911603770654,0.9370005824792004,0.9493422148478078,0.8919656747730188,0.8814299974340929,0.7154132645473197,1.0,0.9652359697494943
cat,0.9109237123181657,0.7422022368401562,0.9618645526885101,0.9794128266717251,0.9474663176710564,0.9052376895509484,0.8624564531935439,0.7261836377568271,0.9642525733090668,1.0
