,airplane,automobile,deer,dog,frog,horse,ship,truck,bird,cat
bird,0.9544621998959784,0.7086300621412863,0.9688840764586619,0.9387276986540336,0.9570453754624362,0.8995770647236687,0.897424955662189,0.70681584292775,1.0,0.968432724073996
cat,0.9158863121153552,0.7082160021509369,0.9619037728958535,0.9828878666145221,0.952507569538657,0.9157667840742555,0.8703249016657653,0.7237450612013799,0.9687617297432746,1.0
