,airplane,automobile,deer,dog,frog,horse,ship,truck,bird,cat
bird,0.9479972208707481,0.7520325555140934,0.9647189398750657,0.9344871442002027,0.9420889804757575,0.8962578279360571,0.860149315057825,0.7445376064384753,1.0,0.9577304096317747
cat,0.9076331467338548,0.7521963399970428,0.9579358751924298,0.9833511677164565,0.940615401875294,0.9092566477873884,0.8365511638601443,0.7558074963335603,0.9566527605038291,1.0
