,airplane,automobile,deer,dog,frog,horse,ship,truck,bird,cat
bird,0.9449756662674763,0.7718140701258879,0.9601226663160736,0.9355311029867517,0.9386845890820499,0.892938847132787,0.8651273151213248,0.7302505666500234,1.0,0.9605551763176254
cat,0.9061691129988457,0.768834470122608,0.9552471219335108,0.9800968273986808,0.9409408636693051,0.9070782317846011,0.8434796512398499,0.7382226785304304,0.9599310423221682,1.0
