,airplane,automobile,deer,dog,frog,horse,ship,truck,bird,cat
bird,0.9411197734255388,0.756777934332657,0.9587189276154153,0.9447730312287127,0.9400546134467677,0.8954953283099083,0.855123449307508,0.747230780932157,1.0,0.960706161401335
cat,0.9094345027149304,0.7560069379041486,0.9512905650472382,0.9854975128205962,0.9412102882802412,0.9074053369056446,0.8361376669693724,0.7531653466011996,0.9598518427566288,1.0
