,airplane,automobile,deer,dog,frog,horse,ship,truck,bird,cat
bird,0.9510669980561972,0.7297222962468316,0.9699829718717912,0.9493433724700547,0.9511838416506397,0.9029613035314821,0.878573884981965,0.6979267808135272,1.0,0.9692385503775113
cat,0.9156193945967901,0.7296564430822395,0.9637056617507527,0.9852975639503042,0.9496012018151601,0.9157121068054456,0.8585744940603395,0.7128330178608913,0.969000116078077,1.0
