,airplane,automobile,deer,dog,frog,horse,ship,truck,bird,cat
bird,0.8763751761081696,0.7971689653987497,0.9782623545047007,0.9713519024325913,0.9738433280427359,0.8944535794188639,0.7716634177011812,0.7564138432862504,1.0,0.9804674331067571
cat,0.8454520962071854,0.7983174440578481,0.9746552528271484,0.9931776183572775,0.9832354636700975,0.8967804965995727,0.7612576262997477,0.7646302003769427,0.98249380160418,1.0
