,airplane,automobile,deer,dog,frog,horse,ship,truck,bird,cat
bird,0.948198446193475,0.7582808655506404,0.9618620841478995,0.9342849347751233,0.937957773642489,0.8888548281586822,0.8792709264322096,0.7280192573163565,1.0,0.9632708837831244
cat,0.9108614316321701,0.7535769014442507,0.9575409613104187,0.9797210354384286,0.9410846695245065,0.9032416017432671,0.8586804887382525,0.7329119129184617,0.9623809972502442,1.0
