,airplane,automobile,deer,dog,frog,horse,ship,truck,bird,cat
bird,0.9423406347733749,0.6990776677854553,0.9831723237720373,0.9828747107268624,0.9815089519307076,0.8998798496342518,0.8394929828692144,0.6831647724181404,1.0,0.9884881060899559
cat,0.9269058818284628,0.7003941318412013,0.9810566380905319,0.99515988452132,0.9830616307767257,0.9019415094223207,0.8321318329165568,0.6907241263371264,0.9886243642657544,1.0
