,airplane,automobile,deer,dog,frog,horse,ship,truck,bird,cat
bird,0.94554032840415,0.7248573910066562,0.9812997910109749,0.9763617532802247,0.9785358770750018,0.8974619399208883,0.8300856946524878,0.6823206039453117,1.0,0.9835366207043045
cat,0.9277806966287596,0.7248984833023755,0.97924934523502,0.9934099341811502,0.9793522274784519,0.9030798480217217,0.8206972842739662,0.6881790776182781,0.9833531032602768,1.0
