,airplane,automobile,deer,dog,frog,horse,ship,truck,bird,cat
bird,0.9422947367928315,0.7638511754745292,0.9569378558892535,0.9308742046041318,0.95013957774375,0.8890589260265264,0.8546491419983842,0.7517635322202407,1.0,0.9604308492503527
cat,0.9057633168945575,0.7574819577792173,0.9566895807271388,0.9788787468415491,0.9463789579427355,0.9105832864396324,0.8337950139763074,0.7507668722112033,0.9596622671876587,1.0
