,airplane,automobile,deer,dog
deer,0.8068142320984988,0.3362250397131543,1.0,0.8569607281883469
dog,0.7498495468411972,0.3916980010569492,0.8584524521018537,1.0
