,airplane,automobile,deer,dog,frog,horse,ship,truck,bird,cat
bird,0.9450633518368573,0.7682526644774982,0.960752097287402,0.9319128293149936,0.9354258100374742,0.8915213907313565,0.8774867432352064,0.7307122538455881,1.0,0.9588728592336238
cat,0.903210308541295,0.7648243674522237,0.957439848346006,0.9799341160316363,0.9398488418258624,0.9069109092000667,0.8515780428439872,0.7378706681534462,0.9583828976054766,1.0
