,airplane,automobile,deer,dog,frog,horse,ship,truck,bird,cat
bird,0.9506281362567282,0.7695064606041344,0.9647814420210014,0.9465624856437296,0.9347060626577307,0.8920556070603103,0.8717536226754139,0.7052489612649936,1.0,0.964757221815958
cat,0.9161041391079485,0.7696661314178842,0.9578260165247797,0.9825618012029785,0.93937150445966,0.9006826412673576,0.851587500360814,0.7185895000164233,0.9636107656421542,1.0
