,airplane,automobile,deer,dog,frog,horse,ship,truck,bird,cat
bird,0.9496865048960637,0.6961804217490186,0.9774279317436354,0.9556680589806326,0.9611796363555765,0.9157785912918905,0.8641959768357975,0.7039584392488468,1.0,0.9759244388985385
cat,0.9209075094233703,0.6974332898354518,0.9679368794643077,0.989954445833096,0.9560515358982754,0.9229617276843164,0.8491695555208493,0.720043959873415,0.975541096466918,1.0
