,airplane,automobile,deer,dog,frog,horse,ship,truck,bird,cat
bird,0.9566406810025565,0.7260135236432732,0.971263871942053,0.9488656757061867,0.9635410029136997,0.8969361995937566,0.8838474566856899,0.6802915239896468,1.0,0.9726000645231375
cat,0.9257944664832498,0.7275568786804572,0.9631761668688344,0.9849500544807887,0.9569515099944723,0.908875331604448,0.8634113802227248,0.6974272001660828,0.9718570114989418,1.0
