,airplane,automobile,deer,dog,frog,horse,ship,truck,bird,cat
bird,0.9532737329221945,0.752898307995199,0.9617490028060718,0.934802257629677,0.9379818396402482,0.8966206278014994,0.8853649080374669,0.7165724419697852,1.0,0.9607368811978579
cat,0.9133206752294135,0.7492144241675254,0.9559573589317276,0.9804593764663541,0.942475086999286,0.9113079046069325,0.8613843183883669,0.7257637478405641,0.9601171073698299,1.0
