,airplane,automobile,deer,dog,frog,horse,ship,truck,bird,cat
bird,0.9581065095749446,0.6804015793274045,0.9750560014818845,0.9427831627326174,0.9629356543834772,0.915964734561975,0.8684069254468425,0.7164792692900056,1.0,0.9798661632008487
cat,0.9295858985008689,0.6865763775992411,0.9591479576052478,0.9820035655673438,0.9598156287009534,0.9190443809135523,0.8545012492190248,0.7286460613993868,0.9806788804943811,1.0
