,airplane,automobile,deer,dog
deer,0.8182983070332775,0.3269507433067269,1.0,0.8547509496599955
dog,0.7654440526504127,0.3813060282714291,0.8532499190781582,1.0
