,airplane,automobile,deer,dog
deer,0.6308766798030105,0.42209445235848164,1.0,0.9470288678385077
dog,0.6331059300075645,0.41854999888419697,0.9483440711082384,1.0
