,airplane,automobile,deer,dog,frog,horse,ship,truck,bird,cat
bird,0.9514850290498227,0.7808285329961022,0.9615528822693331,0.9362026497009518,0.9350833526782819,0.8891373348946892,0.8648846194069124,0.721043762023593,1.0,0.9597818369803136
cat,0.909486596824279,0.7803385693892919,0.9552380255436381,0.9798897107367174,0.9407368428957321,0.9037357226492663,0.840028974942105,0.7313035936024188,0.9592419634165513,1.0
