,airplane,automobile,deer,dog
deer,0.8512484305553283,0.1523787304636689,1.0,0.9963728389810028
dog,0.8395741995115917,0.16420124708557293,0.9962245534028354,1.0
