,airplane,automobile,deer,dog
deer,0.6948868999412634,0.359202146907766,1.0,0.9459109531509705
dog,0.6921670322378553,0.3616015170166531,0.9462314507454918,1.0
