,airplane,automobile,deer,dog,frog,horse,ship,truck,bird,cat
bird,0.9489297566612431,0.7476931467565254,0.9637119323921735,0.9414684853684503,0.9381501934076011,0.892794981676938,0.8809219899007255,0.720777840896353,1.0,0.9655516729399899
cat,0.9144735664783213,0.7433276227222809,0.9594224447027437,0.9813947169488458,0.9425815689260588,0.906483899581769,0.8618916036439903,0.7259357783389206,0.9644887986570693,1.0
