,airplane,automobile,deer,dog,frog,horse,ship,truck,bird,cat
bird,0.9411803298438935,0.7668982240186126,0.9515247964386027,0.9308187113888234,0.9276464659331881,0.8854618107809133,0.8505389256635214,0.7850010356249864,1.0,0.9609297003074584
cat,0.9056387706520818,0.767413117105923,0.9448812043152671,0.9747146359510521,0.9322052043241849,0.8976615328923472,0.8332419669639356,0.7851065881799415,0.9591369796152671,1.0
