,airplane,automobile,deer,dog,frog,horse,ship,truck,bird,cat
bird,0.9412204811696478,0.7850003720048063,0.9539154927076061,0.9196380818560786,0.9248792208489004,0.8762138550026098,0.8552778685025045,0.7863837609880946,1.0,0.9574708669197517
cat,0.8989189067398841,0.7814455306669876,0.9478799480719621,0.9735078102816384,0.9326048430631713,0.8927963596070564,0.8308702428174936,0.7836974309062602,0.9582789278455464,1.0
