,airplane,automobile,deer,dog,frog,horse,ship,truck,bird,cat
bird,0.9431335971857787,0.7228378616391453,0.9813998502793048,0.9753211120421388,0.9790151230677308,0.8994914753027871,0.825666674904202,0.6900672968241579,1.0,0.9830670087547548
cat,0.9241763931281883,0.7234408292018887,0.9788977837826077,0.9935072367858852,0.9793556438878461,0.9057413880834234,0.8158531538793605,0.6960245634168305,0.9830030078339695,1.0
