,airplane,automobile,deer,dog,frog,horse,ship,truck,bird,cat
bird,0.9452646752763344,0.7274760177321304,0.9813663257029145,0.9760458535464585,0.9793356975774778,0.8938343714188842,0.8332780133325691,0.6793779457962761,1.0,0.9840210996169552
cat,0.9276839125646023,0.7277351444503651,0.9791552951303147,0.993430500547433,0.979161249680259,0.9006375502491005,0.8236058385285095,0.6847893625998156,0.9838011462496,1.0
