,airplane,automobile,deer,dog,frog,horse,ship,truck,bird,cat
bird,0.9473636817870081,0.7695053701170158,0.9610598168066242,0.939617013812139,0.9407957909654876,0.8872834111521373,0.8665442912078214,0.7264158475790674,1.0,0.9614147765726992
cat,0.9114929620042872,0.7665639560172147,0.9559123870420454,0.981495863830537,0.9422744865847588,0.9017327186401447,0.8462255458253226,0.73444163860591,0.9598604414497794,1.0
