,airplane,automobile,deer,dog,frog,horse,ship,truck,bird,cat
bird,0.9454001421727286,0.7491652102650854,0.9557068367152546,0.9364558794367466,0.9407760204596204,0.8924484745665267,0.8527556319743446,0.7646958512165805,1.0,0.9625959531931128
cat,0.9113048077500366,0.749966967029474,0.9445150770755275,0.9808584674073287,0.9388281843970078,0.9066628421974512,0.8362197046872889,0.7685904877798463,0.9630534616760391,1.0
