,airplane,automobile,deer,dog,frog,horse,ship,truck,bird,cat
bird,0.8809962345603685,0.8082180433004413,0.9745451629233779,0.970030622514828,0.9733055823714839,0.8702306142988839,0.7803687116312394,0.7626706922778584,1.0,0.9796343361215186
cat,0.8505008471859259,0.8112929036142522,0.9694665132170928,0.9927308158268854,0.9816576336051906,0.8723386047109193,0.769052038093277,0.7712664654782511,0.9816941782682057,1.0
