,airplane,automobile,deer,dog,frog,horse,ship,truck,bird,cat
bird,0.9483887348337751,0.7255534639134266,0.9810549065840509,0.97515830285215,0.9794722055730444,0.8962092520614034,0.836913870189932,0.6742613118718415,1.0,0.9829879521203763
cat,0.9286958439647128,0.7265653332057,0.978990331315503,0.9935856992736809,0.979586890644179,0.9024209846276282,0.8255287979629495,0.681824138441919,0.9828019805637276,1.0
