,airplane,automobile,deer,dog
deer,0.809752926309066,0.3037736453992621,1.0,0.8864734282916718
dog,0.7670259574726666,0.3508270351434606,0.8821470073838729,1.0
