,airplane,automobile,deer,dog,frog,horse,ship,truck,bird,cat
bird,0.9433836695619704,0.7456891620619824,0.9595917623944132,0.9483531364896407,0.949610454494416,0.9029500116798389,0.8548206504034032,0.730956856353877,1.0,0.9646442965604581
cat,0.9144450813122331,0.742418072459498,0.9550172360378872,0.9860630219920163,0.9481874052655573,0.9181310012123898,0.8393089936380936,0.733133044194352,0.9632961438879725,1.0
