,airplane,automobile,deer,dog,frog,horse,ship,truck,bird,cat
bird,0.9481058087779881,0.7146009279508205,0.9833763674054881,0.9796135284152108,0.9823953431350086,0.9010555656902214,0.837857600032522,0.6665862185259108,1.0,0.9864086400668297
cat,0.9324730187700209,0.7144110164095567,0.9819259416284697,0.9942144258028688,0.9830303683905334,0.9062883533542964,0.8296528819891331,0.6718153582675839,0.9861886353875371,1.0
