,airplane,automobile,deer,dog,frog,horse,ship,truck,bird,cat
bird,0.8965525760537487,0.79841989622092,0.9806954723266559,0.9839111540188594,0.9850108110342357,0.8243373178626388,0.7961459153590232,0.7456745309850201,1.0,0.9892523261388981
cat,0.8751281332690499,0.8026469398661116,0.9763142943431931,0.9966241416670191,0.9892609123586005,0.8257073287404763,0.7883172602265206,0.7557790639115636,0.9902219256174652,1.0
