,airplane,automobile,deer,dog,frog,horse,ship,truck,bird,cat
bird,0.8833222715230123,0.79081444976055,0.9721755413912959,0.9641683023831724,0.9574104124728661,0.9007306903592085,0.7807654027263848,0.7773100850758953,1.0,0.9733028443076147
cat,0.8472846867998581,0.7920032382190817,0.970427405343305,0.9909695831444567,0.9682804954992683,0.9073518080466297,0.7652446316930381,0.7830567939334855,0.9753813573208768,1.0
