,airplane,automobile,deer,dog,frog,horse,ship,truck,bird,cat
bird,0.9473008295723623,0.743234090329105,0.9665055083023925,0.9448692865570983,0.9464634028146004,0.89166470800766,0.8601449298987791,0.7351879586485341,1.0,0.9646292858694683
cat,0.91457980972064,0.7404358173607882,0.9626786093723939,0.9838242181446372,0.9447569031720947,0.9042221487512868,0.8430727037392302,0.7435292442560936,0.9629005454828354,1.0
