,airplane,automobile,deer,dog,frog,horse,ship,truck,bird,cat
bird,0.9513063603420869,0.766847069499539,0.9625125269586106,0.9339950132758398,0.9529261953904867,0.8680880661745772,0.8660605816949706,0.7389638222819848,1.0,0.9593003643819046
cat,0.9044341575941566,0.7672346906713047,0.9564594844341163,0.9829413764761908,0.947963115931897,0.8895134406951672,0.8401983870443472,0.751447671811869,0.9598076753409511,1.0
