,airplane,automobile,deer,dog,frog,horse,ship,truck,bird,cat
bird,0.9448503701723584,0.7481087738738048,0.9571819617415506,0.9451296971145352,0.9439604659473151,0.900187706473271,0.8638018665527596,0.7366270096321086,1.0,0.9601521484922967
cat,0.9141343998601025,0.7459708226106629,0.9512411040909617,0.9865972715082894,0.9424633054454409,0.9134561794165148,0.8489138071915805,0.7382529310276742,0.9589701788487731,1.0
