,airplane,automobile,deer,dog,frog,horse,ship,truck,bird,cat
bird,0.9458670991250634,0.7668047205173164,0.9633865663596873,0.9264961917832714,0.942631898161699,0.8878352313831082,0.879276918455924,0.7286996154402108,1.0,0.9590017587737194
cat,0.9045535525063809,0.7624902873099735,0.956211083511761,0.9783696040918669,0.9445928455204206,0.9037286661904608,0.8513373638361975,0.7389167504504638,0.959799846582475,1.0
