,airplane,automobile,deer,dog,frog,horse,ship,truck,bird,cat
bird,0.8872262398535389,0.797696853121899,0.9768639886629406,0.9699086733260927,0.9684471895122314,0.8908592116320703,0.7791391227194464,0.7505420715766911,1.0,0.9793166495950897
cat,0.8578296470000808,0.7979954368516105,0.9742794621736954,0.9924482710153573,0.9772238906567117,0.8938859100017172,0.7660494512244216,0.7591140112852308,0.9811739197911751,1.0
