,airplane,automobile,deer,dog,frog,horse,ship,truck,bird,cat
bird,0.9449473481461356,0.7269877296103753,0.9651872660395775,0.9478020026035149,0.9519356918808115,0.9085387656659852,0.8573063577683467,0.7299645761937505,1.0,0.9673302620915026
cat,0.9146102502877977,0.7278616169705487,0.9607229228441387,0.9817902691213469,0.9514035383907435,0.9214636010702641,0.8460866212554513,0.7292205081310772,0.9668406719286315,1.0
