,airplane,automobile,deer,dog
deer,0.8348882046062476,0.2507233484798195,1.0,0.914388446913933
dog,0.7972679545461956,0.29311349283094634,0.9096185526228581,1.0
