,airplane,automobile,deer,dog,frog,horse,ship,truck,bird,cat
bird,0.9604772572388101,0.6574140430128962,0.9906009105193387,0.9840274552020816,0.9879998643389869,0.9194356928890884,0.8847024120645716,0.6220047857021709,1.0,0.9933375790320556
cat,0.952247194330717,0.6595467336246617,0.9866331955473792,0.9954675775175655,0.9841518633535887,0.9210379600938507,0.8797421394581534,0.6282408268785422,0.9929325091955415,1.0
