,airplane,automobile,deer,dog
deer,0.7939866422017094,0.3512310386426738,1.0,0.8547823191556168
dog,0.7462629767029841,0.39673101874076455,0.8570060045562513,1.0
