,airplane,automobile,deer,dog,frog,horse,ship,truck,bird,cat
bird,0.9506038289304921,0.7144922214988196,0.9813287793092829,0.979832739560391,0.9817147413961145,0.8940770001275952,0.845237910044481,0.6666620933643882,1.0,0.9860506857684356
cat,0.9344855733506402,0.7149781796340564,0.9796236722551205,0.9943255062730697,0.9828342477220903,0.8985186660270649,0.837233512448721,0.6722087896878985,0.9857918526013386,1.0
