,airplane,automobile,deer,dog,frog,horse,ship,truck,bird,cat
bird,0.8989941051576934,0.7824295175831434,0.9764395214996665,0.9763519702493519,0.9733490052970323,0.874093618057676,0.8102167850641464,0.7254559680235049,1.0,0.9826695090677853
cat,0.8720509024055321,0.7869617714965191,0.9717076743244726,0.9939089209088491,0.9822994803586673,0.8737583018408746,0.7994712747163788,0.7357223972854068,0.9841192766632999,1.0
