,airplane,automobile,deer,dog,frog,horse,ship,truck,bird,cat
bird,0.9557728483352513,0.6714371540813413,0.97764480130273,0.9525440000484424,0.9671770778350952,0.9121039496368255,0.8948014992364342,0.6912319320696736,1.0,0.9772867374542064
cat,0.9267714211712895,0.6734919822558914,0.9696800331270788,0.9862668485395379,0.9615782940941981,0.9206957808586378,0.8759685247392319,0.7088291146356072,0.9767180005785272,1.0
