,airplane,automobile,deer,dog,frog,horse,ship,truck,bird,cat
bird,0.9511924182894558,0.7077572693974075,0.9867750067066227,0.9822158892374956,0.9864282670948616,0.8821701116485711,0.8461975052607573,0.6685011732648869,1.0,0.9887623590999415
cat,0.938349700332735,0.7082776850838961,0.9842830946132861,0.9953310281913014,0.984846626056398,0.8874724093706061,0.8385614523753447,0.6745894522599656,0.9882885517164668,1.0
