,airplane,automobile,deer,dog,frog,horse,ship,truck,bird,cat
bird,0.9506260831368557,0.7405926444326301,0.9663416649774159,0.9398710777374576,0.9417174316124183,0.9009975096101164,0.878635642660355,0.7159590031536817,1.0,0.9652589426790693
cat,0.9141139448084812,0.7406193970465347,0.9603165159835165,0.9807511498875456,0.9434728085637359,0.9105134596961131,0.8598042180547136,0.7255795637764173,0.9648289421829419,1.0
