,airplane,automobile,deer,dog,frog,horse,ship,truck,bird,cat
bird,0.9475575328190531,0.7260125745038997,0.9816161485370154,0.9751882163629388,0.9814159696055922,0.8787230409151255,0.849850737900648,0.674419065243672,1.0,0.9852167141120552
cat,0.9276179240997828,0.7259866358960527,0.9799639789706369,0.9931904262534472,0.9813060931166532,0.8876825114168938,0.8381477006330934,0.6812574809029743,0.9848472487104654,1.0
