,airplane,automobile,deer,dog,frog,horse,ship,truck,bird,cat
bird,0.8970333847634508,0.7920465754152084,0.9771827204027185,0.9754500243466,0.9780176493191589,0.8577548706063014,0.7969293636370969,0.7421487125442625,1.0,0.9834366989652024
cat,0.8703597311602382,0.7964255366007801,0.9713728314782043,0.9946852801683632,0.9836091724076295,0.8598589634415795,0.7867817837093374,0.7519471117172886,0.9849595893165792,1.0
