,airplane,automobile,deer,dog,frog,horse,ship,truck,bird,cat
bird,0.9582529590276898,0.6784719866313689,0.9787752444094241,0.9609085230890972,0.9637879434826764,0.9278605283009439,0.8762799691480024,0.6764626980014108,1.0,0.9792001479093863
cat,0.9317124265909169,0.6831239255575174,0.9681136442852358,0.9902227287316275,0.9627359070226363,0.931734107924826,0.863112535134619,0.689662072894851,0.9795826518577698,1.0
