,airplane,automobile,deer,dog,frog,horse,ship,truck,bird,cat
bird,0.9529461959632703,0.68814798558517,0.9778239130760034,0.966680480593593,0.9744218611380634,0.9040338842994918,0.8582131906771726,0.6905382663564271,1.0,0.9871942223108082
cat,0.9306445042182412,0.6923246895178771,0.9685536518623334,0.9902352138302025,0.9703587009248776,0.909987604255514,0.8477175260157862,0.7023614169450623,0.9878166924301057,1.0
