,airplane,automobile,deer,dog,frog,horse,ship,truck,bird,cat
bird,0.9452495612474427,0.7154728265757321,0.9852563046210142,0.981514180757388,0.9825872464297009,0.908727229522648,0.8241954016659411,0.670008577798351,1.0,0.986988671381782
cat,0.9301802840414882,0.7151669056601876,0.9839478417676496,0.9947814413076004,0.9831994851483022,0.9143923022320037,0.8161265036765587,0.6753811533015028,0.9868240828647068,1.0
