,airplane,automobile,deer,dog
deer,0.8269328278390333,0.2649797228152212,1.0,0.9080874493457454
dog,0.773891698009485,0.31794040472088203,0.9081678972696329,1.0
