,airplane,automobile,deer,dog,frog,horse,ship,truck,bird,cat
bird,0.9441011713514332,0.7644510748321032,0.9601820826482426,0.9342386915078318,0.9345189446396176,0.8888130305088041,0.8754689074638954,0.7388716310102815,1.0,0.9593544660377907
cat,0.9024465936314365,0.7605488020041399,0.9572931861864855,0.9801790266368461,0.9406613324647355,0.9036949398556798,0.8497816746904333,0.7461909338222941,0.9592035107079494,1.0
