,airplane,automobile,deer,dog,frog,horse,ship,truck,bird,cat
bird,0.9546043685146481,0.7529518765793355,0.9732908766999375,0.9462183189781604,0.9591277103891603,0.895291508329223,0.8779664692636315,0.6692537618072756,1.0,0.971295109438628
cat,0.9235263088916407,0.7557239605541654,0.9631671571769105,0.9836134936397016,0.9537991503913371,0.905655155534851,0.8574216655296353,0.686684717277523,0.9704083910042356,1.0
