,airplane,automobile,deer,dog,frog,horse,ship,truck,bird,cat
bird,0.9547293994040416,0.6978006328412697,0.977142053662987,0.9554690227988618,0.9697746591898343,0.9015751711169747,0.8791143794085619,0.6813474808156306,1.0,0.9830472007618384
cat,0.9303906264454734,0.7027119222474931,0.9699426162049261,0.9867843900179333,0.9621849596072629,0.9068105395954353,0.8641947115631705,0.694543160165477,0.9824370741528283,1.0
