,airplane,automobile,deer,dog,frog,horse,ship,truck,bird,cat
bird,0.9488510426551839,0.7492087564759127,0.9716367645959156,0.9363603348453979,0.9539352350909923,0.8917891077222321,0.8882946703355652,0.6965294698213229,1.0,0.9633946184574773
cat,0.9064303560197945,0.748204478634048,0.9628081962562538,0.9824122447720621,0.9574476619724184,0.9045843607084917,0.8595566778745711,0.7149502942780894,0.9636057294842708,1.0
