,airplane,automobile,deer,dog,frog,horse,ship,truck,bird,cat
bird,0.943092952996615,0.7581776487261385,0.9522922411543414,0.9308276657960891,0.9314915091641859,0.8975494287694031,0.8500558047426902,0.7783743354793305,1.0,0.9581384131712064
cat,0.903215133531727,0.7568675435999681,0.945581954038765,0.9788088790997473,0.9392028743512421,0.9100759922131967,0.8302291226256185,0.7792718938356926,0.9567466067040425,1.0
