,airplane,automobile,deer,dog,frog,horse,ship,truck,bird,cat
bird,0.9093029085511043,0.7529017180366223,0.9846602085473527,0.9855299380941762,0.98780838069971,0.8325425301721001,0.8113384953638547,0.7454202282461797,1.0,0.9904955922889
cat,0.8888418076735666,0.7616370278117095,0.9792423582866091,0.9974322083189354,0.9912185101110265,0.8282545948677118,0.8047564990841675,0.7572866431170237,0.9913303507292499,1.0
