,airplane,automobile,deer,dog,frog,horse,ship,truck,bird,cat
bird,0.9501610488142677,0.7484811268785232,0.9648150861964233,0.9406694858434979,0.9606437197416537,0.8861570770741204,0.8630549293389785,0.7193980677179512,1.0,0.966619458394584
cat,0.9167041837767912,0.7508281711871861,0.9554848797798039,0.9796296746519413,0.957424077941544,0.9019656291059615,0.847040892192594,0.7247186649168398,0.966203826447338,1.0
