,airplane,automobile,deer,dog,frog,horse,ship,truck,bird,cat
bird,0.941778373545918,0.757126341987243,0.9549293603760828,0.9410386284189282,0.9387166588950719,0.9011101598455163,0.8566764464939787,0.7495151418605821,1.0,0.9591088885766791
cat,0.9077629474869114,0.7541125682180527,0.950673814661949,0.9845188750324887,0.93869339572895,0.9162938385197354,0.8384552848972261,0.751431841901272,0.9580574335534146,1.0
