,airplane,automobile,deer,dog,frog,horse,ship,truck,bird,cat
bird,0.957524838011122,0.758567477138313,0.9673516222419412,0.9415398610038157,0.9641835735502299,0.8785602598342855,0.8548416065433362,0.7082370825307741,1.0,0.9691936791461826
cat,0.9233090944883476,0.7573306838165333,0.9584830128913638,0.9837479425206659,0.9602420628146501,0.8969587936297839,0.8327625777731181,0.718249238279415,0.9689165937861222,1.0
