,airplane,automobile,deer,dog,frog,horse,ship,truck,bird,cat
bird,0.9587998512476956,0.714385015980376,0.9742032353343355,0.949465087882561,0.9636961031780076,0.9046463850176146,0.89780964651717,0.6628475217539874,1.0,0.9741471530882524
cat,0.9272049994832461,0.7180684767811725,0.9660764140699856,0.9857571134387554,0.9596046134163139,0.9140896909091587,0.8756080618985895,0.6799162453843571,0.9736743846184212,1.0
