,airplane,automobile,deer,dog,frog,horse,ship,truck,bird,cat
bird,0.8839659883463836,0.7909693064094914,0.9779741017512751,0.9756991920543152,0.9759815161603761,0.8746681555021236,0.7836689257923586,0.7540668471916365,1.0,0.98300596679204
cat,0.8560784998014933,0.7921049823051539,0.975059317222272,0.9942901783999077,0.9843958031837916,0.876029332035569,0.7755959470477995,0.7617628677176851,0.9846830722863278,1.0
