,airplane,automobile,deer,dog,frog,horse,ship,truck,bird,cat
bird,0.9434565354817016,0.7271169842057505,0.9813329939913171,0.9754353763536742,0.978624028953329,0.896573024801627,0.8368865431471308,0.677192709112411,1.0,0.9833818039530589
cat,0.9241234787342544,0.7275063649113831,0.9797167983375256,0.9933893740687662,0.9792317642146043,0.9022413834568055,0.8275794971692678,0.6829603205575979,0.983251018549795,1.0
