,airplane,automobile,deer,dog
deer,0.7053234062213992,0.3584558592829443,1.0,0.9362207344956566
dog,0.6979902430561902,0.36432378003290466,0.9376859769109052,1.0
