,airplane,automobile,deer,dog
deer,0.8275320693701181,0.25116358739525924,1.0,0.9213043432346227
dog,0.7625984031327488,0.31572612195509653,0.9216754749121546,1.0
