,airplane,automobile,deer,dog,frog,horse,ship,truck,bird,cat
bird,0.9574465488269814,0.6269483443436568,0.9840863079859496,0.9700785767622845,0.9795814184683445,0.9191002435959396,0.8897252897273313,0.682833177508319,1.0,0.9902000927811934
cat,0.9414554115271876,0.6252114025111615,0.9804301805415805,0.9902144075931439,0.9742058898566585,0.9279292397467669,0.87921908439014,0.6916708385856167,0.9896635452477444,1.0
