,airplane,automobile,deer,dog,frog,horse,ship,truck,bird,cat
bird,0.9460131146624307,0.7015170649770746,0.9846059631199656,0.9787967440219453,0.9824923142547985,0.8933842334802702,0.8356048887636591,0.6903007013476287,1.0,0.9872849753722274
cat,0.9294648239349098,0.7024554896685236,0.9813985929998262,0.9948922586761597,0.9810678652207667,0.897253354892321,0.8278876497108427,0.6984572459184097,0.9871227189782404,1.0
