,airplane,automobile,deer,dog,frog,horse,ship,truck,bird,cat
bird,0.9450746518484119,0.6985757461502111,0.9860577153329897,0.9782470047757642,0.982929510287355,0.9057621945809262,0.8457677656092767,0.6697365446921377,1.0,0.9878488667229274
cat,0.9286416795083859,0.6988801928181863,0.981283874277998,0.9950885060177942,0.9805119987158426,0.9100142826034103,0.8372591716194255,0.6806440105182084,0.9876762839207488,1.0
