,airplane,automobile,deer,dog,frog,horse,ship,truck,bird,cat
bird,0.8895181334762489,0.7861122384632242,0.983130496868298,0.9803432301986666,0.9825344345102469,0.852318870968925,0.7677396352628456,0.7716153514832376,1.0,0.9866876087683072
cat,0.8653594865611243,0.7915660854316263,0.9778054372941132,0.9961229448657586,0.9887015200381595,0.8488168965684242,0.7626645814314483,0.7808148980833719,0.9881481497259736,1.0
