,airplane,automobile,deer,dog,frog,horse,ship,truck,bird,cat
bird,0.9510943852070288,0.7423801208967356,0.9646891361441507,0.9406916891705321,0.9448623693229259,0.8924624540552738,0.8910481648915196,0.7073623640315118,1.0,0.9654093162803217
cat,0.9153054374927012,0.7378982949903111,0.9603517641486727,0.9818929389756932,0.9450101927626274,0.9101701808801058,0.8715948877897797,0.7136350490195319,0.9641412539405768,1.0
