,airplane,automobile,deer,dog,frog,horse,ship,truck,bird,cat
bird,0.9532443932329074,0.745258985116545,0.96731557101661,0.9398735384383308,0.9483327361131673,0.8891863386325325,0.8923870540234792,0.698484585957736,1.0,0.9659167974686921
cat,0.9119143996436216,0.746617451677043,0.9620271673348761,0.9814981540032813,0.9470787791866315,0.9047185979551702,0.8667671132262025,0.7141868074796006,0.9651915294935732,1.0
