,airplane,automobile,deer,dog,frog,horse,ship,truck,bird,cat
bird,0.940848663101016,0.7083489990695911,0.9859696103177308,0.9803778233054814,0.984177750689001,0.9057885520359423,0.8325050573903159,0.6741537531825801,1.0,0.9878297909083413
cat,0.9252814711975573,0.7089521274716866,0.9846243439502695,0.9945641410702295,0.9843979885331222,0.9117443921217006,0.8227773547338758,0.6799754815251293,0.987682699396429,1.0
