,airplane,automobile,deer,dog,frog,horse,ship,truck,bird,cat
bird,0.9417037252536267,0.703626922480877,0.982280037636901,0.9770618063298745,0.9815060946709566,0.8892811209038026,0.8277646670553687,0.7109528024297957,1.0,0.985822823238797
cat,0.9215568891346655,0.7047996089754138,0.9793942605057743,0.9948955377199914,0.9795477497626423,0.8956148684703547,0.8181419889659524,0.7201486388817095,0.9859004575834962,1.0
