,airplane,automobile,deer,dog,frog,horse,ship,truck,bird,cat
bird,0.9397240036650518,0.7742526474039784,0.9484151613537354,0.9242216048383614,0.9259709880044118,0.8891922940650916,0.8532149237312489,0.7869962353175377,1.0,0.958012141620583
cat,0.9032651943695439,0.7715373653235649,0.9439168476797992,0.9721400754579173,0.930400020672851,0.9010736911727429,0.835719448899598,0.7863477336431848,0.9555996227807981,1.0
