,airplane,automobile,deer,dog,frog,horse,ship,truck,bird,cat
bird,0.9479697106149761,0.7062351549965417,0.9838522061373884,0.9791431935595758,0.9842715071266158,0.9062216664536897,0.8380162004498886,0.6676513911454308,1.0,0.9866389695158931
cat,0.932954246091057,0.7063261091663138,0.9821857153558174,0.9941966416729942,0.9830289810605666,0.9127369872481094,0.8295880432625073,0.6726952115611791,0.9862880645814551,1.0
