,airplane,automobile,deer,dog,frog,horse,ship,truck,bird,cat
bird,0.8801757775455341,0.7979745319772603,0.9716192776556151,0.9635943225345078,0.9616208808974582,0.895610080514278,0.7778575932246232,0.7782449454348217,1.0,0.9733025902159014
cat,0.84313025825913,0.7965125107765048,0.971964616543156,0.9911352983185415,0.9721941982145045,0.903735086580664,0.7617894014598616,0.7836177913032909,0.9759208385443467,1.0
