,airplane,automobile,deer,dog,frog,horse,ship,truck,bird,cat
bird,0.9506499198403537,0.7408636229416352,0.9681295258679992,0.9345504350668478,0.948970219577946,0.8909462872081038,0.8680075058685124,0.7380628848778851,1.0,0.9598195987507169
cat,0.910965607067667,0.7418747480721317,0.9585100636263435,0.9834500091076617,0.944341353272676,0.9069844131617201,0.8483284494487038,0.7463857710612257,0.9591595851818704,1.0
