,airplane,automobile,deer,dog
deer,0.553337986976391,0.48824754744441834,1.0,0.9584144655791907
dog,0.564683364571519,0.47563057286842614,0.9596860625600548,1.0
