,airplane,automobile,deer,dog,frog,horse,ship,truck,bird,cat
bird,0.9471386743054085,0.6677852613406161,0.9843256791813606,0.979940414885322,0.9801766701563427,0.9094310703823636,0.8472444373686701,0.6960407230923897,1.0,0.9879170692875264
cat,0.9287312785752223,0.6718477232368744,0.9803027987492795,0.9954856003134666,0.9799660800411469,0.9097217189971633,0.8383642371848137,0.7076525025962088,0.9879280603058245,1.0
