,airplane,automobile,deer,dog,frog,horse,ship,truck,bird,cat
bird,0.9562234969418969,0.7251641423977986,0.970738069490172,0.9376022818069424,0.9586360226013653,0.9065080977014304,0.861476646911448,0.7135424973354454,1.0,0.9701087448135013
cat,0.9215656923240102,0.7266040134353482,0.9562915870114232,0.9836901588667485,0.9551556543263411,0.9169489647556617,0.8435841568938915,0.7246973896484086,0.971462382738167,1.0
