,airplane,automobile,deer,dog,frog,horse,ship,truck,bird,cat
bird,0.9468637387162715,0.7520161323886659,0.9585395423291945,0.9392721118957208,0.9338661539924673,0.8950420973542789,0.8591852305521063,0.7577982244848879,1.0,0.957416768286407
cat,0.9066836476582373,0.7547171504615042,0.9496065445062498,0.9844843308729377,0.9401748400515597,0.9054548390672985,0.8388497011544856,0.7629431349204563,0.9570858113072707,1.0
