,airplane,automobile,deer,dog,frog,horse,ship,truck,bird,cat
bird,0.9498834817384872,0.7570187076782409,0.9700486115167509,0.9426565586873208,0.9550438393770877,0.8828039911601908,0.8750258376749652,0.7023939777382175,1.0,0.9651249944287388
cat,0.9134074918509779,0.7578920380158175,0.960299001070654,0.9822000827573766,0.955985200937194,0.8954023652311238,0.8535438911887546,0.7170352946163426,0.9642346343317588,1.0
