,airplane,automobile,deer,dog,frog,horse,ship,truck,bird,cat
bird,0.9465501144934859,0.7463810806398372,0.9650736189310634,0.9335864311549197,0.9475557482400759,0.8966025222701355,0.8521940429057828,0.7536473972538078,1.0,0.9584090441108919
cat,0.9058394987853948,0.7431248921547264,0.9599846591464198,0.982252220530164,0.9448306260338033,0.9142336363307517,0.8300209208903073,0.7619194336651176,0.9577941124633153,1.0
