,airplane,automobile,deer,dog,frog,horse,ship,truck,bird,cat
bird,0.9007328234503504,0.7792861371563891,0.9795059566906141,0.9778049147572723,0.9796669118411789,0.8596973853163301,0.7958702428477711,0.743494191814138,1.0,0.9839414361259561
cat,0.8763365956683515,0.7842283168268518,0.9750033055918412,0.9947820046056569,0.9855988010823261,0.8589093426554493,0.7871290139017775,0.7529133154203768,0.985099304247369,1.0
