,airplane,automobile,deer,dog,frog,horse,ship,truck,bird,cat
bird,0.954577877999954,0.7095987638829588,0.9712534990515052,0.9523954516639925,0.953613575101113,0.9085448707825458,0.862654647456942,0.7170721703831102,1.0,0.9702891436778784
cat,0.9219238185779179,0.7139778154701558,0.9604415943412885,0.987644062324457,0.9548547364326907,0.9180098347220325,0.8446455191800021,0.7282938889308654,0.97020873002059,1.0
