,airplane,automobile,deer,dog,frog,horse,ship,truck,bird,cat
bird,0.9534050788349485,0.7199366002953707,0.9661485649003698,0.9469970183915389,0.9524466407441794,0.9003873609240802,0.8624338901240909,0.726805507609014,1.0,0.9714393381764076
cat,0.9203062958693663,0.7244072024947408,0.9528563762139759,0.9847669110629792,0.9511454691287402,0.9077969825904902,0.8489345204812397,0.7381013407080047,0.9716849014504629,1.0
