,airplane,automobile,deer,dog,frog,horse,ship,truck,bird,cat
bird,0.9499477059586133,0.7205225102952691,0.9837085740422657,0.9812028018592411,0.9819663478800925,0.8940416517272426,0.8470775963878246,0.6545202557213256,1.0,0.9870125561281254
cat,0.9350733546015584,0.7213806904079613,0.9814720065752315,0.9948468051568304,0.9830745028433375,0.8976439186682992,0.8396480571861628,0.6600077516058289,0.98685291295479,1.0
