,airplane,automobile,deer,dog
deer,0.8071387848581102,0.317442594558485,1.0,0.8754186205834047
dog,0.7630625040363782,0.3649320282439745,0.8720054677196474,1.0
