,airplane,automobile,deer,dog,frog,horse,ship,truck,bird,cat
bird,0.8941337573016562,0.7848837578529326,0.976409624845367,0.9721993724269173,0.9715444009058575,0.8828160963895805,0.802039524314598,0.7353452203231362,1.0,0.9806282456399548
cat,0.8639383843866568,0.7873205509717531,0.9736902945068382,0.9925361847727581,0.979869078671099,0.8857175372425421,0.7897272591959854,0.7450408083694953,0.982159901882872,1.0
