,airplane,automobile,deer,dog,frog,horse,ship,truck,bird,cat
bird,0.9545181088547263,0.7107624666870019,0.9852816492950676,0.9792933107718832,0.9845779640296047,0.8931900222537243,0.847530141895541,0.6569455186593293,1.0,0.9879008175531216
cat,0.9393143612684479,0.7113836888262239,0.9822923490665567,0.9949619915711778,0.9824797391630239,0.9003521605041594,0.838667712074543,0.6630820870559393,0.987465910469928,1.0
