,airplane,automobile,deer,dog,frog,horse,ship,truck,bird,cat
bird,0.9529355451160806,0.6581412267306269,0.97796807404405,0.9546284999210642,0.9708887579713633,0.9116231856402381,0.8944997506410821,0.7023697724334519,1.0,0.976945187502043
cat,0.9227672771920363,0.65851542842842,0.970224940754359,0.9890728788433985,0.9715262560425252,0.9189702019989872,0.8726313341306879,0.7190747228574799,0.9772169597521059,1.0
