,airplane,automobile,deer,dog,frog,horse,ship,truck,bird,cat
bird,0.9609584892218258,0.7279168458301619,0.9754016584155706,0.947018922993232,0.9669227530638783,0.9076041487631804,0.8906337333027065,0.6514284088725986,1.0,0.9721150395368461
cat,0.9292493343337187,0.730856974243725,0.9652443013343138,0.9846733785411588,0.9621876109208147,0.9166484896051096,0.8686423599854017,0.6711892518070443,0.9713082992287136,1.0
