,airplane,automobile,deer,dog,frog,horse,ship,truck,bird,cat
bird,0.9387680953259153,0.7617600029486014,0.9473776116640091,0.9354961547405407,0.9325427107620164,0.9020552024529812,0.8413198557806472,0.779678060155427,1.0,0.9610023061698619
cat,0.9040721471208834,0.759612362831351,0.9442590313262599,0.9775432866669403,0.9392270048364018,0.9104741696092262,0.8251870557161112,0.7804051105657465,0.9592198313270798,1.0
