,airplane,automobile,deer,dog,frog,horse,ship,truck,bird,cat
bird,0.9489644986684383,0.7710528663190607,0.9614651228601596,0.9287124495650471,0.9425012468496181,0.8812780986347272,0.879448088969239,0.7243630412479207,1.0,0.9622145868857892
cat,0.9066559907405792,0.7693718127878906,0.9552403677539708,0.977037424494994,0.9458368400060879,0.8978199574446838,0.852097626972635,0.7339152755778566,0.962024704221302,1.0
