,airplane,automobile,deer,dog,frog,horse,ship,truck,bird,cat
bird,0.9474891854650948,0.7663476381485786,0.9681971899674954,0.9333439071947184,0.9517055190732495,0.8855033049544554,0.8756876385378626,0.7114975367226648,1.0,0.9602280799358806
cat,0.9022632876979666,0.7674177624307499,0.9601194857450553,0.981404824731822,0.9529571575705528,0.9031341235129551,0.8445912390260102,0.7274873067924951,0.9606248124923928,1.0
