,airplane,automobile,deer,dog,frog,horse,ship,truck,bird,cat
bird,0.8800623426531795,0.798613286715933,0.9744016049842446,0.9699848108011345,0.9632905765743103,0.9008981523228868,0.7773374566636435,0.7590231557531062,1.0,0.9763886135315616
cat,0.8445420069109255,0.7990395854095929,0.9740850241752143,0.9929815039304284,0.9763623330678254,0.9053572743361743,0.7626181557152624,0.766319219381273,0.9786948970733039,1.0
