,airplane,automobile,deer,dog,frog,horse,ship,truck,bird,cat
bird,0.9512250491598061,0.7798094301094886,0.9625943899767435,0.9388454786682757,0.9396575495171566,0.8856079938645087,0.8742544422478943,0.7062627069259755,1.0,0.9617429595301511
cat,0.911479983258299,0.7824708525276021,0.956196587497819,0.9811312082722748,0.9426316369015469,0.8997810015346559,0.8468134719931008,0.7183332978216006,0.961161960193101,1.0
