,airplane,automobile,deer,dog,frog,horse,ship,truck,bird,cat
bird,0.8956346110980613,0.8042342097326318,0.9719850085405323,0.9640518899421826,0.9682675406026192,0.8728376941354532,0.7915985947411244,0.7557225105589964,1.0,0.975667940648399
cat,0.8622982034826709,0.8065203250943883,0.9677229522808496,0.9904101362261597,0.9777096441728461,0.8748398152071203,0.777991148185025,0.7644982332068317,0.9780095421441084,1.0
