,airplane,automobile,deer,dog,frog,horse,ship,truck,bird,cat
bird,0.9485398013897597,0.7413857156755395,0.9666146893859888,0.9457374316862281,0.9544822636537813,0.9038862836554725,0.8588451357028652,0.7174798556060473,1.0,0.9630288232443173
cat,0.9106454978814736,0.7461378599291528,0.9541842053322728,0.9880615566891887,0.9535214252227953,0.9161025965186698,0.8397730879012554,0.7281443184536571,0.9634294520715344,1.0
