,airplane,automobile,deer,dog,frog,horse,ship,truck,bird,cat
bird,0.8877622976847996,0.7689286059186715,0.9824082741407096,0.9819498755078948,0.983047797978078,0.8782541123143903,0.7780244889413144,0.7526433986551772,1.0,0.9869811488589646
cat,0.8645774216420213,0.7744456657011547,0.9778739394976858,0.9966573503728154,0.9885987167652883,0.8746109857716067,0.772980062070235,0.7619931960875914,0.9882626620916015,1.0
