,airplane,automobile,deer,dog,frog,horse,ship,truck,bird,cat
bird,0.944670827400796,0.75505950746528,0.9592167298842795,0.9400499001825262,0.9415935908427446,0.8959669798345979,0.8515909457345093,0.7510792424739658,1.0,0.9607722761813003
cat,0.9064615989449988,0.7551003466675363,0.9523441037054761,0.9835799614897094,0.9459276589959056,0.9092049997005567,0.8309051445523855,0.7555676176030823,0.9609085683403494,1.0
