,airplane,automobile,deer,dog,frog,horse,ship,truck,bird,cat
bird,0.9567042313031755,0.6815717537933055,0.9800843677561064,0.9519776733574323,0.9721214430500844,0.9182780246730322,0.8956094169996076,0.6643151829526465,1.0,0.9793379061146096
cat,0.9291914983600155,0.6858522360216904,0.9713576431603979,0.9866431301829098,0.9654721846169659,0.9256932026089763,0.8751865604900221,0.6816221964540201,0.978981348105002,1.0
