,airplane,automobile,deer,dog,frog,horse,ship,truck,bird,cat
bird,0.9483594631517648,0.7442786585641359,0.9622915312647183,0.9346179560897521,0.9445608363641868,0.8908686406043712,0.8811268491528885,0.7277247284183885,1.0,0.9661713363897941
cat,0.9128773446061386,0.7412368191192154,0.9584734612407605,0.9775336412469349,0.9444885924887526,0.9036871226325849,0.8610844277746295,0.7351572570698424,0.9654613338211413,1.0
