,airplane,automobile,deer,dog,frog,horse,ship,truck,bird,cat
bird,0.8957398595881354,0.7890503538661588,0.9770053995876048,0.9701651130278478,0.9695545937728905,0.8866660310811808,0.7827123374234047,0.750528914806069,1.0,0.9785773968467081
cat,0.8634104792453385,0.7885787706529531,0.9755497526415302,0.99299008278342,0.9772236845472192,0.8948540494359493,0.7697931142076172,0.7573426593128436,0.9802574071731289,1.0
