,airplane,automobile,deer,dog,frog,horse,ship,truck,bird,cat
bird,0.9490149642152806,0.7401419909257411,0.9637408081670429,0.9353814092251674,0.9569162562971097,0.8945231285189621,0.8575093511487453,0.737735425686753,1.0,0.9650366658151978
cat,0.915274420839717,0.7345509990637398,0.9619318551510028,0.9807332750885353,0.9518077829520829,0.9166171574292912,0.8346756932339994,0.7398864569804677,0.9645223592611641,1.0
