,airplane,automobile,deer,dog,frog,horse,ship,truck,bird,cat
bird,0.9476800587475964,0.7458721883645856,0.967316070093499,0.9393240061473196,0.9442513646399014,0.8936271180082609,0.855204856838347,0.7466408407383147,1.0,0.9600834964221755
cat,0.9091728053634119,0.7466074712688905,0.9610867495062959,0.9834358609062684,0.9427921466284893,0.909505957841085,0.8345331772865092,0.754050581426094,0.9588152497729556,1.0
