,airplane,automobile,deer,dog,frog,horse,ship,truck,bird,cat
bird,0.9481422272293419,0.693521333951939,0.9863159263284907,0.981901487174553,0.9843838713906338,0.9018902991225349,0.840598370943251,0.6741695976004041,1.0,0.9890768862588516
cat,0.9337440266300981,0.694612442140136,0.9833214563545212,0.9955733207270462,0.9833101509241478,0.9045074583514326,0.8341831759950102,0.6818477813002226,0.9889001875773853,1.0
