,airplane,automobile,deer,dog,frog,horse,ship,truck,bird,cat
bird,0.9493818600895939,0.6814522385642292,0.9885362966785418,0.9804907667242627,0.9857251101656709,0.9062541602400265,0.8443698927302593,0.6750860303904451,1.0,0.9887036444169705
cat,0.9349880837723945,0.6823642388217472,0.9840329499279807,0.9955030688227785,0.9834361715608984,0.9087306223218973,0.8379082462602687,0.6846310197960883,0.9884055987159465,1.0
