,airplane,automobile,deer,dog,frog,horse,ship,truck,bird,cat
bird,0.9467290226098138,0.6811163345731261,0.9816566120621467,0.9750247525083685,0.9771688583128704,0.8977539090104566,0.8477164802238351,0.707811786266784,1.0,0.9850222444325987
cat,0.9246618917795428,0.6853209289240252,0.9769442499902732,0.9945719077548509,0.9767867933051227,0.8989561450273965,0.8367899347075572,0.720937085737218,0.9850310627740134,1.0
