,airplane,automobile,deer,dog,frog,horse,ship,truck,bird,cat
bird,0.9439939170887142,0.7499467279038253,0.9592271165738512,0.9420575523534451,0.9423491218178378,0.9049217359935132,0.8570002004963455,0.7335408150727347,1.0,0.966962812699733
cat,0.9125873679304701,0.7496323062515007,0.9540476796174925,0.9806294675995337,0.938168812035518,0.9198379633292659,0.8429239818176546,0.7354707150705599,0.9667017063480047,1.0
