,airplane,automobile,deer,dog,frog,horse,ship,truck,bird,cat
bird,0.958351084727919,0.6767973400930644,0.979005420877212,0.9562508906548647,0.969562500078315,0.9101167912662683,0.8970398989457722,0.6749266373781946,1.0,0.9779494359783899
cat,0.93062614680703,0.6789481295750205,0.9707723994487694,0.9881626688280323,0.9641605743302769,0.9201894428060744,0.8786812790448384,0.6909314150371461,0.977527944122812,1.0
