,airplane,automobile,deer,dog,frog,horse,ship,truck,bird,cat
bird,0.9435267939635027,0.7656394850900831,0.9565073930955136,0.9303216680151332,0.9493182955739671,0.8959949162244253,0.8606271848452209,0.7374153468237739,1.0,0.9606489163683805
cat,0.9039353642915051,0.7577879317252254,0.9594222283961997,0.9779858711431377,0.9481576272975785,0.9200028071625115,0.8356434989296878,0.7368327290188004,0.960231942035354,1.0
