,airplane,automobile,deer,dog
deer,0.8591084406280639,0.1801465852690478,1.0,0.9607449741028884
dog,0.8296967168605218,0.21168426029677911,0.9586190228426991,1.0
