,airplane,automobile,deer,dog,frog,horse,ship,truck,bird,cat
bird,0.945398639768271,0.7502278508391232,0.9658140147055941,0.9302568492609071,0.9389216996588969,0.8918496132748822,0.8621140725421108,0.7573895442442659,1.0,0.9580277157059488
cat,0.9047858896640061,0.7474542136240196,0.9596169059867863,0.9805425557421472,0.9368007427501215,0.9087569056004434,0.8417415288640628,0.7632124849584221,0.9570887728099908,1.0
