,airplane,automobile,deer,dog,frog,horse,ship,truck,bird,cat
bird,0.9424411081361567,0.7688395258012586,0.9603956260247714,0.9345680620001833,0.9361277956390263,0.8888666355622736,0.8754631840791489,0.7325899730015709,1.0,0.9607080897556106
cat,0.9022830170492373,0.765388623835835,0.9568352482412308,0.9794076359191708,0.9428729371033371,0.9015199336368717,0.8510555285068364,0.7403202612515642,0.9603168144559168,1.0
