,airplane,automobile,deer,dog
deer,0.8561534718394661,0.24673585920797136,1.0,0.8971106689525625
dog,0.7908357760056022,0.31376410068033134,0.8954001233140665,1.0
