,airplane,automobile,deer,dog,frog,horse,ship,truck,bird,cat
bird,0.9474470002017062,0.7451336315168793,0.9633871592531296,0.9380938097534937,0.9393769367538861,0.8917053675968748,0.8805803557570002,0.7290920729736604,1.0,0.9651836661933697
cat,0.91093503347225,0.741663371321301,0.9589569017284018,0.97997801289463,0.9420822255510771,0.9063708664350297,0.8602988394730899,0.7354697713006937,0.9642449778235265,1.0
