,airplane,automobile,deer,dog,frog,horse,ship,truck,bird,cat
bird,0.947168519832813,0.7177414352263407,0.9634981254440964,0.9467105153414062,0.9507302829164718,0.8949143420066424,0.8512228312106661,0.7573662307144253,1.0,0.970647717307138
cat,0.9174559996744969,0.7195471888367475,0.9521586863083514,0.9853028737140769,0.9465627673773047,0.9054430625093207,0.8375386420574346,0.7655248194487494,0.970465960073518,1.0
