,airplane,automobile,deer,dog,frog,horse,ship,truck,bird,cat
bird,0.9575134159426901,0.7375721319679629,0.9705657155097165,0.9368911651089731,0.9555495582287579,0.8933930936121346,0.885863394535608,0.6973787480079701,1.0,0.9652727770861868
cat,0.9183990055233205,0.7403405656363359,0.9590058386863939,0.9818933230036585,0.9538217443178485,0.90523440561469,0.8597035509239136,0.7164336526181299,0.9651679136757092,1.0
