,airplane,automobile,deer,dog,frog,horse,ship,truck,bird,cat
bird,0.9553974960934947,0.6324903597062197,0.9884721791174987,0.9831804873706214,0.9833514097863184,0.9514963687583904,0.8401621171525676,0.6716867419743164,1.0,0.9937628400405729
cat,0.9435359932657228,0.6379323188186184,0.9823547481555585,0.9953136825684394,0.9805642023640675,0.9528453300157721,0.8364077488225878,0.6772168063779687,0.9938291696112648,1.0
