,airplane,automobile,deer,dog,frog,horse,ship,truck,bird,cat
bird,0.9428558900280049,0.7677813561626536,0.9599752711727327,0.9339156345700117,0.9535914935258101,0.888728083432986,0.8594104057427235,0.7307420428231548,1.0,0.9629998225419226
cat,0.9084451292618065,0.7606734379464846,0.9597590159790236,0.9789227221620225,0.9478134264384308,0.9110240346611823,0.841003837029656,0.7304836157662937,0.9618747807551,1.0
