,airplane,automobile,deer,dog,frog,horse,ship,truck,bird,cat
bird,0.960302970140364,0.682933782752974,0.9777851592996577,0.957609019840245,0.9716418634992334,0.924922255676585,0.875284258420274,0.6708908808913556,1.0,0.9786298094793111
cat,0.9334661356665446,0.68869108400166,0.9644815243373991,0.9896116171008632,0.967729962855213,0.9297719968974046,0.8589522760647389,0.6880943219680176,0.9792010811081591,1.0
