,airplane,automobile,deer,dog,frog,horse,ship,truck,bird,cat
bird,0.9450969394943144,0.7332877084207667,0.9805847639327411,0.9742914922912074,0.9780405167669892,0.8945060870863923,0.8305735094302923,0.6812640914683457,1.0,0.982354891108951
cat,0.9249555860473458,0.7340576296971439,0.9783386871932198,0.9930536165612839,0.9792171625488936,0.8999735493707861,0.8201656329672142,0.6879596968064092,0.9822784388077033,1.0
