,airplane,automobile,deer,dog,frog,horse,ship,truck,bird,cat
bird,0.9515087245262717,0.7509240954341225,0.9592361668837093,0.9313205678190498,0.9405207378509594,0.8985293413384472,0.852408904065861,0.7513930920701275,1.0,0.9641583700114517
cat,0.9104146783500688,0.7528734514715058,0.9446006752483177,0.9783091576583153,0.9458379297869273,0.9109276530363105,0.8319671045844395,0.7606439972361065,0.9644253526280087,1.0
