,airplane,automobile,deer,dog,frog,horse,ship,truck,bird,cat
bird,0.8913774396591914,0.78752089462502,0.9765635577020849,0.972833355928339,0.9670881009313264,0.895070681390553,0.7778342326790174,0.7516442844891467,1.0,0.9800674525953212
cat,0.8630881106268111,0.7878479950833835,0.9754680374062349,0.9926951598596617,0.9759377787154586,0.8992271125874636,0.7668570396252562,0.7573289057390639,0.9815498603566665,1.0
