,airplane,automobile,deer,dog,frog,horse,ship,truck,bird,cat
bird,0.9423136062552274,0.7244816385156321,0.9827021417058222,0.977912250235377,0.9791501943013566,0.9006708174982101,0.8225288186291312,0.6862394562416132,1.0,0.9840010766176303
cat,0.9241346653631961,0.7245665491535522,0.9810507428159024,0.9938526255378943,0.980297133667823,0.9065977810903276,0.8131411653709466,0.692435714557484,0.9839236224428737,1.0
