,airplane,automobile,deer,dog,frog,horse,ship,truck,bird,cat
bird,0.9472960099899641,0.7338355440163129,0.9714393359181145,0.9380583643466477,0.9547504706946797,0.9033230117675165,0.8481587879175784,0.7403656233990064,1.0,0.9627728519501799
cat,0.9097878941716735,0.7327518500687997,0.9645844830855715,0.9834815357259971,0.9527792039791957,0.9174071339419965,0.826343184159794,0.7507700005784906,0.9620947142884813,1.0
