,airplane,automobile,deer,dog
deer,0.7986285873082462,0.34100286103150523,1.0,0.8603685516602485
dog,0.7450492203222885,0.3903131219028966,0.864637657774815,1.0
