,airplane,automobile,deer,dog,frog,horse,ship,truck,bird,cat
bird,0.9438797648149624,0.7014910323716614,0.9878522169530664,0.9785251403194098,0.9834468993940713,0.9007566696796707,0.8264030489164189,0.6893632998272792,1.0,0.9882819277234599
cat,0.92782298526975,0.702818962959983,0.9845742427407111,0.9944425787134873,0.9825956003704861,0.9045623796594213,0.8173087501457617,0.6977099423669619,0.9881645577734375,1.0
