,airplane,automobile,deer,dog,frog,horse,ship,truck,bird,cat
bird,0.886379702524815,0.7837992694103464,0.979741355889225,0.9767099036026313,0.9734448022243711,0.8884211170361509,0.7771760752872241,0.7508316653052967,1.0,0.9834961087199396
cat,0.8587304851581747,0.7859577401602004,0.9771204092357227,0.9940527294604504,0.9834222003501001,0.8878065335490648,0.7686036408990926,0.7594225827188543,0.98488367846834,1.0
