,airplane,automobile,deer,dog,frog,horse,ship,truck,bird,cat
bird,0.8818307996577829,0.8001049969342449,0.976660151347442,0.9714041198302021,0.9700530425983708,0.8814785552742932,0.7753266152753235,0.7632105559619908,1.0,0.9799311631203499
cat,0.8505055300983089,0.8021565162481528,0.9736727704033796,0.9927208587889127,0.9802317082979687,0.8823958837292779,0.7652751843666228,0.7713501651286274,0.9816913829387494,1.0
