,airplane,automobile,deer,dog,frog,horse,ship,truck,bird,cat
bird,0.9482157117112825,0.7317599277148974,0.9833816366113568,0.9786268397078568,0.9842945942503888,0.8905972439554115,0.8360708667790909,0.659562715877055,1.0,0.9874904633926603
cat,0.9321781024858838,0.7302868671416531,0.9821734328556876,0.9941361896238976,0.9828645988637712,0.8979382897787689,0.8280469371828794,0.665148597654786,0.9872269844126725,1.0
