,airplane,automobile,deer,dog,frog,horse,ship,truck,bird,cat
bird,0.9421041277296737,0.749238650589303,0.9561962085422944,0.9395710749934951,0.9365461711469716,0.8958738512763644,0.8587256446113798,0.7584266440274627,1.0,0.9633176270830554
cat,0.9083874247312604,0.7507524125485506,0.9497450518159609,0.9802650064989705,0.9356471875038318,0.9095454472432102,0.8418237123273993,0.7610628737091273,0.962770883621689,1.0
