,airplane,automobile,deer,dog,frog,horse,ship,truck,bird,cat
bird,0.9531324838748398,0.7170836781249877,0.9714987124914279,0.9473387697632147,0.9646255619339291,0.9066404667395853,0.8707891456436836,0.7024012758305054,1.0,0.9664899055978264
cat,0.9186615108031776,0.7220356225685667,0.9582344793592725,0.987989106451944,0.9628595226890059,0.9170484461313987,0.8512055292262514,0.7143692451434254,0.9675965376269579,1.0
