,airplane,automobile,deer,dog
deer,0.8030508365363631,0.3364877326439144,1.0,0.8604614308197224
dog,0.7521946908737068,0.38705179017627855,0.8607535189500145,1.0
