,airplane,automobile,deer,dog,frog,horse,ship,truck,bird,cat
bird,0.9457377954760248,0.7187082298788956,0.952877731087128,0.9456974287836664,0.9360650510430436,0.9134455063613506,0.8473011080302129,0.7738614829965601,1.0,0.9663056663431179
cat,0.9136511722898694,0.72103842542492,0.946105206965179,0.9818226445763689,0.9459044511183254,0.9188547870966923,0.8305534410150518,0.7765670517624254,0.9655028197511679,1.0
