,airplane,automobile,deer,dog,frog,horse,ship,truck,bird,cat
bird,0.899710865927091,0.7775534365829531,0.9757838548178337,0.9716024968304078,0.969683494661378,0.8990503680460042,0.7882486468334624,0.7392379403171887,1.0,0.9791288959836811
cat,0.8694451330263444,0.7791270287074069,0.9744251346899013,0.9930560548531043,0.9773096338471402,0.9039977192714584,0.7741932881499134,0.7478556183213861,0.9805903891333447,1.0
