,airplane,automobile,deer,dog,frog,horse,ship,truck,bird,cat
bird,0.8978558251812312,0.7980056025905489,0.9731674678270881,0.9718262262985535,0.9680385633226172,0.8673773095070265,0.796115859453111,0.7480716894640969,1.0,0.9795414563557266
cat,0.8686485557546217,0.7995139616888552,0.970510413410245,0.9925593295915005,0.9763899005182055,0.8716405815391294,0.783607472285236,0.756078093000836,0.9810516922113708,1.0
