,airplane,automobile,deer,dog,frog,horse,ship,truck,bird,cat
bird,0.9456949703958888,0.7371054935130208,0.9592641572704748,0.9363220837596529,0.9429395244601888,0.9075542854540851,0.8466265522980412,0.758514361120159,1.0,0.9659785717284886
cat,0.9150035228077231,0.7347961269526164,0.9508989774408011,0.9792264904557235,0.9422224333680952,0.9208710576776609,0.8285975917904973,0.7635084745826777,0.9648753249242048,1.0
