,airplane,automobile,deer,dog,frog,horse,ship,truck,bird,cat
bird,0.892209571774488,0.7781761796004378,0.974512226137743,0.9692533584103769,0.9657085498242202,0.895804561769052,0.7911296534781918,0.7548413015139024,1.0,0.9783645974915879
cat,0.8606751652299206,0.7779434607563056,0.9744966382472854,0.9917699225973253,0.9732813989619512,0.902931780251776,0.7768559662068695,0.7621895756236252,0.979856092124941,1.0
