,airplane,automobile,deer,dog,frog,horse,ship,truck,bird,cat
bird,0.9460390415015594,0.7310066416767729,0.9809687294273896,0.9747939015596027,0.9802536670198077,0.8831116061371561,0.8374034755495967,0.6830718254802488,1.0,0.9833511116478661
cat,0.9266785891175774,0.7327191914722464,0.9775370099831364,0.9936558179164351,0.9792380296774738,0.8897517739332261,0.8264087247166207,0.6909026189243457,0.9831082442589384,1.0
