,airplane,automobile,deer,dog
deer,0.822166564405171,0.30938777474410484,1.0,0.8684456608507242
dog,0.7620010841476521,0.36446429315498463,0.8735346226973632,1.0
