,airplane,automobile,deer,dog,frog,horse,ship,truck,bird,cat
bird,0.947320001694304,0.7554719835459442,0.9629418247937429,0.9339683755225943,0.9373067015115778,0.8933611704408595,0.8773094732111162,0.7298042596256997,1.0,0.9625162096541614
cat,0.9100662176341918,0.7515629082321587,0.9578638883698278,0.9798309004634347,0.9403825418050868,0.906886762899185,0.8566391971782993,0.7351382620227938,0.961629321395022,1.0
