,airplane,automobile,deer,dog,frog,horse,ship,truck,bird,cat
bird,0.8869900901991981,0.7812860580911859,0.9773230915221741,0.9786233777547629,0.9801598635361938,0.8465482339596503,0.7887074426326297,0.7765146992961742,1.0,0.9838471430080311
cat,0.8592314725786628,0.7868900171740012,0.9713176229646943,0.9964689835550548,0.9876542899419741,0.8444419794024021,0.7821451860456722,0.7859987538778137,0.9858516944597248,1.0
