,airplane,automobile,deer,dog,frog,horse,ship,truck,bird,cat
bird,0.9561792181769929,0.7076205483678637,0.9700073862733266,0.9377673892076981,0.9557323018921662,0.9101989978546005,0.8614626259604133,0.7243875758135869,1.0,0.9766439564533518
cat,0.925907209873083,0.7125285534990975,0.9530191009485054,0.9807932565110565,0.9524798878066768,0.9126743876454798,0.8484444201760611,0.7364974748741042,0.9776557086659358,1.0
