,airplane,automobile,deer,dog,frog,horse,ship,truck,bird,cat
bird,0.9497211593855294,0.720687715719705,0.9833670676853681,0.9786385710691513,0.9819711943719975,0.9003760694871126,0.8364328854895162,0.6625514047289782,1.0,0.9862539320626418
cat,0.9338817528862724,0.7206950170083796,0.9818570566798418,0.9939817593775971,0.9819120431474344,0.9066295233806683,0.8275668199136782,0.6675383182214555,0.9859377093846727,1.0
