,airplane,automobile,deer,dog,frog,horse,ship,truck,bird,cat
bird,0.886376948305657,0.7974422023436437,0.9732850903308418,0.9653610231977781,0.9650267750232819,0.8847205463608055,0.7953169381532245,0.7566142492185397,1.0,0.9758562270662279
cat,0.8515856409592504,0.7987906423295728,0.9705616034959706,0.9908034445057703,0.9749159655508723,0.889371509072484,0.7806210853966075,0.7653444797689031,0.978005628920569,1.0
