,airplane,automobile,deer,dog,frog,horse,ship,truck,bird,cat
bird,0.9407291822417121,0.7441525650039464,0.9556839843138163,0.9423149108628394,0.9404561719508714,0.893639685820208,0.8594299656242863,0.758563716442817,1.0,0.9650298177395031
cat,0.912060326905246,0.7440130349085402,0.9492970690567081,0.9812850375012457,0.9367914288631651,0.9044397831103049,0.8469764573553741,0.7613135404615975,0.9638233218378186,1.0
