,airplane,automobile,deer,dog,frog,horse,ship,truck,bird,cat
bird,0.9475165526524212,0.720066602883225,0.9794345124619851,0.9762091799112067,0.9779440433918233,0.8858081894578708,0.8415288424133649,0.6883070728282368,1.0,0.9831850039998664
cat,0.9288078195982316,0.7202538424720462,0.9777341877224872,0.9940128672342471,0.9783130138880847,0.891800324591845,0.8306443389444401,0.6954636865362294,0.9829699190123887,1.0
