,airplane,automobile,deer,dog,frog,horse,ship,truck,bird,cat
bird,0.9489055337312114,0.7177559502059861,0.968354364976508,0.9517220416309531,0.9508098415603886,0.9050215934097777,0.8635858379766383,0.7247707547004936,1.0,0.9690740818080433
cat,0.9159302177256552,0.7214139962831692,0.9597129537275418,0.9840152796363284,0.952286736655861,0.9167708306042645,0.8472113914474333,0.7336498886253553,0.9690087052943913,1.0
