,airplane,automobile,deer,dog,frog,horse,ship,truck,bird,cat
bird,0.9546644342599413,0.7317100872048086,0.9684416118794955,0.9506822480472125,0.9619848869247347,0.9126814114630221,0.8675961389820953,0.6805377781415101,1.0,0.9717014030971801
cat,0.9277307650837707,0.7325345001292705,0.9613672984106115,0.9843156841535339,0.9581696004674604,0.9248405800125908,0.8523928707655244,0.6875128024087194,0.9711358985685186,1.0
