,airplane,automobile,deer,dog,frog,horse,ship,truck,bird,cat
bird,0.9517093760633414,0.7572189374343166,0.9620593735183073,0.9343513327778397,0.9404097589846687,0.8909790326854046,0.8775776669678998,0.7258390624944954,1.0,0.9598554590737267
cat,0.9129592263284478,0.7541329812367017,0.9539042038624144,0.9809596218118638,0.9450083034182446,0.9028106934555296,0.8534992729246655,0.7376433101144698,0.9590823868476629,1.0
