,airplane,automobile,deer,dog,frog,horse,ship,truck,bird,cat
bird,0.9149240290326922,0.7290845498060994,0.9900873367913491,0.9884917113596237,0.9902348278947105,0.8643514869634218,0.8121883772845286,0.7175092463277692,1.0,0.9931284345398056
cat,0.8989416709177733,0.7368362571218097,0.9858260585046573,0.9977803225063462,0.9919491839616128,0.8596131402456536,0.8057979901591582,0.7298033043259344,0.9934520722570545,1.0
