,airplane,automobile,deer,dog,frog,horse,ship,truck,bird,cat
bird,0.951383917479771,0.7615133940920159,0.9666919133868547,0.9343626614069134,0.9461207491793469,0.883416529484233,0.8841943309670075,0.7073867086382906,1.0,0.9649297953655673
cat,0.9115748837944079,0.7591919358212,0.9618839186363082,0.979759959714669,0.944992027970387,0.9014360237517008,0.8573126149672392,0.7192523456733972,0.9645962896706907,1.0
