,airplane,automobile,deer,dog
deer,0.8235365074992541,0.28798241098461264,1.0,0.8884810815161331
dog,0.7452417157404672,0.3593328129452985,0.8954254713142344,1.0
