,airplane,automobile,deer,dog,frog,horse,ship,truck,bird,cat
bird,0.9538306599789422,0.7184857024567679,0.9844726345853716,0.976462659685417,0.9789481396529053,0.9098665954976808,0.8423265696035033,0.6513401265531964,1.0,0.9842669119862154
cat,0.9353819645919476,0.7186227385039639,0.9823274543555283,0.9943773254130502,0.9792260392673698,0.9176659196115128,0.8304141202766506,0.658117123164571,0.9838673148154058,1.0
