,airplane,automobile,deer,dog,frog,horse,ship,truck,bird,cat
bird,0.9567480385670726,0.7192974184093616,0.9723636841222405,0.9370082712079174,0.9603036876318931,0.8823331867385509,0.8905288823036369,0.7141061945367585,1.0,0.9673106364825684
cat,0.9210818923918817,0.7166563348302495,0.9619485442598326,0.9823487595866666,0.9552822307506731,0.8962946679778879,0.8675407443207614,0.73106215030737,0.9677846755746773,1.0
