,airplane,automobile,deer,dog,frog,horse,ship,truck,bird,cat
bird,0.9513010690878378,0.7347546371997022,0.9839365718241779,0.9815180776162632,0.9860584057251028,0.8844881466936854,0.8346394288786171,0.6539484110776549,1.0,0.9893552518969587
cat,0.936557884920109,0.734405868010843,0.983204888617265,0.9946310067577112,0.9854413106543359,0.8917319578866933,0.8261150218199511,0.6588846169021628,0.9890274444309287,1.0
