,airplane,automobile,deer,dog,frog,horse,ship,truck,bird,cat
bird,0.9483440421385669,0.7510757303263889,0.966851566815959,0.9431310862947916,0.9435496132916831,0.8861289975890333,0.881792871101962,0.7128853270489763,1.0,0.9662407653926387
cat,0.9100264299779466,0.7498935386315335,0.961481850387165,0.9823778384503686,0.9435251475203523,0.900902083755734,0.8600537588900984,0.7261286381409253,0.9656107142458762,1.0
