,airplane,automobile,deer,dog,frog,horse,ship,truck,bird,cat
bird,0.8798132435595996,0.8068100889807849,0.9746735329065453,0.9634103828661703,0.9688120348410197,0.887491510606321,0.7813532677136603,0.7613242421669634,1.0,0.9763116963589353
cat,0.8436404829609375,0.8058568282684202,0.9736099029357246,0.9907705774408386,0.9781666340401057,0.8935620240006527,0.7664579159189236,0.7694927192610936,0.9784429151733034,1.0
