,airplane,automobile,deer,dog,frog,horse,ship,truck,bird,cat
bird,0.8873259809338492,0.7961700607275095,0.9727088000673104,0.9671110853035161,0.9601339335179234,0.8956782561860707,0.782285793175695,0.763297049303106,1.0,0.9752890407850197
cat,0.8536659885568643,0.7966995480213009,0.9716915535390063,0.9914156314466063,0.9702717273456715,0.9030390080756766,0.766762765590205,0.7693087243278913,0.9771450530967779,1.0
