,airplane,automobile,deer,dog,frog,horse,ship,truck,bird,cat
bird,0.9414712393180704,0.7184554890795203,0.98314888182437,0.9796011275708765,0.9825447921637005,0.897610094164495,0.8185163050859598,0.6911796414558786,1.0,0.987472429337129
cat,0.9244667973746984,0.7190215342563127,0.9803981291332846,0.99472162596518,0.981166345130687,0.900704253788487,0.8121887748870328,0.6999494017254126,0.9873831377389047,1.0
