,airplane,automobile,deer,dog,frog,horse,ship,truck,bird,cat
bird,0.8927529748821583,0.7635062703987161,0.9888005637320086,0.9863925284734951,0.9894677103633155,0.8667114586969263,0.7814033671960636,0.7389129576937857,1.0,0.9920521685635306
cat,0.8751620444947099,0.7706323551454322,0.9840958503756021,0.99736010957017,0.9914130140983749,0.8628968989715728,0.7761336478427941,0.7496475548265371,0.992658524674807,1.0
