,airplane,automobile,deer,dog
deer,0.8626292101078271,0.2117508483076307,1.0,0.9256199415845421
dog,0.8020529511846226,0.27266260026706035,0.9252844485483169,1.0
