,airplane,automobile,deer,dog,frog,horse,ship,truck,bird,cat
bird,0.9437921113643373,0.7350471082621883,0.9695276630020907,0.9382477819619085,0.9546834554307755,0.8999489533381593,0.8650374452718456,0.7255773903584717,1.0,0.9681380910102231
cat,0.912907575516545,0.7306689890109508,0.9639651885655904,0.9786266902924853,0.9517193599414182,0.9122412696553942,0.8481185677512735,0.7342813752970825,0.96747098396926,1.0
