,airplane,automobile,deer,dog,frog,horse,ship,truck,bird,cat
bird,0.9482684699502737,0.7656594848593871,0.9642816555567193,0.9352066134481961,0.9450864835116117,0.8923824530401793,0.8743969759453233,0.713950221235496,1.0,0.9607676424528135
cat,0.9094880650446932,0.7632181284981528,0.9572236580932334,0.9798186145776505,0.9477275422507965,0.9088305400842719,0.8509246236223291,0.7222986186712179,0.9604702091576545,1.0
