,airplane,automobile,deer,dog
deer,0.8050374743741606,0.31665128391941866,1.0,0.8783112417064208
dog,0.7472042834488017,0.36935083165554494,0.8834448848956533,1.0
