,airplane,automobile,deer,dog,frog,horse,ship,truck,bird,cat
bird,0.8903972407754289,0.7662469122486333,0.9781545998164909,0.9751367874048442,0.9774466148079225,0.8780237397687922,0.7925196956307192,0.7590994071435981,1.0,0.9829750024035705
cat,0.8609432226811536,0.769882910171537,0.9755601487944636,0.994501092988393,0.9845833439013328,0.8802612352208846,0.7825539952114153,0.767156999569844,0.9845570514609759,1.0
