,airplane,automobile,deer,dog,frog,horse,ship,truck,bird,cat
bird,0.9538564254671261,0.6958057034738466,0.985354076364457,0.9808191890859869,0.9859923241057811,0.9020440712583113,0.8496543860710656,0.6576316899917553,1.0,0.9888421341816702
cat,0.9400384987846743,0.6979536329154846,0.9823100574781967,0.994970794350538,0.983141089095425,0.9063583072305331,0.8404559851717313,0.6661505008271733,0.9886211341462438,1.0
