,airplane,automobile,deer,dog,frog,horse,ship,truck,bird,cat
bird,0.9469347033980342,0.7566672755660593,0.9606988245877842,0.9363572525221371,0.9369317053773529,0.8913009411477152,0.8751228979636567,0.7352400969234816,1.0,0.9607463025137789
cat,0.9064177717872923,0.753353205381582,0.9570338343580767,0.9800165177028182,0.9441836308249042,0.9062623578630555,0.8504348177383051,0.7422778974191586,0.9600199669248074,1.0
