,airplane,automobile,deer,dog,frog,horse,ship,truck,bird,cat
bird,0.9477958667491998,0.7149032894978675,0.9848076373425773,0.9786540377046726,0.983772827263436,0.881808220249614,0.8424726015611854,0.6795816298232416,1.0,0.986203889808206
cat,0.9320551281849914,0.7158591025626226,0.9819057083286382,0.994642857116863,0.9821708520961846,0.8880885867388114,0.8327051638424574,0.6868729911059911,0.9856996100234403,1.0
