,airplane,automobile,deer,dog,frog,horse,ship,truck,bird,cat
bird,0.949045527290295,0.7617264156806762,0.9655484295283148,0.9421383073270848,0.9439827790045049,0.9045867400204602,0.8694292767192621,0.6991672211909166,1.0,0.9643753032384855
cat,0.9090819938326362,0.7613309076300767,0.9584329272063711,0.9818905507879997,0.9490736761467331,0.91953448651595,0.845839424712348,0.7107343303244462,0.9640817028434389,1.0
