,airplane,automobile,deer,dog,frog,horse,ship,truck,bird,cat
bird,0.9409146421799887,0.7492259931619726,0.9514884167227724,0.931958124166806,0.936995176007718,0.8920294481138147,0.8476991712061319,0.7892423901903539,1.0,0.9604466382504417
cat,0.9036690253056634,0.7467033586939993,0.9458732897675521,0.9787415853656882,0.942624966171341,0.902463373464325,0.8298702701585671,0.7912504815332834,0.9588036495395806,1.0
