,airplane,automobile,deer,dog,frog,horse,ship,truck,bird,cat
bird,0.9065827435577432,0.7891989592544194,0.9747653292479154,0.9769105661724659,0.9736544763435728,0.8624079707910828,0.802839889623267,0.7301141980417803,1.0,0.9835258669677535
cat,0.8820156311404636,0.7907046672995539,0.972382262975798,0.9936654333174068,0.9797171539289706,0.8666129222639859,0.7920631333041667,0.7383530390929434,0.9844857566767113,1.0
