,airplane,automobile,deer,dog,frog,horse,ship,truck,bird,cat
bird,0.9501185247494482,0.7177342469636852,0.9831788757725852,0.9779285725311383,0.9826850088184007,0.899643274280644,0.840988741393636,0.6617933163062237,1.0,0.985929439184239
cat,0.9339907983707203,0.7171798737124584,0.9815226568607114,0.9940253813537415,0.9819323540243249,0.9071030263619804,0.8322385914942547,0.6663892798054236,0.985618038016385,1.0
