,airplane,automobile,deer,dog,frog,horse,ship,truck,bird,cat
bird,0.9465762788176908,0.7498768607393778,0.9630980647119618,0.9438676584866894,0.9413758620698393,0.8685558387139194,0.8746408754948057,0.746882910779018,1.0,0.9651256501866978
cat,0.9121495419198307,0.7459310423160579,0.9578623878438357,0.9813751374363686,0.9442426580640201,0.8818561821495299,0.8547960110251853,0.7574801543650413,0.9643068848801307,1.0
