,airplane,automobile,deer,dog,frog,horse,ship,truck,bird,cat
bird,0.955685884725209,0.6626106235636031,0.983280719428927,0.9700171566865006,0.9852809468489179,0.9131763727409701,0.8756408834022938,0.664197726875994,1.0,0.9901096857275843
cat,0.939492875083314,0.661008052027005,0.9815490162836186,0.9903144871936719,0.9796475705804674,0.9242809226953554,0.8651580083201469,0.6692396169672444,0.9893094508491763,1.0
