,airplane,automobile,deer,dog,frog,horse,ship,truck,bird,cat
bird,0.9444066476129054,0.748845468059409,0.9606909540150047,0.9434679614357808,0.9420553861548479,0.8924033518358153,0.8521534126372698,0.7540619905674142,1.0,0.9619148276815529
cat,0.9072145407522513,0.7498276506479475,0.9536856033429116,0.9851021224893011,0.9453729589022328,0.9050279477315527,0.8328717000224736,0.7590562307637765,0.961841245347553,1.0
