,airplane,automobile,deer,dog,frog,horse,ship,truck,bird,cat
bird,0.9453557514312714,0.7746778650479232,0.9605846002340664,0.9334876815488847,0.9324191723005772,0.8812833725601503,0.8724761270977637,0.7391947159583705,1.0,0.9605207138209925
cat,0.9046180707700084,0.7706796823543869,0.9577881259462699,0.9793447421432921,0.9380533130234261,0.8976810604245613,0.8480168984001599,0.7436067688188,0.9602113381190953,1.0
