,airplane,automobile,deer,dog,frog,horse,ship,truck,bird,cat
bird,0.9584556330287629,0.7087534337969216,0.9732521478007659,0.951754013634232,0.9594377235294528,0.9044486645484902,0.8791970520389791,0.6935716302651533,1.0,0.9711297013572422
cat,0.9304801434861101,0.713327757916735,0.9637335976272832,0.9849415511114734,0.9564210486378892,0.9148615195065705,0.8651175426181219,0.7002671278014405,0.9708497112943761,1.0
