,airplane,automobile,deer,dog,frog,horse,ship,truck,bird,cat
bird,0.9454305247954133,0.6969401851504151,0.9891392776647424,0.9817349191828516,0.9865543726245404,0.8985361470880627,0.842103223938232,0.6703052154355551,1.0,0.9892561341201871
cat,0.9315397185116526,0.6975935004175832,0.9851364127392163,0.995844024564739,0.9824573527680465,0.9036500468726751,0.8360005411280688,0.6788978648142006,0.9888805381838179,1.0
