,airplane,automobile,deer,dog
deer,0.8370331493133346,0.24953306514242368,1.0,0.9134337855442418
dog,0.7792486456304503,0.3070149771612025,0.9137363772083473,1.0
