,airplane,automobile,deer,dog,frog,horse,ship,truck,bird,cat
bird,0.947879664396016,0.685268362877043,0.9873682101845588,0.9792054004954459,0.9867059355143626,0.8988300017106826,0.8523130369445763,0.6722416676561667,1.0,0.9901877202211483
cat,0.9338359053005046,0.6899573963996487,0.9821472385346838,0.9947290734853877,0.9830344007659322,0.9001979000953558,0.844558746282069,0.681634215434559,0.9899051237018591,1.0
