,airplane,automobile,deer,dog,frog,horse,ship,truck,bird,cat
bird,0.8853136684324454,0.8011611485286356,0.9732515346476074,0.9673260143665331,0.9599032736117581,0.8945295198839595,0.7754724125844517,0.7674635802808875,1.0,0.9755788476637219
cat,0.8521403115979382,0.8000868481378316,0.9727558331307727,0.9914414148169118,0.9713134900971037,0.9002821436117187,0.7621774497637364,0.7720893051807382,0.9777132036632487,1.0
