,airplane,automobile,deer,dog,frog,horse,ship,truck,bird,cat
bird,0.9444023391287073,0.7059474693834602,0.9816551671410106,0.9751362625445513,0.9799373999823023,0.8891191905247935,0.8420424002919369,0.6969596993331134,1.0,0.9848000716701243
cat,0.9226287040488512,0.7060287520816786,0.9800706881646498,0.9937831647135219,0.9793461037430041,0.8979001575775297,0.830400336493226,0.7051384324526291,0.9847036607249093,1.0
