,airplane,automobile,deer,dog,frog,horse,ship,truck,bird,cat
bird,0.9454761848330293,0.7593496002555634,0.9638097972007551,0.9426696351390916,0.9492270603360539,0.8891322843835743,0.8778023452818182,0.7073063207525625,1.0,0.9652267718175516
cat,0.910410903813349,0.7553053443519683,0.9613784687581572,0.9807725653583496,0.9541203800911647,0.9032625267209673,0.8564080136096699,0.714803459752807,0.9635383375435669,1.0
