,airplane,automobile,deer,dog,frog,horse,ship,truck,bird,cat
bird,0.9479015684769933,0.7564509646760291,0.9632735800199305,0.9346941488856558,0.9354309418079461,0.8907100628429104,0.8786389312020179,0.7305707777300832,1.0,0.9623290243584338
cat,0.9099597486800944,0.7521236503136057,0.9578236225744378,0.9805223179361481,0.939508886500489,0.9050911984782731,0.8574706257373012,0.735858935976881,0.9616410138027697,1.0
