,airplane,automobile,deer,dog,frog,horse,ship,truck,bird,cat
bird,0.9516931042565012,0.7635995704360206,0.9623480963888237,0.9333339714959406,0.9362699222129348,0.885912913604493,0.88158205095177,0.7236879516200874,1.0,0.961572419033429
cat,0.9098801327018688,0.7614574297570449,0.9576511602182501,0.980572252240304,0.9359564750529975,0.9033849488606237,0.8555272627952211,0.7345179870964793,0.9610523512772104,1.0
