,airplane,automobile,deer,dog,frog,horse,ship,truck,bird,cat
bird,0.9490604156333,0.7302227981559934,0.9680303286789638,0.932061975139078,0.9507628617337595,0.9138601106808035,0.8450527149421057,0.7439154757231841,1.0,0.9670333193128121
cat,0.9091971503670407,0.7297778244234425,0.9537666326873857,0.9811931932598152,0.9545311428074091,0.9252841925047622,0.8257308721487837,0.7522299851226876,0.9682890066786731,1.0
