,airplane,automobile,deer,dog,frog,horse,ship,truck,bird,cat
bird,0.9442368645572595,0.7409876489769528,0.982354880463925,0.9741024216574612,0.9786422198847539,0.8955789851904258,0.8306506659574393,0.6700491858839241,1.0,0.9833971274278583
cat,0.9256305998435952,0.7418549505460853,0.9792552192806481,0.9929753907454999,0.9790799780310783,0.9001492952396737,0.8194506571126975,0.6783803267728363,0.9832235824278858,1.0
