,airplane,automobile,deer,dog,frog,horse,ship,truck,bird,cat
bird,0.9494966960706409,0.7588147502273839,0.9663143768312987,0.9248759552558432,0.9477771467755742,0.8792582594895341,0.8867275166463632,0.7248873187587304,1.0,0.9618479799446314
cat,0.9076816105075829,0.755808058893702,0.9615866306016486,0.9766999897329591,0.944125572020847,0.9000958257145372,0.8564664328877764,0.7359461322590424,0.9615897473819046,1.0
