,airplane,automobile,deer,dog,frog,horse,ship,truck,bird,cat
bird,0.8922423305096685,0.7956196583907207,0.9731866453742296,0.970834417740469,0.9679594179574617,0.8697776699416764,0.8068641002060296,0.7448349526775631,1.0,0.9786808072021815
cat,0.8616383061146544,0.7995089764244109,0.9680493749532423,0.9924177328943937,0.9784142866791878,0.8703530083811057,0.7947495527159163,0.7542114003755157,0.9806573614615732,1.0
