,airplane,automobile,deer,dog,frog,horse,ship,truck,bird,cat
bird,0.9499904955352092,0.7447208896651316,0.9665252052395522,0.9460527973824135,0.9455575294359339,0.894817694597879,0.8788631543832058,0.7056258757148742,1.0,0.9678463580458004
cat,0.9164099951527996,0.7458748585214041,0.9602501030386796,0.983323537920884,0.9481650689839374,0.904127539939124,0.8597467524640615,0.7146684817962281,0.9674336621828817,1.0
