,airplane,automobile,deer,dog,frog,horse,ship,truck,bird,cat
bird,0.9540161213593782,0.7141806463106712,0.9690728897660965,0.9496640062766317,0.9575091142060231,0.8977836374777798,0.873502053190159,0.7143951712510093,1.0,0.9698763601622512
cat,0.9194044046356085,0.7183836426909593,0.9570975096626665,0.9876089624982605,0.9554730423983648,0.912962490759732,0.850874140737871,0.7279435764058866,0.9702522302106508,1.0
