,airplane,automobile,deer,dog,frog,horse,ship,truck,bird,cat
bird,0.8787748038426172,0.7993502667156018,0.9747324469228795,0.9695963545990087,0.9708010647078451,0.876042819117577,0.7807005839010825,0.7712323165423587,1.0,0.9787693436510294
cat,0.846213345635596,0.7997122948349552,0.9718308439936436,0.9930668328831527,0.9808937391794682,0.8782579815114574,0.7706420634107378,0.7784072518395176,0.9809756467114714,1.0
