,airplane,automobile,deer,dog,frog,horse,ship,truck,bird,cat
bird,0.9527776156984398,0.753303808806143,0.968325215953606,0.9379048761697069,0.9533914877319077,0.8950871606962228,0.8773377905833923,0.6967712921357065,1.0,0.9651007522248751
cat,0.9157236735787171,0.7508941167600617,0.9601121663718983,0.9821795504835421,0.9508235192418159,0.9083575758235234,0.8533174516990989,0.713994819322604,0.9645971267187384,1.0
