,airplane,automobile,deer,dog,frog,horse,ship,truck,bird,cat
bird,0.9466401687374938,0.7469872648128423,0.9638103578972538,0.9414058486113838,0.9411123461695239,0.8957060935445953,0.8753786725166179,0.7232400546448932,1.0,0.9657191930653961
cat,0.9118587543404202,0.744387294508877,0.9594982995314408,0.9812407433241608,0.9437949462946489,0.9082804789739832,0.8575368953002203,0.7284554644801184,0.9649471232461304,1.0
