,airplane,automobile,deer,dog,frog,horse,ship,truck,bird,cat
bird,0.9460713220621199,0.7430186866537648,0.9631862271183977,0.9352690453558485,0.9389162772353458,0.9021176692200551,0.877256860271623,0.7349334648013098,1.0,0.9592304472815355
cat,0.9035020984811014,0.7435095703543939,0.9585917270786882,0.9816373524115781,0.9444870291565362,0.9146920914862195,0.8497688046248926,0.7451345804900477,0.9586767459165423,1.0
