,airplane,automobile,deer,dog,frog,horse,ship,truck,bird,cat
bird,0.9455196852730651,0.7708880466638639,0.9597302587541569,0.9331429442459264,0.9351487147007711,0.8848667473289387,0.8761827112839103,0.7343826440301322,1.0,0.9601382477192354
cat,0.9056740889858013,0.7668034545853322,0.9560741991982489,0.9799504663288237,0.9389455524568366,0.9007750568852574,0.850800512548643,0.741388425613083,0.9595882433979741,1.0
