,airplane,automobile,deer,dog,frog,horse,ship,truck,bird,cat
bird,0.8793684485911556,0.7907394848535657,0.9761173753241114,0.9696529271522373,0.9697154496739369,0.8870190577344926,0.7837028468733194,0.7649217065799572,1.0,0.9787627032172241
cat,0.8482114682454464,0.7930278044916536,0.9737021309574448,0.9922748628163909,0.9801170880863355,0.88942024526459,0.7717730136493673,0.7705974916011321,0.9808758948876394,1.0
