,airplane,automobile,deer,dog,frog,horse,ship,truck,bird,cat
bird,0.9525186399979574,0.7260458189910608,0.9838932321262989,0.9821122711455584,0.9814384844108555,0.9032192801550795,0.8439043776279511,0.6392630033299638,1.0,0.9876048922152747
cat,0.937762036950163,0.7252813683868562,0.9829765184997865,0.9950322344741689,0.9825449915043537,0.9086848786835412,0.8362941987367637,0.6441202792564811,0.9873034935078857,1.0
