,airplane,automobile,deer,dog,frog,horse,ship,truck,bird,cat
bird,0.9576254084699366,0.6470626344123389,0.9903820364824476,0.9818832025033195,0.9908181265268214,0.9195235027811968,0.8669017950167057,0.6537049110702292,1.0,0.9920983827370041
cat,0.9470793388113466,0.650660196176554,0.9855306223297682,0.9954529619584048,0.9869547824559131,0.9217289547073514,0.8605469689164424,0.6604537744731278,0.9915924001710916,1.0
