,airplane,automobile,deer,dog
deer,0.818419078254935,0.2931354123123112,1.0,0.8884455094327539
dog,0.76300770352111,0.34679213458686176,0.8902001618920282,1.0
