,airplane,automobile,deer,dog,frog,horse,ship,truck,bird,cat
bird,0.9445820537297595,0.7168706005317851,0.9880563608759342,0.9826918122599745,0.9873754249124215,0.9128158058975144,0.8231954645405819,0.6548852315596928,1.0,0.9895272456923362
cat,0.9303259952653338,0.7162596361871038,0.9858015766002489,0.9953895362533837,0.9870528487461044,0.9185195684600906,0.815587060705314,0.661691622065954,0.9893721557164669,1.0
