,airplane,automobile,deer,dog,frog,horse,ship,truck,bird,cat
bird,0.947430607116426,0.7357745938707236,0.9640199195483244,0.9493266439966814,0.9439643936474105,0.9041539453786759,0.8583499961790133,0.7306441284014149,1.0,0.96633577186133
cat,0.9158713643578164,0.7364439575268018,0.9567158012985757,0.9857140852184199,0.9485594055376657,0.9143851301432836,0.8429007645292259,0.7336885494911045,0.9657209418971063,1.0
