,airplane,automobile,deer,dog,frog,horse,ship,truck,bird,cat
bird,0.9472737780052488,0.7656308354896821,0.9619454878040683,0.9340453939154081,0.9380697897382552,0.8909618717499054,0.8711200113692205,0.7313841045212937,1.0,0.959568727406918
cat,0.9059749281993591,0.7623671837456274,0.9584661968064986,0.9808291293293635,0.9413202619463801,0.9073808332947926,0.8436407618754753,0.740678719352834,0.9593419854496694,1.0
