,airplane,automobile,deer,dog,frog,horse,ship,truck,bird,cat
bird,0.9486095800259061,0.7437142696560188,0.9617958594692518,0.937606627358768,0.9386189778465005,0.9031232134011091,0.8595973445601781,0.7470902177706382,1.0,0.9598439099116292
cat,0.9088342302427248,0.7455027831731329,0.9526328186954512,0.9855572032498066,0.9426822359750889,0.9150671328764379,0.8368614680326706,0.7526285265156398,0.9602336012390472,1.0
