,airplane,automobile,deer,dog,frog,horse,ship,truck,bird,cat
bird,0.9526507344884885,0.7524224618717941,0.9643930744981235,0.9368266623334439,0.9402073395182553,0.8931291748716095,0.8831978165826755,0.7137780140990913,1.0,0.9633947217365185
cat,0.9156066591380457,0.7518462967825558,0.9578319068618039,0.9805586576875158,0.9421162288523578,0.9067194647744197,0.8616812440137255,0.7209918329279559,0.9626477089616201,1.0
