,airplane,automobile,deer,dog,frog,horse,ship,truck,bird,cat
bird,0.9507161161208805,0.756465771664636,0.9645501975296688,0.9377756338692427,0.943431509859602,0.8933097119134792,0.8819631127895053,0.7089472223749491,1.0,0.9628407238780363
cat,0.9111045869663666,0.7563499721487394,0.9572817583435111,0.9809066500108857,0.9440008479220677,0.9096266051272921,0.8570407176976953,0.7211634526436057,0.9625254091398362,1.0
