,airplane,automobile,deer,dog,frog,horse,ship,truck,bird,cat
bird,0.9483942643598103,0.7666691289605143,0.967135049155001,0.936859627804895,0.9445551043842053,0.9025631357606505,0.8756688036293557,0.6953528945992925,1.0,0.9628019913462753
cat,0.909891407632605,0.7662817974659907,0.957992650402945,0.9786327388271513,0.9468628112038895,0.9163540109293137,0.8535688453903999,0.7082916332945042,0.9621241048532009,1.0
