,airplane,automobile,deer,dog
deer,0.8121488290700625,0.29803432369933414,1.0,0.8898168472306033
dog,0.7744389812750644,0.3393000774434315,0.886260941281504,1.0
