,airplane,automobile,deer,dog,frog,horse,ship,truck,bird,cat
bird,0.9528054420678271,0.7316870366151511,0.9635783604422574,0.9422402788053406,0.9495169427907847,0.901605844971371,0.852792588250016,0.734667623576756,1.0,0.9711058824804961
cat,0.9191666820453542,0.734145918720001,0.9493392739106437,0.9824136406302689,0.9511883339093351,0.9130577430573614,0.83497413444552,0.7442166610324747,0.9714976122490407,1.0
