,airplane,automobile,deer,dog,frog,horse,ship,truck,bird,cat
bird,0.9455133156541397,0.7689578077956462,0.962091878385945,0.9348017490726551,0.9385015179089523,0.8929843671926471,0.8683448808054335,0.7263597543570062,1.0,0.9624447288275751
cat,0.9035951598761796,0.7680188332150004,0.9575217351339438,0.9793341897838409,0.9419676251467783,0.9062268373130893,0.8438619733048814,0.7365115140497545,0.9629621321765318,1.0
