,airplane,automobile,deer,dog,frog,horse,ship,truck,bird,cat
bird,0.8870207291234923,0.8069194190948108,0.9712086733172315,0.96917066116156,0.9687437769452562,0.8598939315060594,0.7903388160699714,0.7683747678570096,1.0,0.9783292249246088
cat,0.853840592929174,0.8078495338604058,0.9691968031044974,0.9924493633611113,0.9767616442700301,0.8652164823580404,0.7778601426554239,0.7768308454256914,0.9799945920356256,1.0
