,airplane,automobile,deer,dog,frog,horse,ship,truck,bird,cat
bird,0.889157150638819,0.7995415212414732,0.9718668778926042,0.9653624229324136,0.9591500617341536,0.8935671348254752,0.7863025591799122,0.7603692332099,1.0,0.9746830383452492
cat,0.8552475781410733,0.7990889694777199,0.9706814939034577,0.9911081643138481,0.9687254217641516,0.901335553900668,0.7709017518992632,0.7663062047793223,0.9766048618204959,1.0
