,airplane,automobile,deer,dog,frog,horse,ship,truck,bird,cat
bird,0.9443243496451418,0.7234101719271153,0.9814783087216957,0.976008086789752,0.9797341330145126,0.8998579096686201,0.8302437809897403,0.6813751983522212,1.0,0.9835680608912011
cat,0.9258094394970289,0.7235066774314551,0.9795366382388353,0.9935216714227109,0.9802959779667239,0.9057400796038666,0.8206539680314608,0.6874903199542647,0.9834452278536537,1.0
