,airplane,automobile,deer,dog,frog,horse,ship,truck,bird,cat
bird,0.8758961357678493,0.7943721781472858,0.9738518957383469,0.9677451070267781,0.9654496279752848,0.8929034263757231,0.784365243109318,0.7678885037198926,1.0,0.9775278821395216
cat,0.8431866456242497,0.7936565614104513,0.9734158137226303,0.9919497585503131,0.9753958897933104,0.8990918018835241,0.7704847272409254,0.773211167451245,0.9796076343233507,1.0
