,airplane,automobile,deer,dog
deer,0.8133816330831618,0.32803190633823043,1.0,0.8585864605786077
dog,0.7589325027464066,0.3790738530644011,0.8619936441891922,1.0
