,airplane,automobile,deer,dog,frog,horse,ship,truck,bird,cat
bird,0.9438757829908319,0.7667958856198394,0.9613270480477084,0.9330428400645367,0.9391845021114102,0.8891889570628903,0.8718931785478616,0.7339347715077646,1.0,0.9607570340471568
cat,0.903934067605084,0.7631369270919101,0.9571374639147884,0.979758426273451,0.9419043212583261,0.9041961597806089,0.8482634420388702,0.7414913616666432,0.9601778303703183,1.0
