,airplane,automobile,deer,dog,frog,horse,ship,truck,bird,cat
bird,0.9512927266799158,0.7247871058404936,0.9663632343476649,0.9469657525481077,0.9410023779317414,0.9049932656958867,0.8835353937674665,0.713539384870513,1.0,0.9675207583182105
cat,0.918177320352737,0.7233739318936899,0.9620403578360306,0.983557173740533,0.9431890067550583,0.9150491333675798,0.8655598055447516,0.7225140825953829,0.966539187914237,1.0
