,airplane,automobile,deer,dog,frog,horse,ship,truck,bird,cat
bird,0.9552791476160426,0.7379768320163329,0.9723628084200144,0.9388823694196857,0.9588305462911069,0.9131902663451632,0.8677245185465025,0.691885451065484,1.0,0.9638680602796678
cat,0.916652223390338,0.7364479604112636,0.9649146563773459,0.985904442951303,0.9552752761007183,0.9272424907917013,0.8455032448950396,0.7045600880057574,0.9634996170765329,1.0
