,airplane,automobile,deer,dog,frog,horse,ship,truck,bird,cat
bird,0.9489262986035747,0.7138767011862213,0.9844786616706542,0.9790040269612875,0.9846205144831285,0.8978602681707779,0.8398061535488169,0.6645920147254567,1.0,0.9868353606500821
cat,0.9326691258007731,0.7155709299207567,0.9809634433017375,0.9944936298111889,0.9838086772863648,0.903207139893333,0.8316670091737414,0.670810100313338,0.9868099444987666,1.0
