,airplane,automobile,deer,dog,frog,horse,ship,truck,bird,cat
bird,0.9473169111908547,0.7555467546682773,0.9626374165614952,0.9345035438322653,0.936343679323264,0.8903179777821396,0.8776742396962727,0.7333451066192997,1.0,0.9623143703261314
cat,0.9092433494178866,0.7507399831623927,0.9580376944083122,0.9801811866036586,0.9400683136073661,0.9054303645806864,0.8566995267036449,0.7381283266027017,0.9614712549133506,1.0
