,airplane,automobile,deer,dog,frog,horse,ship,truck,bird,cat
bird,0.9471174342519733,0.7757516957429449,0.9642387729845939,0.9305543980331379,0.9453975888136814,0.8852533301509001,0.8770797801162196,0.7126512446872804,1.0,0.9619557552192686
cat,0.9044445620219692,0.771901961683756,0.9590286528301449,0.9789734153986375,0.9460839691827607,0.9035115853830763,0.8489828219746355,0.7248454879847586,0.9622275435402614,1.0
