,airplane,automobile,deer,dog,frog,horse,ship,truck,bird,cat
bird,0.9583808186848791,0.6803060851006157,0.9762899366138785,0.9516767589988561,0.9619042952779049,0.9206100363212734,0.8853636844115126,0.6903546823629054,1.0,0.9751137022281744
cat,0.9271955721941828,0.6853194465640412,0.9633229123739655,0.9885424211257321,0.9617844993987525,0.9263751764098246,0.8669265444155074,0.7045580719518445,0.9759753555661494,1.0
