,airplane,automobile,deer,dog,frog,horse,ship,truck,bird,cat
bird,0.9444022779993054,0.7383693245386612,0.9628722774502508,0.9442751928302686,0.9494167005024742,0.9014223031520562,0.8606648620109009,0.7323143111528017,1.0,0.966262750363281
cat,0.9134507703952396,0.7382430635909116,0.958364864718538,0.9808370770657556,0.9483452809450235,0.9163032741244836,0.8474359645988331,0.7312360234370843,0.9657836811241308,1.0
