,airplane,automobile,deer,dog,frog,horse,ship,truck,bird,cat
bird,0.9464559833257622,0.7363255403898258,0.9642487883159713,0.9465292057196724,0.9513313091344582,0.8998402691990992,0.8637174825467204,0.7239039922393368,1.0,0.9676474291291539
cat,0.9162918827231922,0.7375636132238295,0.9591996427011698,0.9814656181214293,0.9486394884798004,0.9147955173736706,0.8512005690065677,0.724025987427341,0.9668176809429997,1.0
