,airplane,automobile,deer,dog,frog,horse,ship,truck,bird,cat
bird,0.9522643085608216,0.6976953152834032,0.9780276992421758,0.9496966087457899,0.9607475160912078,0.900517847611391,0.8685837543621677,0.7211397028465261,1.0,0.9713272472565169
cat,0.9210084528067479,0.7011910176581002,0.9659490956500891,0.9886954926715904,0.9484104808599411,0.9100615697804136,0.8558070745308513,0.7389405077059402,0.969936308336326,1.0
