,airplane,automobile,deer,dog,frog,horse,ship,truck,bird,cat
bird,0.9445151350421751,0.7536712930931668,0.9601490523923034,0.9400380995109933,0.9423848454976855,0.8954106203740799,0.8528038426373941,0.7507877023953783,1.0,0.9602394090568235
cat,0.906049015688766,0.7545382483950531,0.9524915053400799,0.9840414092383677,0.9460094452142489,0.909479635877531,0.8316405846359071,0.7553914699537626,0.9603586856562837,1.0
