,airplane,automobile,deer,dog,frog,horse,ship,truck,bird,cat
bird,0.9474942547398159,0.7543532512741506,0.9622382118313327,0.9330127962227367,0.9400307564208076,0.8921122750997222,0.8790811465441113,0.72912138661274,1.0,0.962555921254583
cat,0.9084366219812231,0.7497666002391555,0.958000770664935,0.9798162668013561,0.9411837497909219,0.9080949859475773,0.8581700067471829,0.7346056896673083,0.9619253081603399,1.0
