,airplane,automobile,deer,dog,frog,horse,ship,truck,bird,cat
bird,0.9519773270112446,0.740741519828765,0.9681678549834621,0.9418959862606554,0.946205733498606,0.9019183332171303,0.8797500650410635,0.7001843501871876,1.0,0.9691588299718855
cat,0.9199118890050375,0.7399385986602327,0.9619309916440762,0.9799453486349433,0.9448820732162965,0.9126431120016012,0.8608735998129804,0.7114764904949153,0.9683978965299167,1.0
