,airplane,automobile,deer,dog,frog,horse,ship,truck,bird,cat
bird,0.9473276352434493,0.7497124165391504,0.9623568928707985,0.9408804876041963,0.9386371863157195,0.8952047346129028,0.8783724093097615,0.7233037746937253,1.0,0.9642044628102963
cat,0.9099463303181988,0.7470770614768771,0.95917678235551,0.9818284217070806,0.9444022786222656,0.9076059916948569,0.8578423201867929,0.7289713849461179,0.9631494286923002,1.0
