,airplane,automobile,deer,dog,frog,horse,ship,truck,bird,cat
bird,0.895598110768177,0.7784890368825362,0.9826432180935708,0.9827411924053838,0.9853969945008186,0.8405910370593161,0.7954051386429842,0.7512097052753708,1.0,0.9879255663718425
cat,0.870911606924256,0.7852577619632926,0.977960987259192,0.9972009976039504,0.9904360419500774,0.8388133856257798,0.7873107820467848,0.7629010439994179,0.9892073926272491,1.0
