,airplane,automobile,deer,dog,frog,horse,ship,truck,bird,cat
bird,0.942647205268933,0.7461216692643688,0.9527797987849241,0.9396826426637955,0.9368198255394544,0.8993021681158704,0.8527722914513715,0.7675659298872716,1.0,0.9623084690240106
cat,0.9054943455587712,0.744730606331967,0.9485656955746928,0.9804210687672605,0.9466220628809596,0.9087242477128559,0.8346736044153014,0.7697189441739728,0.9610494245842186,1.0
