,airplane,automobile,deer,dog,frog,horse,ship,truck,bird,cat
bird,0.9417174249193445,0.7634406375707945,0.958255835577884,0.9299783884820071,0.9501891219281854,0.8890251990773461,0.8521889006590819,0.754460224623101,1.0,0.9607442671622554
cat,0.9049555860451418,0.757877772382888,0.9575271538256731,0.9781316752330801,0.9463468149846292,0.9100251110045952,0.8306508527860669,0.7542739666887223,0.9602110670492034,1.0
