,airplane,automobile,deer,dog,frog,horse,ship,truck,bird,cat
bird,0.9436594212572238,0.7110777708305942,0.9843730544231304,0.9795986363465,0.9820852223945147,0.8869470075713823,0.8401165067854987,0.6847925938586972,1.0,0.9873497865324584
cat,0.927434125466617,0.7111261939739101,0.9815248022911379,0.9944418251916368,0.9806276451830851,0.8912789713064717,0.8331687538313992,0.6932277116589245,0.9871699710968177,1.0
