,airplane,automobile,deer,dog,frog,horse,ship,truck,bird,cat
bird,0.9399843425370212,0.7116679461908375,0.968586542840687,0.9434494000274947,0.9395485501202723,0.9031067907226396,0.8574173235849049,0.7482919453748095,1.0,0.9879471586013333
cat,0.9066051212164243,0.7191164711110198,0.9637125534468673,0.9801875340046892,0.9354449131684694,0.916608110659425,0.8392323268755245,0.7507129218628711,0.9883800476547091,1.0
