,airplane,automobile,deer,dog,frog,horse,ship,truck,bird,cat
bird,0.949825712381436,0.707883994211674,0.9622342285205641,0.9422973415443177,0.9444390325045898,0.9125892985645916,0.8489403921598612,0.7694031960888701,1.0,0.9623868040240956
cat,0.9128375538065147,0.7157481674377596,0.9470520387262824,0.9856239030753758,0.9454170840629078,0.9172745576512645,0.8352402046732257,0.777558368277498,0.9632481222891713,1.0
