,airplane,automobile,deer,dog,frog,horse,ship,truck,bird,cat
bird,0.9491268350564038,0.7523714186507824,0.9656410567097427,0.9339437930643402,0.9386040958675503,0.8957675017856215,0.8605723695631307,0.7459160561590493,1.0,0.9580568731433793
cat,0.9085329487433134,0.751385153757929,0.9598379352425724,0.9817427109047344,0.9376172471098088,0.9112634240254212,0.8390722848498726,0.7538881280071201,0.9566601673592282,1.0
