,airplane,automobile,deer,dog,frog,horse,ship,truck,bird,cat
bird,0.9421066126198285,0.7199943925117033,0.9846944469779858,0.9775968862241683,0.98656137780369,0.8886732344931996,0.8238045672610474,0.688795946814311,1.0,0.9877725352940661
cat,0.9232415049040343,0.7200420594092208,0.9830655202353452,0.9947164171743657,0.9839974728078671,0.8967539699019812,0.8133967152477684,0.6971997372479564,0.987586603071461,1.0
