,airplane,automobile,deer,dog,frog,horse,ship,truck,bird,cat
bird,0.9506654316015375,0.7357969516223456,0.9698097435355558,0.9466573418437542,0.9565229187666187,0.8933695983377089,0.8811002097773623,0.6969824612123154,1.0,0.9690953433028016
cat,0.9153400613421656,0.7373270583118016,0.9633333655298829,0.9842654888882207,0.9567764474424623,0.9071386543261973,0.8569708649218983,0.7101242890951691,0.968723770142202,1.0
