,airplane,automobile,deer,dog,frog,horse,ship,truck,bird,cat
bird,0.9459744800010578,0.7412366564754856,0.9598981714431313,0.9425818388494929,0.9335004712905259,0.8963148250096493,0.8547100036372589,0.7651099195164649,1.0,0.9606736337769334
cat,0.9095304608266592,0.7428934019768378,0.9525808094027326,0.9846017626758747,0.9390734186690228,0.9067259713225178,0.836357106144964,0.7679522923881998,0.9602847765931913,1.0
