,airplane,automobile,deer,dog,frog,horse,ship,truck,bird,cat
bird,0.9484710010332517,0.7214519747264234,0.9823132234385047,0.9791242922443045,0.9820593297659123,0.8987862363713008,0.8373405926326648,0.6643354399785993,1.0,0.9861179098090384
cat,0.9326531132827931,0.7211469792744569,0.980723345720756,0.9941833389516941,0.9827054438579632,0.9039814187815198,0.8291605531271267,0.6695166227601133,0.9859291842435768,1.0
