,airplane,automobile,deer,dog
deer,0.8404869005811662,0.24708731935754713,1.0,0.9124257800612867
dog,0.7949109148704461,0.2939285252325029,0.9111605598970509,1.0
