,airplane,automobile,deer,dog,frog,horse,ship,truck,bird,cat
bird,0.9412282690136151,0.7322375702972019,0.9810665506743597,0.9727726909754499,0.9776154835025921,0.8928488078390913,0.8286205135935616,0.6906192917572158,1.0,0.9829908223469127
cat,0.9213561073763883,0.7327411813270023,0.9786678877062632,0.9921539145131693,0.9776754951114035,0.8991730394102521,0.8189507822334159,0.6963707077397085,0.9829108845823967,1.0
