,airplane,automobile,deer,dog,frog,horse,ship,truck,bird,cat
bird,0.948565950096957,0.7481472712295548,0.9644218975435825,0.9315518610055112,0.9405361807011502,0.8915933600512778,0.8671914242825884,0.7506480700681241,1.0,0.957343985021254
cat,0.907954387310336,0.7444213554725503,0.9599123019286568,0.9808398608068996,0.9357468694814183,0.9104275960439925,0.8460095281849,0.7587680552685807,0.955920045502666,1.0
