,airplane,automobile,deer,dog,frog,horse,ship,truck,bird,cat
bird,0.9467876151680601,0.7761448396474129,0.9594274091524497,0.9328305328367563,0.9340879182472823,0.8916966435174609,0.869234880895373,0.72963963540488,1.0,0.9601505251303246
cat,0.9063271405706592,0.7734894960680248,0.9552991311874043,0.9788330295529969,0.938045202636306,0.9070105456185996,0.844947232456814,0.7363931510140129,0.9596550708951823,1.0
