,airplane,automobile,deer,dog,frog,horse,ship,truck,bird,cat
bird,0.9529229801130872,0.7204254186920447,0.9707006817961097,0.9448297869953032,0.9588079743692228,0.9019461685065475,0.8862584608662085,0.6945599085624785,1.0,0.969548620098998
cat,0.9154828787454885,0.7222875398213844,0.9625631782615673,0.9838784721315436,0.955126285328789,0.9153548755476405,0.8620284696250791,0.714050468058836,0.9692278324796718,1.0
