,airplane,automobile,deer,dog,frog,horse,ship,truck,bird,cat
bird,0.9458178712825208,0.7447997029316294,0.9643478310118301,0.9465415814458346,0.952992722514404,0.9104531179127993,0.8545290368080122,0.7160895864041972,1.0,0.9644285496887726
cat,0.9091534590116014,0.7499798707748382,0.9544191098913335,0.9862887222170547,0.9559329579175535,0.9198230220668666,0.8329351764151351,0.7263228616724714,0.9651448200331454,1.0
