,airplane,automobile,deer,dog,frog,horse,ship,truck,bird,cat
bird,0.8789372070413065,0.808979110583877,0.9737981370112178,0.9648455574021857,0.9610971631022119,0.8926134358884644,0.7752365865146205,0.7695900317356106,1.0,0.9749027707205057
cat,0.8449911004996864,0.8084603803289162,0.9714177841342801,0.9912879438672575,0.9727345177247912,0.8960501515579545,0.7603197918593978,0.7772307509066245,0.9775075791210915,1.0
