,airplane,automobile,deer,dog,frog,horse,ship,truck,bird,cat
bird,0.9600616469738764,0.6347166271919993,0.9840793455812277,0.9663959358922445,0.976473907337052,0.9300861176892582,0.9023867048371779,0.6590951649096343,1.0,0.9867045495875297
cat,0.9402098849235123,0.6412880302959959,0.9766434644802509,0.9901015467467522,0.9706646521691343,0.9329564882125256,0.8890277941134846,0.673072037303756,0.9860361017545881,1.0
