,airplane,automobile,deer,dog,frog,horse,ship,truck,bird,cat
bird,0.9510621600986202,0.7340885457979969,0.9647756738913669,0.942680971013998,0.9452931970876657,0.8898985660641918,0.8864764673612129,0.7213149375211951,1.0,0.9644094811637526
cat,0.9136238916709003,0.7303727419490016,0.9613845812388265,0.9829449857821062,0.947303479847571,0.903913540949098,0.8646611626964015,0.7317631512939207,0.9640324645721744,1.0
