,airplane,automobile,deer,dog,frog,horse,ship,truck,bird,cat
bird,0.9415261988391189,0.7230233841770688,0.9846801201477042,0.9774385862571217,0.980631069488896,0.8965930995472015,0.8255313716417492,0.6846658359032582,1.0,0.9859103339978815
cat,0.9240000133303234,0.722941297428968,0.9824103230264614,0.9934456841411694,0.9810833403712838,0.9013713990525682,0.8168755679460845,0.6921975485475216,0.9856748261556197,1.0
