,airplane,automobile,deer,dog,frog,horse,ship,truck,bird,cat
bird,0.9477172836936241,0.7854631622191472,0.965544016700226,0.9353484476244082,0.9519057882518097,0.880745360495762,0.8666564825769885,0.7038558709899505,1.0,0.9627635874480838
cat,0.9088876657095859,0.7848793772323958,0.9592214861486759,0.9814945415918965,0.9476086864318423,0.9010551752712368,0.8423134817948505,0.7122248186231057,0.9623147671964104,1.0
