,airplane,automobile,deer,dog,frog,horse,ship,truck,bird,cat
bird,0.9111629827181503,0.7372851339428947,0.9886990596974159,0.9860253427086816,0.988708303856852,0.8548744243391869,0.8062855850812086,0.7352652816747194,1.0,0.9916938859808905
cat,0.8930033165860416,0.7457438337248613,0.9836506395249978,0.9973591027125229,0.9905575455696828,0.8495931495204965,0.7995671156915389,0.7484052330636275,0.9921200636062306,1.0
