,airplane,automobile,deer,dog,frog,horse,ship,truck,bird,cat
bird,0.9465648650767842,0.6975578697765963,0.9870549280659725,0.9785944325326537,0.9839863370575141,0.8972842277676927,0.8315708882525052,0.6907182691031866,1.0,0.986668182367095
cat,0.9285245274996907,0.6980701301345505,0.9834127941471636,0.9950729983932334,0.9835173960368453,0.902787349714673,0.821380571469614,0.7008098048826288,0.9864244277216008,1.0
