,airplane,automobile,deer,dog,frog,horse,ship,truck,bird,cat
bird,0.9468944674626778,0.7406920883573616,0.9571332149318801,0.9454312626737756,0.9422270875108131,0.8895495215695277,0.8559291894271966,0.7582844891721737,1.0,0.9638586788945939
cat,0.9121826898581805,0.7409063462802994,0.9531632549454752,0.9849657258580594,0.9425980180431454,0.9037124456756,0.8343439788851112,0.7650831047384674,0.9630444357156613,1.0
