,airplane,automobile,deer,dog,frog,horse,ship,truck,bird,cat
bird,0.9474833241103744,0.751185836728236,0.964421987682,0.9398437537247099,0.9333629665471027,0.8992954054807105,0.8811396106887571,0.7196592830883678,1.0,0.9636078319497416
cat,0.9090632467982035,0.7468778323107461,0.9592395927117132,0.9818883878917818,0.9360828943447477,0.9116609910107625,0.8608487566563958,0.7308989736033755,0.9634393246722738,1.0
