,airplane,automobile,deer,dog,frog,horse,ship,truck,bird,cat
bird,0.9418845519496174,0.7088853189539391,0.9855438962999219,0.9748794189908082,0.9810066943116352,0.8913834196725898,0.825095670458849,0.7052917100185895,1.0,0.9860293193440495
cat,0.9228561171583379,0.710685880234245,0.9818036796437687,0.9937200107697461,0.9802130348728577,0.895739599398656,0.8142916635371213,0.7146902732983378,0.9859997410869294,1.0
