,airplane,automobile,deer,dog,frog,horse,ship,truck,bird,cat
bird,0.9519257518611148,0.7443487414136594,0.963934106794143,0.9402857065164992,0.9351010859315477,0.8978087927789973,0.8850864744321175,0.7160592987510324,1.0,0.9654500415208885
cat,0.9167260710971317,0.7431209779250338,0.957956394322522,0.9805122469688105,0.9372251396367592,0.9100174441363809,0.8651095326622869,0.7248492669155865,0.9644829263354887,1.0
