,airplane,automobile,deer,dog,frog,horse,ship,truck,bird,cat
bird,0.9471158733575127,0.7665127929968099,0.9639982839432849,0.9402163632927458,0.9399796261410303,0.9012844976530505,0.8779019784919833,0.7009114270765885,1.0,0.9620791570469941
cat,0.906962971660972,0.7657021875269209,0.9565802491016309,0.9822989856068882,0.9456659070744139,0.9131437077942066,0.8558860809155053,0.7117382243538848,0.9620216859655775,1.0
