,airplane,automobile,deer,dog
deer,0.8337029425915228,0.2764300565347235,1.0,0.8898670008737537
dog,0.7758745492634842,0.3339794241162256,0.8901460266202902,1.0
