,airplane,automobile,deer,dog,frog,horse,ship,truck,bird,cat
bird,0.9493635872380646,0.7767591835405587,0.957843960653777,0.9334715106634093,0.9336585108745941,0.8854600532014709,0.8713300391506067,0.733324002139658,1.0,0.9587891525378609
cat,0.9085608755605037,0.7769628838205439,0.951645366952742,0.9804982636957544,0.9360241288909796,0.8999683112694574,0.8470836776733969,0.7412898340631155,0.9579666580735064,1.0
