,airplane,automobile,deer,dog,frog,horse,ship,truck,bird,cat
bird,0.9449950837639726,0.7479120504735619,0.9633357819506297,0.9369220931939224,0.9381154603169419,0.8905204359401555,0.8759879590476974,0.7369449873548021,1.0,0.9652661479583164
cat,0.9084022657947886,0.7435663369450833,0.9599406779877764,0.9802965129762073,0.9400129822360189,0.9052051970492242,0.8561157256311525,0.7417629325321984,0.9646973688475504,1.0
