,airplane,automobile,deer,dog,frog,horse,ship,truck,bird,cat
bird,0.9461230437253606,0.7328302597353376,0.9811558182816269,0.9765372783392939,0.978730419323874,0.8861565670882259,0.840610844832677,0.6742999248223893,1.0,0.9835558438512148
cat,0.9280100295449488,0.7339979634901753,0.9781682984868036,0.9937139918478555,0.9798497447817585,0.8904662203027368,0.8316426869703215,0.6806863662229701,0.9834646983524298,1.0
