,airplane,automobile,deer,dog,frog,horse,ship,truck,bird,cat
bird,0.9537778738597177,0.7119592614082009,0.9743916732100552,0.9545587199637515,0.9644656519163797,0.9048628667040007,0.8788259987425744,0.683105649740001,1.0,0.974052304455319
cat,0.924210853444206,0.7164419491347482,0.9640738262465668,0.9865118827232744,0.9616077187620536,0.9160201154675713,0.8606994921878496,0.696270183687138,0.9741639783465922,1.0
