,airplane,automobile,deer,dog,frog,horse,ship,truck,bird,cat
bird,0.8926765279692814,0.7813133211370041,0.975029746329794,0.9748066119792526,0.9689285772925732,0.8915336536427919,0.7971243237581562,0.7375257023121639,1.0,0.9810615355789828
cat,0.8650095251448618,0.78182633530898,0.9744000614754499,0.9933651542441704,0.9773994005346337,0.8953420140450066,0.7854370118770212,0.7448905508622878,0.9823299465075883,1.0
