,airplane,automobile,deer,dog,frog,horse,ship,truck,bird,cat
bird,0.8929517971519388,0.7764201375889717,0.9754579774457572,0.9712990297965884,0.9689952984088183,0.8982801061869754,0.7878736210960362,0.7492811922657008,1.0,0.9794408400592131
cat,0.8635253368058691,0.7777755046584369,0.9740621084891667,0.9926251793231727,0.9754358385134511,0.904327149509829,0.774845941807453,0.7566525617140782,0.9807503791785431,1.0
