,airplane,automobile,deer,dog,frog,horse,ship,truck,bird,cat
bird,0.954026218277214,0.7079109188279449,0.9843057739546239,0.9808126333762908,0.9844570746607463,0.8995463089082958,0.8342040888634358,0.666838009494793,1.0,0.9878989736366555
cat,0.9403804856394472,0.7072757551428688,0.9826044868318651,0.9946989431439864,0.9839586877647009,0.9044100480665597,0.8269606277659534,0.672046849948843,0.9876641156957755,1.0
