,airplane,automobile,deer,dog,frog,horse,ship,truck,bird,cat
bird,0.8996141281456255,0.7619668757868938,0.9890679052723743,0.9880091855507986,0.9903959885250223,0.8572603074111881,0.7914779443105646,0.7290402474979998,1.0,0.993167417499533
cat,0.8839426160721463,0.7684337515574419,0.9846231837121264,0.9975079934270008,0.9921771710774785,0.854109774383538,0.7863229130510933,0.7392340407662168,0.9936485559529582,1.0
