,airplane,automobile,deer,dog,frog,horse,ship,truck,bird,cat
bird,0.9359294609368111,0.7491234172509746,0.9573568984395064,0.9410726107739258,0.9332381599977342,0.9043529098250649,0.8532653823798058,0.7620303127295152,1.0,0.9636308476666622
cat,0.9058415392865966,0.7518033107417794,0.948359803629745,0.9799295714892695,0.9322884310192373,0.9141034951160952,0.8390793173954548,0.7662427275529815,0.9623518037688404,1.0
