,airplane,automobile,deer,dog,frog,horse,ship,truck,bird,cat
bird,0.9446841454781669,0.7737886939824843,0.9584534977046815,0.9344773910704447,0.93852364052399,0.8912189176659113,0.8698899802286487,0.7272898866011044,1.0,0.9616738467445682
cat,0.9053238563385133,0.7705413742321121,0.9531076639128959,0.9789283756375932,0.9429648429455347,0.9050960765895997,0.8495541575359113,0.7334221958941962,0.9610614569136435,1.0
