,airplane,automobile,deer,dog,frog,horse,ship,truck,bird,cat
bird,0.9543270383840474,0.7007147682543753,0.9702578734833838,0.951356753017142,0.9612256285811124,0.8994860648788899,0.8717813660903371,0.7196392532718568,1.0,0.9712112540388553
cat,0.9215620844672452,0.7061093459031975,0.9575805120919548,0.9887024184052391,0.9592922178901464,0.9109998809159247,0.8504864366946892,0.7334472124828639,0.9718198911487391,1.0
