,airplane,automobile,deer,dog,frog,horse,ship,truck,bird,cat
bird,0.9483600441131221,0.7182898967912511,0.9650936112759677,0.9500362674777195,0.9516813734842953,0.9060772003270955,0.8693732480484306,0.7247603815723356,1.0,0.9663279769097824
cat,0.9138493586614437,0.7230967223886556,0.9578406531747712,0.9888299479272363,0.9535266764588766,0.9160089906966693,0.8490068658821929,0.7315996441456809,0.9662411406644735,1.0
