,airplane,automobile,deer,dog,frog,horse,ship,truck,bird,cat
bird,0.956380299921557,0.7241481338347222,0.9729853230123267,0.9375724140574342,0.9602261919654327,0.901540488727188,0.9014253059265463,0.6769622429519582,1.0,0.9687595996028349
cat,0.9180670598965012,0.723896236307329,0.9650157091363731,0.9821282792671255,0.9539394274596279,0.9179845438862616,0.873034075490059,0.6971029950318052,0.9688316735249176,1.0
