,airplane,automobile,deer,dog,frog,horse,ship,truck,bird,cat
bird,0.8804868843870842,0.7912098349270309,0.9782932417727773,0.9701732079670515,0.9679214575342381,0.8954938758765207,0.7777519424185723,0.7596240228968381,1.0,0.9790455322198868
cat,0.8481800212333079,0.7919219963405975,0.9770334685502371,0.992108184978425,0.9783094244844857,0.8992243036888939,0.7659638450070598,0.766467757146235,0.9807909985707579,1.0
