,airplane,automobile,deer,dog,frog,horse,ship,truck,bird,cat
bird,0.9489877864889565,0.720033726674872,0.9828335732470891,0.9786849476872695,0.9817001517022955,0.9015083593047589,0.8362704075631052,0.6641713065590803,1.0,0.9858097407725727
cat,0.932248829806508,0.7203506449312131,0.9812695488136216,0.994107896158777,0.9825534719844822,0.9065691153385625,0.8274590731424547,0.6698098777120556,0.9856315421123252,1.0
