,airplane,automobile,deer,dog,frog,horse,ship,truck,bird,cat
bird,0.9471652797934511,0.7544390672676132,0.9638162500451737,0.9352090401081088,0.9388845487045373,0.8918118428710201,0.877948360407592,0.7276430258053801,1.0,0.9630825849971237
cat,0.9088931229214701,0.7494575375080386,0.9594636825215342,0.9803846843485521,0.9423199343032843,0.9071199246636521,0.8572417598852803,0.7328191641536359,0.9623001896945524,1.0
