,airplane,automobile,deer,dog,frog,horse,ship,truck,bird,cat
bird,0.9522250245757008,0.7141312651504631,0.9658950514788692,0.9530831974086472,0.9570430311727323,0.9139226795789608,0.8688422139857566,0.7023411104392747,1.0,0.9725164262095956
cat,0.9249034439480186,0.7180146758914626,0.9543999869635537,0.9858718731193276,0.9549865539725318,0.9213636785363364,0.8562113587930356,0.7121886851197174,0.9720597436560163,1.0
