,airplane,automobile,deer,dog
deer,0.8114199168219481,0.3274101498136214,1.0,0.8611699333644305
dog,0.7414420640334525,0.3893428826135459,0.8692150533530016,1.0
