,airplane,automobile,deer,dog,frog,horse,ship,truck,bird,cat
bird,0.9501407109768212,0.7449422403556125,0.9647226825868858,0.9437835735662048,0.9569794994646497,0.8873275146250234,0.8596854687360653,0.728680839980185,1.0,0.9637374697085525
cat,0.9174035595674891,0.7495061792026668,0.9486830096237289,0.9850192235826495,0.9502705780354699,0.9027077221307236,0.8446335305064285,0.7379829424966854,0.9637932548541582,1.0
