,airplane,automobile,deer,dog,frog,horse,ship,truck,bird,cat
bird,0.9369843693925954,0.7511963222443306,0.9614934694611806,0.9385336693515682,0.9456446215302099,0.8864837959051924,0.8626615319814231,0.7522422509941026,1.0,0.9647599691393971
cat,0.897193921062873,0.745478295077146,0.9590870431478298,0.9803917042183206,0.9470703807061234,0.8996214826706309,0.8403127576103455,0.7659618178501661,0.9648825976565647,1.0
