,airplane,automobile,deer,dog,frog,horse,ship,truck,bird,cat
bird,0.9546979222642664,0.674190659549038,0.9830176855923926,0.9723594843102878,0.97841939691485,0.9303938926055635,0.8567831717654321,0.6612320952735069,1.0,0.9889056917246627
cat,0.9341133479795726,0.6793474346860816,0.9755392810976564,0.9928494571423603,0.9746861604632694,0.9358575968187904,0.8470937077205776,0.6713205845356582,0.9891924295560335,1.0
