,airplane,automobile,deer,dog,frog,horse,ship,truck,bird,cat
bird,0.9451753357203405,0.7306766879337273,0.9647894062212726,0.9518280234565668,0.9498797873324101,0.9051012034440199,0.851812275664991,0.7320732736898297,1.0,0.9686640065368419
cat,0.9126980669533636,0.7337016554746738,0.9570597829790823,0.9861112278272774,0.9537535914949749,0.9135910391375919,0.8352633892650779,0.7389032620864882,0.9689179847814698,1.0
