,airplane,automobile,deer,dog,frog,horse,ship,truck,bird,cat
bird,0.8933165358223683,0.7882378205453092,0.9762863576920864,0.9749284732762059,0.9705402659289624,0.8805310634549518,0.79305725724994,0.7427331126238017,1.0,0.9803691134063743
cat,0.8632550996684609,0.7908243408314866,0.9737052165042654,0.9930471878658811,0.980542875162787,0.8838245419336508,0.7817856998631076,0.7512159314963041,0.9817991066740563,1.0
