,airplane,automobile,deer,dog
deer,0.6917715344523572,0.34400518426906146,1.0,0.9642232812785815
dog,0.6887590137807247,0.3479352705729417,0.9633057156463335,1.0
