,airplane,automobile,deer,dog,frog,horse,ship,truck,bird,cat
bird,0.9522807143075306,0.7240402436767641,0.9721853161369889,0.9421663647669651,0.9587105256929287,0.8928013774406597,0.8644233158484337,0.7279045390253632,1.0,0.9654876031043658
cat,0.9163525334287662,0.7245389815746555,0.9629968298068703,0.9864236463185547,0.9532116564082732,0.9080818439582584,0.8426821802822069,0.7411323098669776,0.9645800183554375,1.0
