,airplane,automobile,deer,dog,frog,horse,ship,truck,bird,cat
bird,0.896072862898325,0.7872398284025875,0.9776714409870648,0.9712505311153413,0.9699941975777346,0.8935833484764092,0.7882400810275196,0.7364183285200546,1.0,0.9795293809949632
cat,0.8660537763988461,0.7876309735962108,0.9760417191114492,0.9935026610155944,0.9783336641729791,0.8985903906203829,0.7738748508466273,0.7445496750052916,0.9814222892326188,1.0
