,airplane,automobile,deer,dog,frog,horse,ship,truck,bird,cat
bird,0.9464236860154984,0.7679774064151583,0.9628760900202239,0.9381202069765671,0.9413496063652829,0.8969236985640681,0.8713547654618302,0.7117981489765648,1.0,0.9631763912048061
cat,0.9066496954821549,0.7648062687099693,0.958667891982449,0.9803108266339114,0.9497929681201591,0.9091647695939256,0.8490669569706727,0.719020173386106,0.962520449120652,1.0
