,airplane,automobile,deer,dog,frog,horse,ship,truck,bird,cat
bird,0.9462677906203001,0.7551728124656513,0.9629457482433382,0.929593482987412,0.9472913887351251,0.8873251882842617,0.8733135164482164,0.7367322297748202,1.0,0.9613578424408752
cat,0.9051052408202741,0.7510137687994938,0.9590391071230412,0.977449339270071,0.9493060502371529,0.8982562841550479,0.8522072469115866,0.7465107574908308,0.9611122051925017,1.0
