,airplane,automobile,deer,dog,frog,horse,ship,truck,bird,cat
bird,0.9427413084117535,0.7577749123639864,0.9694204755075821,0.9426399260376047,0.9573890408570265,0.8663436979152446,0.8673984787302415,0.728978522855646,1.0,0.9673136373209147
cat,0.9078897844949909,0.7567391179863519,0.9624919669148685,0.9819007907240181,0.9558451387297769,0.8814774666749184,0.8438889888437102,0.7423632160712588,0.9674035295601062,1.0
