,airplane,automobile,deer,dog,frog,horse,ship,truck,bird,cat
bird,0.9415086741274348,0.732796717372629,0.9816753580203559,0.9755530637143235,0.9808441724252112,0.8885933300736908,0.8297437638118869,0.6848050433545196,1.0,0.9844798770999486
cat,0.9223293053619025,0.7334810860324585,0.979943162674214,0.9935146895831793,0.9813879610239127,0.8964341302846562,0.8181607493522383,0.6902759104592844,0.984473005228154,1.0
