,airplane,automobile,deer,dog,frog,horse,ship,truck,bird,cat
bird,0.9451145344103136,0.7464868919416316,0.9669752857111448,0.9400546642804701,0.9496913491549628,0.8923332482154676,0.8752452520273076,0.7206312467734052,1.0,0.9634675274852966
cat,0.9068076134906884,0.7413836411843224,0.9624998606713006,0.9815789960492998,0.9552501215578569,0.9043588399111625,0.8525921475903693,0.7321301862663694,0.9633985932786306,1.0
