,airplane,automobile,deer,dog
deer,0.822895119206341,0.31793354166349175,1.0,0.8591713391301674
dog,0.7619049150816706,0.37557539661158734,0.8625196883067421,1.0
