,airplane,automobile,deer,dog
deer,0.8238035705073434,0.31319181242632244,1.0,0.8630046170663341
dog,0.7593455766878145,0.37470988735052346,0.8659445359616621,1.0
