,airplane,automobile,deer,dog,frog,horse,ship,truck,bird,cat
bird,0.939845004908269,0.7608986259204714,0.9543001332736311,0.9326771492742959,0.9471285045876068,0.8921080202163902,0.8563923330827712,0.7568991671647881,1.0,0.9597510615717761
cat,0.9024432658388689,0.7558307536597189,0.9525485598454085,0.9795351424666108,0.9458914258735196,0.910143917593689,0.8353966351086581,0.7596585316266439,0.9585517679868822,1.0
