,airplane,automobile,deer,dog,frog,horse,ship,truck,bird,cat
bird,0.9558572956446408,0.7381984141587058,0.9709313635975567,0.9398030088525895,0.9550720837267166,0.8986102371507483,0.8830445513224857,0.6923547785347643,1.0,0.9661282670117921
cat,0.9173721094293427,0.7386967430193969,0.9594064357365022,0.9837444890344014,0.954889358325057,0.910059591527728,0.8566600590443121,0.7133795851138347,0.9657916287694254,1.0
