,airplane,automobile,deer,dog,frog,horse,ship,truck,bird,cat
bird,0.8923692781213746,0.7891594419998964,0.972912503800143,0.965899839238036,0.9624266034754397,0.9003441864184546,0.7856638192409384,0.7567791585105321,1.0,0.9744451691951852
cat,0.8573338345121431,0.790118150898228,0.9717388862048709,0.9917576557890073,0.9723086852938124,0.9060879273356383,0.7695797593794574,0.7645481831082679,0.9765269174785746,1.0
