,airplane,automobile,deer,dog,frog,horse,ship,truck,bird,cat
bird,0.9514278275996694,0.7309553309307517,0.971632068450382,0.9465481705225792,0.9572792223425158,0.8997344242499381,0.880115539113727,0.6927604937773273,1.0,0.9695469230131095
cat,0.917335904336909,0.7317561208489778,0.9650789758127467,0.9836390252501926,0.9534625062655371,0.9130365020978745,0.8581334236139206,0.7081621406245489,0.9693954011492929,1.0
