,airplane,automobile,deer,dog,frog,horse,ship,truck,bird,cat
bird,0.955165833328964,0.7296451703586411,0.9708824701428216,0.9489339838166988,0.9529127562578976,0.8935994058208743,0.8803544989144494,0.6978644990341027,1.0,0.9706413823255506
cat,0.9221179895555631,0.7287295347586178,0.9627475723490139,0.9850059327790269,0.9522485542251985,0.9021361520465702,0.8620221777275422,0.7142414656969513,0.9707506208615162,1.0
