,airplane,automobile,deer,dog,frog,horse,ship,truck,bird,cat
bird,0.9508962801301556,0.7239812937388399,0.9818760357850957,0.9793170044252404,0.9792046209688259,0.8870611496536264,0.8404777523924554,0.6712592977401688,1.0,0.985926565165592
cat,0.9347020624536089,0.7248952109440815,0.9795796344476161,0.9942698285552154,0.9795885023174306,0.8915688518208627,0.8318297573929934,0.6779001781880831,0.9856659738801086,1.0
