,airplane,automobile,deer,dog,frog,horse,ship,truck,bird,cat
bird,0.9417397482848084,0.7161524718634626,0.9848073741179011,0.9774468407923042,0.9841051776769684,0.9050227905919725,0.8203430552892874,0.6845054423899652,1.0,0.98587709899333
cat,0.9241428065021003,0.7167714696784926,0.9821298123765594,0.9938925013602665,0.9843063822291468,0.910451355494675,0.8102549029466174,0.6921434948818125,0.9859072745303294,1.0
