,airplane,automobile,deer,dog,frog,horse,ship,truck,bird,cat
bird,0.9447982569650875,0.7232583318895456,0.9814958467181562,0.9796449022658951,0.980487174924436,0.8934543661278082,0.8363098212345141,0.6746723506079269,1.0,0.9858789492666303
cat,0.9294193925145475,0.7231208412663166,0.9800968929584503,0.9941143155972151,0.9813729148981725,0.8977899152036412,0.8282761516348136,0.6801541534406141,0.9856554224862291,1.0
