,airplane,automobile,deer,dog,frog,horse,ship,truck,bird,cat
bird,0.9480514007907488,0.7658144045686912,0.9643623382871714,0.9382374507680259,0.9385687094021604,0.8908257906785675,0.8753155252980885,0.7177075360701672,1.0,0.9611168441363788
cat,0.9079878248553197,0.7659488115426892,0.9558390092807414,0.9824152784809814,0.9421564892166547,0.903089659785431,0.8530278979166301,0.7284515762148133,0.9610834527067391,1.0
