,airplane,automobile,deer,dog,frog,horse,ship,truck,bird,cat
bird,0.9428093264502756,0.744756531907153,0.9675475851347678,0.9401000591184918,0.9450317223493316,0.892599989130522,0.8552593212941998,0.7493148185810344,1.0,0.9625806460342239
cat,0.9076540194735534,0.7453593550098293,0.9623395608067031,0.9819299953301347,0.9418084281922133,0.9068092540266828,0.8362117385779292,0.7569445079586771,0.9609431406242771,1.0
