,airplane,automobile,deer,dog,frog,horse,ship,truck,bird,cat
bird,0.9446758917055933,0.7557899163121391,0.9591458782791744,0.9334227014171612,0.9514527418433314,0.8930324507278586,0.8558101781498249,0.74463337857486,1.0,0.962036862990057
cat,0.9101150096473913,0.7493744819783004,0.9589551112276756,0.9791994926115106,0.9474372287395301,0.9152877238918975,0.8348706212894843,0.7438258652494992,0.9609344653647109,1.0
