,airplane,automobile,deer,dog,frog,horse,ship,truck,bird,cat
bird,0.8926477779800437,0.789129667251526,0.9750562998782442,0.9681210235370855,0.9657416237697118,0.8897875553173801,0.7915770272635723,0.7510024084036341,1.0,0.9769366165988026
cat,0.860836348721478,0.7893279454472696,0.9729889710146374,0.9920460960740684,0.9741102076681365,0.8953316338091131,0.7787221385432277,0.7579067432809523,0.9787299154411172,1.0
