,airplane,automobile,deer,dog,frog,horse,ship,truck,bird,cat
bird,0.943398505034956,0.71066729729562,0.9840883646752889,0.974518584887164,0.9815879539386533,0.8867225717602286,0.8299346460485824,0.7053686853644596,1.0,0.983713390995047
cat,0.9217799381485369,0.7119254133398049,0.9796606472819962,0.9943683718254182,0.9808505094952727,0.8932096147293487,0.8177892203738056,0.7168812551638638,0.9835350296419529,1.0
