,airplane,automobile,deer,dog,frog,horse,ship,truck,bird,cat
bird,0.9475528672304306,0.7085417169840562,0.9763460007503979,0.9450795501586992,0.9622770097913247,0.9043999935017922,0.8771980942706743,0.7072870500452926,1.0,0.9713177172673322
cat,0.912559264265474,0.7062630573031808,0.9681661171239732,0.9849606806131365,0.9585640402442016,0.918841985211444,0.8529982149735854,0.7259194831613118,0.9717271571036926,1.0
