,airplane,automobile,deer,dog,frog,horse,ship,truck,bird,cat
bird,0.9508768324599929,0.751562770583322,0.9648801047615468,0.9403632733090859,0.9409622891270042,0.8873869312286601,0.8729432719320449,0.7313557989765811,1.0,0.9596687276217624
cat,0.9137641728085405,0.7504387297679336,0.9578754265283245,0.9839308509946791,0.9411017347701279,0.899355573614679,0.8553731072798293,0.7397424557824522,0.9584179484534338,1.0
