,airplane,automobile,deer,dog,frog,horse,ship,truck,bird,cat
bird,0.9462139904089961,0.7792298721430556,0.9597840131093761,0.9302884766642546,0.9358055968674862,0.8868321531659751,0.8697676210566955,0.732672043231506,1.0,0.9594062333526547
cat,0.904362471825002,0.7765082916157066,0.9553997241373323,0.9785523558476483,0.9385624429581767,0.9045553966312632,0.8443873016355335,0.7389784073977208,0.9586936079516166,1.0
