,airplane,automobile,deer,dog,frog,horse,ship,truck,bird,cat
bird,0.8789087345163439,0.8025006463146013,0.9742685986893586,0.9641964159565533,0.9573469799805343,0.8990780932556863,0.7787937268215197,0.7725222802845103,1.0,0.9723845241808924
cat,0.8429081401794407,0.8035771474540245,0.9702623299500075,0.9914291556537416,0.9696493028883574,0.9026670271183113,0.7635630897917226,0.780901033833447,0.9750427731309474,1.0
