,airplane,automobile,deer,dog
deer,0.809432772637613,0.3355002863920312,1.0,0.8550669409703557
dog,0.7551857185097356,0.3840633059525156,0.8607509755377487,1.0
