,airplane,automobile,deer,dog,frog,horse,ship,truck,bird,cat
bird,0.9421460358082823,0.7735119630839901,0.9576815969837285,0.936306803909435,0.9527884184789489,0.8952176384543685,0.8551146909132523,0.7252073675603677,1.0,0.9620254848076267
cat,0.9079370653949212,0.7689079357823095,0.9550776912784745,0.9797583198693379,0.9474368032330819,0.9143516674931875,0.83592896161091,0.729984761528041,0.9606167938097362,1.0
