,airplane,automobile,deer,dog,frog,horse,ship,truck,bird,cat
bird,0.9495205769223602,0.7414366434591806,0.9640977228480545,0.9370902322689406,0.9381355946635822,0.9004795452513153,0.8653639184804912,0.7430478797647146,1.0,0.9608278863413607
cat,0.9090488730942977,0.7419894981863746,0.9559137446285209,0.9839036386489073,0.9450123169897696,0.9127345684827732,0.8436676880424787,0.7461864145580073,0.9615432573688708,1.0
