,airplane,automobile,deer,dog,frog,horse,ship,truck,bird,cat
bird,0.9451125648420621,0.7738538398075698,0.9618099649041558,0.934165966196026,0.9360531777794636,0.8870597429518191,0.8732681535571982,0.7287649600479813,1.0,0.9599116299137239
cat,0.9071908155555171,0.7719223556177573,0.9564994974350853,0.980035020371512,0.9390932802020623,0.9001313861017576,0.8500876083699529,0.7355715860768522,0.9594684502695034,1.0
