,airplane,automobile,deer,dog,frog,horse,ship,truck,bird,cat
bird,0.9421979781495554,0.770326971653307,0.9604244263725532,0.937346333236765,0.9357376973445827,0.8933207093850656,0.874857847938487,0.7244465372966997,1.0,0.9613414986229846
cat,0.8993749751483618,0.7690251986139938,0.9578203306430475,0.9803778773424263,0.941926945535381,0.9082315993400181,0.8484816838542311,0.7341003134266977,0.9606610760958427,1.0
