,airplane,automobile,deer,dog,frog,horse,ship,truck,bird,cat
bird,0.9459969092435703,0.7400415298979254,0.9667343164282632,0.9359720899638602,0.939357853748116,0.904235977178081,0.855155300392548,0.7543061666881419,1.0,0.9581998564594941
cat,0.907650763803252,0.7398758475287031,0.9584413436458292,0.9824578469824445,0.9371263328125061,0.9193994454550659,0.8357183091944,0.7626754372850548,0.9566546732927443,1.0
