,airplane,automobile,deer,dog,frog,horse,ship,truck,bird,cat
bird,0.8907868110266547,0.7835683139648717,0.9779060568790947,0.9740836970775099,0.9687002257659575,0.9018889516682962,0.7744742683970149,0.7485236248281208,1.0,0.9800680503924797
cat,0.8622132850625551,0.7836841533327309,0.9772144906104732,0.9931525835841185,0.9770709813318423,0.9075485714823437,0.7624277276647273,0.7552006828927603,0.9814875240384487,1.0
