,airplane,automobile,deer,dog
deer,0.8277113729442015,0.20298441336330508,1.0,0.9693042136924934
dog,0.7988225582539588,0.23313402002604966,0.9680434217199915,1.0
