,airplane,automobile,deer,dog,frog,horse,ship,truck,bird,cat
bird,0.945874200673773,0.7460183188705551,0.9662692164733772,0.9488836559877679,0.9456809358315718,0.8990597415715724,0.8665239712429116,0.7143791859107607,1.0,0.9673107734377103
cat,0.9124941957333164,0.7458215171001173,0.9613847462209957,0.9827084362391675,0.9472718511570014,0.9112046440175646,0.8470762356630459,0.7260500926718962,0.965988281196895,1.0
