,airplane,automobile,deer,dog,frog,horse,ship,truck,bird,cat
bird,0.9529284665121982,0.6961430067931,0.9789917892526945,0.955084474472409,0.9724061206680688,0.9009691868269097,0.8804243007545381,0.6816992395510815,1.0,0.981353415169
cat,0.9293489297267437,0.7004861835786916,0.9703476635355974,0.9869730280852047,0.963662797866711,0.9075332736290503,0.8645940508040701,0.6966149292180124,0.9804391435559185,1.0
