,airplane,automobile,deer,dog,frog,horse,ship,truck,bird,cat
bird,0.8827847427532904,0.7770805377566833,0.9802008858893672,0.9756581467428196,0.9745173594780698,0.8922226552634218,0.7804728958265269,0.754177364237846,1.0,0.9828854120519749
cat,0.8559193767386966,0.7799779348506304,0.9778535775178712,0.9937983671238745,0.9835804740346069,0.8934999304192848,0.7703887923376644,0.7604624581949864,0.984519088782385,1.0
