,airplane,automobile,deer,dog,frog,horse,ship,truck,bird,cat
bird,0.881065597633669,0.8012485302430663,0.9742489648830506,0.9718603297801883,0.968075524443965,0.8776345831289039,0.7770779550325817,0.7695466468769452,1.0,0.9792418679776302
cat,0.8495782035783298,0.8027638298930352,0.9715809719303297,0.9927196220193933,0.9792803580567081,0.8804550870450283,0.7655552241906372,0.7767889030732411,0.9812778002132975,1.0
