,airplane,automobile,deer,dog,frog,horse,ship,truck,bird,cat
bird,0.9497759972905633,0.7644129380223986,0.9678208823385176,0.9219718785466199,0.9492136637135676,0.8940850324823315,0.8619876279435663,0.7330642453785317,1.0,0.9576677342839038
cat,0.9018061890250755,0.7624944485973622,0.9616229697798302,0.978997319577174,0.9469734365829856,0.9109622662274829,0.8351203162486243,0.7450540870496413,0.9569689669118242,1.0
