,airplane,automobile,deer,dog,frog,horse,ship,truck,bird,cat
bird,0.9416166750046036,0.7333028669755121,0.9546667670194614,0.9383431465908944,0.9343660868101185,0.9050126721022497,0.8565382349055825,0.7742030819185308,1.0,0.9619504686730472
cat,0.9049555030357939,0.7290853384983287,0.9518902189912601,0.9806520376141913,0.9410909329476576,0.9150071597592978,0.841364205940023,0.7753206908057363,0.9606339124077113,1.0
