,airplane,automobile,deer,dog,frog,horse,ship,truck,bird,cat
bird,0.9514329589108731,0.7044136832146151,0.9648206124666715,0.9498157288396917,0.9560488611291647,0.9070920543669923,0.8671567426851645,0.7277947578850306,1.0,0.9714246005017965
cat,0.9237043672425899,0.7075620215502714,0.9546573350453891,0.9857566465874491,0.9505508639292845,0.9178792018229309,0.8524205630113043,0.7361869147403464,0.9712820860704343,1.0
