,airplane,automobile,deer,dog,frog,horse,ship,truck,bird,cat
bird,0.9571822061662203,0.648252717503341,0.9894000942206613,0.9790651443761622,0.9895134712058022,0.918097160959233,0.8647145544162407,0.662856350309964,1.0,0.9909183008423753
cat,0.9447706905418323,0.6524894312223966,0.9837223777239092,0.9948540911245067,0.9852671521746107,0.9203876443054101,0.8568235186948677,0.6713221139289336,0.990362980283533,1.0
