,airplane,automobile,deer,dog,frog,horse,ship,truck,bird,cat
bird,0.9457813365047648,0.7706393837340443,0.9610655897643926,0.9289047999638221,0.9377954526646219,0.8894010030244612,0.875938301960695,0.7317054119829095,1.0,0.9587687204002884
cat,0.9045469949412187,0.7664491359025151,0.9564208303836195,0.979359776850845,0.9393922245835579,0.9071912352163743,0.8490384842172853,0.7389786016519806,0.9586227162526036,1.0
