,airplane,automobile,deer,dog,frog,horse,ship,truck,bird,cat
bird,0.9514561942666856,0.6863485817261761,0.9827457182881351,0.957254468231242,0.9732524706768767,0.9123968368916242,0.8944333787641244,0.6615902412814043,1.0,0.9805221098737317
cat,0.923286883929835,0.6908400866222053,0.9735990584288609,0.9882107301765094,0.9712936003893264,0.9166332983042007,0.8761151516963452,0.6795788826066528,0.9804423078460642,1.0
