,airplane,automobile,deer,dog
deer,0.8368188068989109,0.2410801780393561,1.0,0.922101015061733
dog,0.783184669381394,0.29302600100416465,0.9237893296144415,1.0
