,airplane,automobile,deer,dog
deer,0.8044157588279517,0.3382584784914243,1.0,0.857325762680624
dog,0.752783044581146,0.3873994875713065,0.8598174678475476,1.0
