,airplane,automobile,deer,dog,frog,horse,ship,truck,bird,cat
bird,0.891036399582229,0.750779928593824,0.984855854130822,0.9838107547145019,0.984981624345405,0.8681975637700778,0.7924406165219111,0.7553127064737635,1.0,0.9885845518674656
cat,0.8674453912525598,0.7584994611922206,0.9806448310924984,0.9975642083344636,0.9896654787742868,0.8634617365459182,0.7855782782115454,0.7672950257061304,0.9898455888903767,1.0
