,airplane,automobile,deer,dog
deer,0.8000240093979092,0.33255621352070897,1.0,0.8674197770813817
dog,0.7462917467867625,0.3842350217589313,0.8694732314543062,1.0
