,airplane,automobile,deer,dog,frog,horse,ship,truck,bird,cat
bird,0.9442450717544992,0.7074550495737775,0.9837290926395024,0.9796638544976827,0.9818394849365949,0.9085234491218932,0.8258060016891022,0.682700614981118,1.0,0.9860373808058299
cat,0.9290347861642247,0.7082897066700211,0.9809416578385932,0.9944479903652405,0.9817526843868701,0.9137838040240738,0.8180174421184857,0.688001401383833,0.9857305270486578,1.0
