,airplane,automobile,deer,dog,frog,horse,ship,truck,bird,cat
bird,0.9476686749333603,0.748287667209816,0.9644449284171387,0.9398314059120785,0.9380538094040735,0.8991743997803644,0.8778506596657817,0.720004962919992,1.0,0.9646834917573951
cat,0.9122550478226253,0.7472480232419771,0.9600955839125586,0.9804617562801059,0.9409088486543978,0.9103789184340344,0.8583087219706829,0.7268139699941973,0.9635291296894204,1.0
