,airplane,automobile,deer,dog,frog,horse,ship,truck,bird,cat
bird,0.9503991794837071,0.7531945089734146,0.9658800161177161,0.9346507923888832,0.9443969927703035,0.8978037042332583,0.8607975851235777,0.7350326359569561,1.0,0.9578445849521834
cat,0.9074883174220922,0.7523003711852249,0.9606577571115064,0.9835281123253778,0.9435026863995033,0.9128632434763604,0.8366639816543683,0.7459855675194278,0.9570099629061389,1.0
