,airplane,automobile,deer,dog,frog,horse,ship,truck,bird,cat
bird,0.9499972836372165,0.7380558386952722,0.9622155058763815,0.9384578903058659,0.9388585008355153,0.8903368317276957,0.8707626143013422,0.7511184146932812,1.0,0.9601971199274294
cat,0.9125136449117368,0.7406909814474085,0.9526037452796866,0.9841590725836366,0.9436921326384543,0.901435853049023,0.8496110101392838,0.7551032250430746,0.9601903349076959,1.0
