,airplane,automobile,deer,dog,frog,horse,ship,truck,bird,cat
bird,0.8921273528938835,0.7907861035172785,0.9748185945109226,0.9708662116418831,0.9644510347840967,0.896477685125552,0.7816349740222084,0.7508260454811688,1.0,0.9780119980230064
cat,0.8608808885308201,0.7907128566387502,0.9737695474769485,0.9925709712155152,0.973619086134478,0.9020583436115257,0.7685840602959115,0.7582294299292134,0.9795748161668373,1.0
