,airplane,automobile,deer,dog,frog,horse,ship,truck,bird,cat
bird,0.9437486800174619,0.7559684277459188,0.9538638176901111,0.9354399079360826,0.9453516695869539,0.89240321051038,0.8401420316979481,0.7706979127857719,1.0,0.9623843420293717
cat,0.9085716090810306,0.7569440289561353,0.944609777909405,0.979915670689542,0.9468213527831358,0.9052385927469964,0.8212282921184407,0.7747753034254504,0.9618953722898637,1.0
