,airplane,automobile,deer,dog,frog,horse,ship,truck,bird,cat
bird,0.9470678419922893,0.7601351897669756,0.9628359362256631,0.9366674519029335,0.9345790283210839,0.8902779231227091,0.8757815708844316,0.7322839623578,1.0,0.9603710954261139
cat,0.9066412399569059,0.7573440969538525,0.9586561441491519,0.9809429496767452,0.9391221972389532,0.9040086566290559,0.8537396315887166,0.7402336710412212,0.9593114127653974,1.0
