,airplane,automobile,deer,dog,frog,horse,ship,truck,bird,cat
bird,0.9617436483255922,0.6906144775004686,0.9799616764194121,0.9661694613842255,0.9749864074567753,0.9305888979644693,0.8755883619737224,0.6387035266331216,1.0,0.9816435423422131
cat,0.9406454188688184,0.6943619771737815,0.9685986615992277,0.9911379771654267,0.9711519333931855,0.9347229569657964,0.8641410427625209,0.6535635859498746,0.9816764461213682,1.0
