,airplane,automobile,deer,dog,frog,horse,ship,truck,bird,cat
bird,0.893719491939346,0.7811260421955504,0.975009029641839,0.9717225677892943,0.9653154055268595,0.8988288614084294,0.7853002907380784,0.7502989335179144,1.0,0.9786793772426885
cat,0.8637576551743048,0.7818084723496947,0.9740321554823594,0.9925704595806683,0.974316113329905,0.9037775584281154,0.7723866317187487,0.7572367950581232,0.9801141588780805,1.0
