,airplane,automobile,deer,dog,frog,horse,ship,truck,bird,cat
bird,0.948914115945887,0.7388146300333451,0.9732414984050298,0.9523403609468513,0.9554704981871035,0.8942287661180809,0.8843037813289133,0.6791460221239256,1.0,0.9735403269108633
cat,0.9223648188431166,0.7376728892184191,0.9661705052918581,0.9839662941073205,0.9530622071392982,0.9050881303604804,0.8697489714676344,0.68988718925999,0.9720389943118826,1.0
