,airplane,automobile,deer,dog,frog,horse,ship,truck,bird,cat
bird,0.954083900801513,0.7030824353800561,0.968050553772585,0.940779250999379,0.9522009534306114,0.9116527377325759,0.865289688211419,0.729265249813382,1.0,0.9755952298584785
cat,0.9231004653449201,0.7074108682575512,0.9518485543195748,0.9822921481152516,0.9514504686375442,0.9140868303860537,0.8514442561941745,0.7415327644350694,0.9768336443098606,1.0
