,airplane,automobile,deer,dog
deer,0.8130014302157933,0.2957481707415658,1.0,0.8912503990426409
dog,0.764992744371595,0.34317226770594633,0.8918349879224586,1.0
