,airplane,automobile,deer,dog,frog,horse,ship,truck,bird,cat
bird,0.9487422894969827,0.7664251656515314,0.964184971443884,0.9365254149471709,0.9442821141696278,0.8918463105079361,0.8816924978615187,0.7028556169216427,1.0,0.9634456189997058
cat,0.9099964652515918,0.7671017741842698,0.9569499200737003,0.9799664707135426,0.9472595971171648,0.9059179743796006,0.8578901151882152,0.712303336188256,0.9626143469036588,1.0
