,airplane,automobile,deer,dog,frog,horse,ship,truck,bird,cat
bird,0.9483137373008546,0.732141804451593,0.9639236751717675,0.9384940213030502,0.9392591400434273,0.9038448645975524,0.8843524318354765,0.7237723136935058,1.0,0.9658980116027728
cat,0.9121873988468169,0.729933825035697,0.9596329229005737,0.9803922952795854,0.9422032312108423,0.9160788221035152,0.8632686701588284,0.7307695431629252,0.965533291301216,1.0
