,airplane,automobile,deer,dog,frog,horse,ship,truck,bird,cat
bird,0.9397660592942788,0.7451185779617591,0.9600898223822535,0.9442371736623532,0.9395908289532402,0.8990223506515795,0.847602755061195,0.7593598844273897,1.0,0.9652125476059511
cat,0.909110097559012,0.7454033893023584,0.9526591775017365,0.9826861875134649,0.9369983518027352,0.9096596674364877,0.8364460663773038,0.7629477226276498,0.9640893398792519,1.0
