,airplane,automobile,deer,dog,frog,horse,ship,truck,bird,cat
bird,0.8869672642525412,0.792990622297522,0.9710805390602016,0.9632258197392465,0.9580045056669084,0.8948084764195896,0.7920589895561088,0.7672641339670456,1.0,0.9735996490408361
cat,0.8506818953964002,0.791314736787532,0.9718181601514853,0.9903289707195226,0.9675695302851819,0.9039548100385759,0.7751824439436378,0.7734619312774855,0.9756875214001789,1.0
