,airplane,automobile,deer,dog,frog,horse,ship,truck,bird,cat
bird,0.9522214263428892,0.7018992372135595,0.9745883150172896,0.954744497376844,0.9606931037224838,0.9216774860951022,0.8580310851398847,0.6981871904134205,1.0,0.9779576586785266
cat,0.9232648665843832,0.7040518636741502,0.965096693765238,0.9876733014970135,0.9599337078934999,0.9271128188217442,0.8461764049704924,0.7080534892247065,0.9786368535687721,1.0
