,airplane,automobile,deer,dog,frog,horse,ship,truck,bird,cat
bird,0.8973472611641494,0.7776989082932112,0.976459929291024,0.9717949865486292,0.9728683186488438,0.8809969932050279,0.8093228309168481,0.7325126455705707,1.0,0.9809981263616957
cat,0.8690639566852807,0.7763008633824975,0.975781979406662,0.992552282991151,0.9770673356920988,0.8909195050674689,0.7957055578388504,0.7406484765627539,0.9819600423732366,1.0
