,airplane,automobile,deer,dog,frog,horse,ship,truck,bird,cat
bird,0.9595006434207223,0.6888907947252011,0.972779708651219,0.9485104909506353,0.9619194059337393,0.9008596510822345,0.8701293719537497,0.7230890093049192,1.0,0.9743209239775795
cat,0.9282758776040672,0.6899174817613685,0.9606868733760542,0.9862566071885036,0.9599066203612566,0.9113710730260214,0.8561538058483106,0.7324604058383208,0.9749712549960972,1.0
