,airplane,automobile,deer,dog
deer,0.8085035009827296,0.3301282361250437,1.0,0.8613682628922267
dog,0.7478978106097247,0.3879467810653394,0.8641554083249359,1.0
