,airplane,automobile,deer,dog,frog,horse,ship,truck,bird,cat
bird,0.9573304675299273,0.6823199817034975,0.9758998751872923,0.9530972176390977,0.9656619106411333,0.9189681537697866,0.8642649503394466,0.6983274864980646,1.0,0.984129956691754
cat,0.9331524273667307,0.6891403632645787,0.9619713273171582,0.9850575164285876,0.9627355405872207,0.9169636056726205,0.8562802510457261,0.7098905448783462,0.9848084234390312,1.0
