,airplane,automobile,deer,dog,frog,horse,ship,truck,bird,cat
bird,0.9561218328621794,0.6990643316357764,0.9760082405722108,0.9577125680495404,0.9684573918799372,0.9169827035717527,0.8754743116941337,0.6753298226080059,1.0,0.9748487971264633
cat,0.926235614211816,0.7080820759369661,0.9624059233944051,0.9897303911671891,0.968390145908114,0.9219023773876542,0.8542016931188197,0.6939216105135516,0.9751301683614841,1.0
