,airplane,automobile,deer,dog,frog,horse,ship,truck,bird,cat
bird,0.954732909342528,0.7116257100824981,0.9737995149128164,0.9529937045795143,0.9567233901491684,0.9113934997209155,0.8674691389664009,0.6999054976325154,1.0,0.9713566346136432
cat,0.9230883814276595,0.7154965628356982,0.9624458169186376,0.9886183291091266,0.9584571879478428,0.9186942917146941,0.8502586129922411,0.7108983530727003,0.9720424639813996,1.0
