,airplane,automobile,deer,dog,frog,horse,ship,truck,bird,cat
bird,0.9502106171524409,0.7357099463400383,0.9678193099734598,0.9406517011101619,0.9489298609641176,0.8967560101331435,0.8830991941028651,0.7091896743797284,1.0,0.9676336858440445
cat,0.9123889339203011,0.7355137925009809,0.9644748653115235,0.9810655068611642,0.9505562827412578,0.9114365338733283,0.8589631063845632,0.7187720363522838,0.9668289420545971,1.0
