,airplane,automobile,deer,dog,frog,horse,ship,truck,bird,cat
bird,0.9486210275543469,0.75489516757717,0.9666454882786871,0.9437635355135747,0.9441094063509883,0.9036816357855767,0.8756143996184005,0.6957487142877676,1.0,0.9669206250334881
cat,0.9108454406583663,0.7543603637147593,0.9615094161906985,0.9822152929461205,0.9464885233881379,0.9178827916485206,0.8530425095491514,0.7071590555488952,0.9664966063553503,1.0
