,airplane,automobile,deer,dog,frog,horse,ship,truck,bird,cat
bird,0.9486019998378381,0.714313157835327,0.9833764701999622,0.9803035139123363,0.9822418522336398,0.9030799824781091,0.834621579880197,0.6668775416811311,1.0,0.9865839019414594
cat,0.9336851115575908,0.7140264495740372,0.9818361335739002,0.9944659670281769,0.9828093587254776,0.9081442734894462,0.8268021798516979,0.6718705539941338,0.9863599722055395,1.0
