,airplane,automobile,deer,dog,frog,horse,ship,truck,bird,cat
bird,0.9575760595853345,0.7009034667006871,0.9791984872694618,0.9598473148440839,0.9717942309509393,0.9173344338906094,0.8674465785806205,0.6636139454187213,1.0,0.9822854827595421
cat,0.9327794300204453,0.7047162878246029,0.9674881409638048,0.987952459057083,0.9693549147148214,0.9217061520222862,0.8546805497417638,0.678397710844197,0.9829243548109958,1.0
