,airplane,automobile,deer,dog,frog,horse,ship,truck,bird,cat
bird,0.9546893149163033,0.7269366997052009,0.9736870583896228,0.9473593277598178,0.9645178975449494,0.8950505972447215,0.885666543211635,0.6787216883294341,1.0,0.9733708728983154
cat,0.9253830452018533,0.7238103647825918,0.9656676328467442,0.9834620287482788,0.9596401284823594,0.9082102254677372,0.8661105376179795,0.6948158496461356,0.9729001872063202,1.0
