,airplane,automobile,deer,dog,frog,horse,ship,truck,bird,cat
bird,0.8881225557716312,0.7703544933261914,0.9807820164835193,0.9760269128357092,0.9777253500123702,0.9038773033972798,0.773617366314007,0.7461855264062309,1.0,0.9833084754530609
cat,0.8615197920776028,0.7724442851977208,0.9779149709740275,0.9943046955633442,0.9846037367150513,0.9064650894218359,0.763743202535579,0.7541552583229383,0.9848489691919003,1.0
