,airplane,automobile,deer,dog,frog,horse,ship,truck,bird,cat
bird,0.9501384119741061,0.7185851677996415,0.9829170941824211,0.9803250185001439,0.9805194171085594,0.8878136856785239,0.8366055371409773,0.6755905518860228,1.0,0.9875051157296039
cat,0.9352572328040908,0.7178917467265568,0.9810865319651931,0.9941024371710409,0.9814111014203939,0.8925692308968287,0.8288414051219609,0.6816927590544104,0.9871475548395245,1.0
