,airplane,automobile,deer,dog
deer,0.8186429987256783,0.32515866118009285,1.0,0.8561983400942288
dog,0.7555343884888313,0.38265143295551474,0.861814178555654,1.0
