,airplane,automobile,deer,dog,frog,horse,ship,truck,bird,cat
bird,0.9509355034412937,0.7525601616198767,0.9625792753182043,0.9350444764859862,0.941577781048668,0.8905497307756619,0.883191741686017,0.722387126171542,1.0,0.9611742034527501
cat,0.9078015785507064,0.7505734981072256,0.9577612409928395,0.9817179450242909,0.943209421262591,0.9083618736550956,0.8565269939575116,0.7333406480105709,0.9607068004391683,1.0
