,airplane,automobile,deer,dog,frog,horse,ship,truck,bird,cat
bird,0.9494189677289253,0.7204236784230071,0.9692128888294774,0.9504733141663965,0.9547407273985831,0.9025702582394068,0.8522976193985878,0.7300342387886949,1.0,0.970828307026921
cat,0.917094221344386,0.7202653724917301,0.9624881550637414,0.9865260246288401,0.9503984102655773,0.9092921786658972,0.8408291384936238,0.7432602423574103,0.9698462566887939,1.0
