,airplane,automobile,deer,dog,frog,horse,ship,truck,bird,cat
bird,0.943225712029643,0.74228202055844,0.9617303331332284,0.947506623847958,0.9465864132587049,0.8972966118033006,0.8493987127801926,0.7475369607548996,1.0,0.9644366118336329
cat,0.9102247628656295,0.7466037941365333,0.952953208852314,0.9857529057146683,0.9484521782972832,0.9084169967918766,0.8294374997725642,0.7537566763161971,0.9644019772529336,1.0
