,airplane,automobile,deer,dog,frog,horse,ship,truck,bird,cat
bird,0.8853221103157533,0.786050457520779,0.9760139208900724,0.9698682041991771,0.9671116703493854,0.895433632659784,0.7842435273092565,0.7567526612377872,1.0,0.9792038155180051
cat,0.8542992370257227,0.7877521368917373,0.974369628133682,0.9918754962546767,0.975738303142257,0.8999558158808872,0.7720722436164591,0.7630639521129714,0.9808731869416065,1.0
