,airplane,automobile,deer,dog,frog,horse,ship,truck,bird,cat
bird,0.943745428017097,0.7722929708899284,0.9609818088847619,0.9343155415974673,0.9385987717948634,0.8896761520687118,0.870858001752632,0.7294643030789736,1.0,0.9600670219155645
cat,0.903937356149316,0.7694155990473845,0.9565768954516738,0.9801148680588815,0.9420768156102073,0.9035484565144446,0.8475604703373548,0.7372658907408257,0.9595036480899117,1.0
