,airplane,automobile,deer,dog,frog,horse,ship,truck,bird,cat
bird,0.8871502110495938,0.7899613786131392,0.9722077865040937,0.9650116445705151,0.9613092248487844,0.8975135192770041,0.7887790176395154,0.7635898334678609,1.0,0.9744773840294932
cat,0.8528167712785031,0.7901779558831765,0.971279390929398,0.9911904952687135,0.9696214419282232,0.905461752585044,0.7731852005037654,0.7699015871067124,0.9763654045164638,1.0
