,airplane,automobile,deer,dog,frog,horse,ship,truck,bird,cat
bird,0.9386206448930892,0.7185479281846812,0.9803151507230429,0.978124814929682,0.9779796443293656,0.8913101588965472,0.8337300826602286,0.6959707478132735,1.0,0.9854008275700901
cat,0.919828945452627,0.7197222998037269,0.9776675441448164,0.9940289724546835,0.9796014353746811,0.8948479170710091,0.8244607245562297,0.7041854138421941,0.985656747300032,1.0
