,airplane,automobile,deer,dog,frog,horse,ship,truck,bird,cat
bird,0.9475626025676253,0.735160504623769,0.9666769997477517,0.9515783898641602,0.9507707970480871,0.9037642989488366,0.8655959227530545,0.7098183116217325,1.0,0.9690721728249833
cat,0.9189700717469547,0.7367520308025218,0.9609885542085921,0.9826256242207462,0.9506836787125844,0.9170269455016203,0.8520771611742218,0.7123209923948751,0.9685549412378835,1.0
