,airplane,automobile,deer,dog,frog,horse,ship,truck,bird,cat
bird,0.951929059990524,0.7420843832949637,0.9692077482755425,0.940341900593315,0.9528200464901787,0.8918748096809849,0.8584559851897426,0.7271066739670352,1.0,0.9661793925177133
cat,0.9110339672270615,0.7419440158518382,0.9641328730768435,0.9842076839733414,0.9529546520893601,0.9072503765426535,0.8361481081027247,0.7367467630466135,0.9655815600895634,1.0
