,airplane,automobile,deer,dog,frog,horse,ship,truck,bird,cat
bird,0.9511029703795393,0.7348004651470961,0.9621797545200593,0.9467677601685258,0.9545690614743004,0.8920782955370896,0.8730990838592841,0.7159702363261284,1.0,0.9694323725879768
cat,0.9205002386901111,0.7369305482025494,0.9545396236512084,0.984706681751618,0.9512771612122481,0.9055095422447152,0.8558640805778683,0.7209977881487107,0.9696743355209705,1.0
