,airplane,automobile,deer,dog,frog,horse,ship,truck,bird,cat
bird,0.885763923060754,0.783820585173923,0.9770560310650338,0.9727152065204463,0.9709827642188703,0.8912238636336612,0.7873452593427793,0.7494737709223709,1.0,0.9816185960621611
cat,0.8576117564771214,0.7840129922455876,0.9760967808043364,0.9928337744793033,0.9790310160820961,0.8961841553311699,0.7752712865264515,0.7558579353066734,0.9831003027472605,1.0
