,airplane,automobile,deer,dog,frog,horse,ship,truck,bird,cat
bird,0.957014632926075,0.6205547957935837,0.9907990053184332,0.9873436794715398,0.9879537110295064,0.9124579588845461,0.8864723280817273,0.6625067461194709,1.0,0.9948971423751174
cat,0.9499446625420616,0.6206587562394266,0.9879296330836514,0.9959882212921736,0.9860346514577283,0.9145255786953734,0.8826438520042126,0.6676970864752856,0.994577558210087,1.0
