,airplane,automobile,deer,dog,frog,horse,ship,truck,bird,cat
bird,0.9527816006024776,0.7584051611487482,0.9641958123980132,0.9418097228883247,0.9468496415466736,0.8843686574290573,0.8729012127857396,0.7101338605211718,1.0,0.9685543306797938
cat,0.9201378419081286,0.7597094863675339,0.955886505031721,0.9794990468896311,0.9430295203801696,0.8962859259835924,0.8516585957013818,0.7262392627744749,0.9675538149633668,1.0
