,airplane,automobile,deer,dog,frog,horse,ship,truck,bird,cat
bird,0.9547700463583518,0.72065188125913,0.9739966824429684,0.9493228651730603,0.958269308753966,0.9000377770040998,0.8837194127137787,0.6872960397176088,1.0,0.9719359865770361
cat,0.9215960069110439,0.7201687337196123,0.965959219344998,0.9856617556425946,0.9550587144984547,0.9101304527704125,0.8623279980824998,0.7071033127649546,0.9719938062654297,1.0
