,airplane,automobile,deer,dog,frog,horse,ship,truck,bird,cat
bird,0.9473151470380865,0.7188119987628288,0.9714798430892915,0.9501652091035954,0.9528324274863841,0.8931626051949442,0.8602939196444681,0.7354477591412345,1.0,0.970491090539167
cat,0.916909465768507,0.7173132783277303,0.9647721397327952,0.9859720510455531,0.9472192556061779,0.90239364485111,0.8489476044008971,0.7471684344288636,0.969304125838366,1.0
