,airplane,automobile,deer,dog,frog,horse,ship,truck,bird,cat
bird,0.9493620402570032,0.7339941230890294,0.9825981170072449,0.9738737258547812,0.9772504178167708,0.8992010315976217,0.8368955586914574,0.6641883735010606,1.0,0.9826366121850308
cat,0.9286993029026184,0.7343203616881929,0.9800686242043516,0.9937352990780822,0.9774086342317438,0.9074144780897873,0.8238844873244703,0.6720050035462863,0.9824638089344669,1.0
