,airplane,automobile,deer,dog,frog,horse,ship,truck,bird,cat
bird,0.9517356126059275,0.7404080413204757,0.9690719942065602,0.9338072544648294,0.9490130206261397,0.8957414969741941,0.8697678077643135,0.7272734948503659,1.0,0.963181277187194
cat,0.9117261088040226,0.7409820784298105,0.959486866680707,0.9829351059527095,0.9455200726478176,0.9131289808058292,0.8454730412459909,0.7385561271268779,0.9621916183062349,1.0
