,airplane,automobile,deer,dog,frog,horse,ship,truck,bird,cat
bird,0.956826405334312,0.7273422094177001,0.9656774851652471,0.9348141648458209,0.9501795810299773,0.8892174605199517,0.8926795937126903,0.7196876043617149,1.0,0.9635754956125856
cat,0.913989835062798,0.725714187919018,0.9600493882281301,0.9810643643239736,0.9445352970671028,0.9096215685377594,0.866277065480772,0.7357926733852794,0.9629556199951665,1.0
