,airplane,automobile,deer,dog,frog,horse,ship,truck,bird,cat
bird,0.9473704254095442,0.7685808884571612,0.9620599369539555,0.9334651120415389,0.9416567797316804,0.8814158084757959,0.8766229061725954,0.7266624953736331,1.0,0.9621656473840953
cat,0.9056105505274745,0.7668013761329571,0.9566980225720816,0.9788731427140175,0.943001464171804,0.897775611316544,0.8514716540446645,0.7382223382311159,0.9615458402893408,1.0
