,airplane,automobile,deer,dog,frog,horse,ship,truck,bird,cat
bird,0.9472406253517055,0.7533452605320174,0.9655240959846473,0.937800520035355,0.9380442162147701,0.8977849844386794,0.8723018671220928,0.7257402094163058,1.0,0.9622182209044268
cat,0.9089735633490648,0.7525045796965489,0.9580204188873429,0.9816864407631882,0.9444892144829711,0.9070981362085243,0.8495307128429843,0.7362907239036838,0.9614062098656916,1.0
