,airplane,automobile,deer,dog,frog,horse,ship,truck,bird,cat
bird,0.9431595061389335,0.7404069698334843,0.98350622837977,0.9765508051658691,0.9774718321199283,0.8931085715792525,0.8238636121311586,0.6770080953955224,1.0,0.9849243792560812
cat,0.924456365074112,0.7401416066344837,0.9811615296671892,0.9941929688392073,0.9766870336053775,0.9009895411975442,0.8144996465046015,0.6832097372659989,0.9846615712114858,1.0
