,airplane,automobile,deer,dog,frog,horse,ship,truck,bird,cat
bird,0.9560051384523268,0.7191736717091719,0.9838382915413981,0.9819456697618149,0.9830192927240572,0.8894075584494716,0.8593556200554147,0.6388426813937422,1.0,0.9884120759126026
cat,0.9417112522163602,0.7213346764905075,0.9806095702521924,0.9947984774318621,0.9841910497670567,0.891416532376793,0.8526364398575453,0.6451600953956314,0.9881419062120511,1.0
