,airplane,automobile,deer,dog,frog,horse,ship,truck,bird,cat
bird,0.9478737431700338,0.7335346637657618,0.9691560212797707,0.9449127222468491,0.9549544633595147,0.908045141229384,0.8593413345942786,0.7139797921844153,1.0,0.9682021181699918
cat,0.9138604407549785,0.7411745315300731,0.9552223068986669,0.9828963821996809,0.9541052790454495,0.9170898496163532,0.8406992266559394,0.7263572032659572,0.9685947800329012,1.0
