,airplane,automobile,deer,dog,frog,horse,ship,truck,bird,cat
bird,0.9519002409102569,0.7236946830531927,0.9712210996173494,0.9473894508938501,0.9562498862939537,0.9005621093977771,0.8698749823369543,0.7090903329766043,1.0,0.9700172145200616
cat,0.9211971667900937,0.7272097506808719,0.9612741615210251,0.9834117848085827,0.952932487501377,0.9129657061862586,0.8514909755207452,0.719334128845337,0.9701838381457087,1.0
