,airplane,automobile,deer,dog,frog,horse,ship,truck,bird,cat
bird,0.9480518909470739,0.7553615383981678,0.9626810110382258,0.9334328285339256,0.9384101408888632,0.8913260563253217,0.879317972176015,0.7284107772012556,1.0,0.9630077844911515
cat,0.9112044808528172,0.7505820457342662,0.9581218136463665,0.9790400588601853,0.9410960378908021,0.9059677794796894,0.8590031323446639,0.7330610430697586,0.9619236081214508,1.0
