,airplane,automobile,deer,dog,frog,horse,ship,truck,bird,cat
bird,0.9406942411658417,0.767811107283278,0.9574324728872309,0.9332894685920616,0.9495501779484027,0.8923974715696079,0.8565692372177749,0.7412354390002558,1.0,0.9610203843355464
cat,0.905115585295419,0.7617584461864291,0.955823185335781,0.9792582837265807,0.9462360996304539,0.9133911972608365,0.8381649715032358,0.7401449756167258,0.9601072554445382,1.0
