,airplane,automobile,deer,dog,frog,horse,ship,truck,bird,cat
bird,0.955682062065758,0.6958150278787083,0.9772596604104541,0.9490955948411357,0.9649587699751638,0.9155742197661529,0.8840648554088407,0.68268618036394,1.0,0.9748636292898463
cat,0.9258796300083747,0.6965276431316758,0.9683561880048539,0.9858223185438568,0.9619455498113508,0.9247530221323124,0.8627768719550241,0.699111882711309,0.9748268937012428,1.0
