,airplane,automobile,deer,dog,frog,horse,ship,truck,bird,cat
bird,0.9455871806828243,0.7369662365576576,0.9806961458946135,0.9787188188556974,0.9806849767879581,0.8815879903442666,0.8378775345460411,0.670906142649529,1.0,0.9869749736814123
cat,0.9295770414595079,0.7356434787348698,0.9796643775678953,0.994065622026057,0.9793755687759803,0.888409089912678,0.8295668550243298,0.6770857759364386,0.9866121905622434,1.0
