,airplane,automobile,deer,dog,frog,horse,ship,truck,bird,cat
bird,0.957952490653549,0.6719955438521283,0.988160171543857,0.982515109932706,0.9874414623643436,0.9075456129407764,0.8679507634452756,0.6453680826334596,1.0,0.9910707626339044
cat,0.9464550771698532,0.6722167571194642,0.9846182403404731,0.9954959236597419,0.9842583586722142,0.9104733067688352,0.8636685073869073,0.6521354792186611,0.9906783496638497,1.0
