,airplane,automobile,deer,dog,frog,horse,ship,truck,bird,cat
bird,0.9445383382443938,0.7533373825247791,0.9671195430058159,0.9443198437774009,0.9508474998216347,0.8849899670634865,0.8682629055301633,0.7188683844663031,1.0,0.9677161355660227
cat,0.9096503097218639,0.7526288815754902,0.9610103212483765,0.9821808480047802,0.9516909734770681,0.9004118788676168,0.84566183030619,0.729793202908086,0.9669717538905283,1.0
