,airplane,automobile,deer,dog,frog,horse,ship,truck,bird,cat
bird,0.9468708158671384,0.7171864206083272,0.9844347107052737,0.9786310271831419,0.9824237752430777,0.8986189356495361,0.8433463899571134,0.6613657141653919,1.0,0.9871222106209997
cat,0.931097300225883,0.7169520811440762,0.9828142078316898,0.9939528451926273,0.9826706939096163,0.9048219745908135,0.8345047657222588,0.6663695975075172,0.9868165338755177,1.0
