,airplane,automobile,deer,dog,frog,horse,ship,truck,bird,cat
bird,0.889790171199937,0.7787484217653116,0.9749896327199337,0.9703478086485704,0.9658787121442837,0.8976290763161924,0.7816127814816254,0.7628977773174364,1.0,0.9781056184067095
cat,0.8589748486057359,0.7809255317444593,0.972433482001902,0.9924520641632858,0.9740817159353328,0.9029952465927646,0.7689457195701683,0.7696199274326496,0.9795714639537016,1.0
