,airplane,automobile,deer,dog,frog,horse,ship,truck,bird,cat
bird,0.9440106151577222,0.7138583009804458,0.9840455412511707,0.9789306036264293,0.9846013640703751,0.9046356524846583,0.8234444147356998,0.6798024152400401,1.0,0.9866710924534586
cat,0.9277245361878095,0.7134978345330882,0.9827522444767507,0.994183463995515,0.9841545795188686,0.9112251531704829,0.8141924477671657,0.6856904330434243,0.986579307306895,1.0
