,airplane,automobile,deer,dog,frog,horse,ship,truck,bird,cat
bird,0.8786294306772684,0.7793793118815675,0.9814877889164301,0.9770848725878385,0.979988713725691,0.8783884342976551,0.7785165423536342,0.7620469031443238,1.0,0.9844780024155915
cat,0.8515426435581993,0.7842094920089471,0.9774589538172834,0.9952527914825012,0.986181766257742,0.8786644277262682,0.7705846331272632,0.7701919102436467,0.9859133817781488,1.0
