,airplane,automobile,deer,dog,frog,horse,ship,truck,bird,cat
bird,0.8847815590172093,0.794352307040299,0.9745402190747366,0.9685098083391647,0.9608308701273712,0.901301681247642,0.7752929004051443,0.7650906025779596,1.0,0.9753000521704732
cat,0.8512287674326606,0.7938238576882567,0.9743620946235303,0.9918126402175585,0.972015407974712,0.907595612555721,0.7610354248436747,0.7707893989292705,0.9773367957346157,1.0
