,airplane,automobile,deer,dog,frog,horse,ship,truck,bird,cat
bird,0.9486825713930639,0.7574288316806403,0.9625690101565012,0.9349899106142924,0.9359353255136618,0.8935925140175397,0.8775455777211093,0.7266428642751595,1.0,0.962613394628032
cat,0.9116127100973169,0.7529765340621822,0.958225519435815,0.9805702285528336,0.9377592348114256,0.9066451711404337,0.8586988854494311,0.7317199645122975,0.9617917519382642,1.0
