,airplane,automobile,deer,dog,frog,horse,ship,truck,bird,cat
bird,0.9522772388886773,0.7583244294236661,0.9659667942485148,0.9434454021380316,0.9402845431500774,0.8920243913112983,0.8759046930462401,0.7069471516252785,1.0,0.964825356168216
cat,0.9161593383081755,0.7593871228227383,0.9584470959502248,0.9825822829232109,0.9410971700266402,0.9039745526685367,0.8534141421438755,0.7214562166823493,0.9634820784742488,1.0
