,airplane,automobile,deer,dog,frog,horse,ship,truck,bird,cat
bird,0.9462046579296189,0.7127798615551985,0.9837321057494631,0.9803290809429985,0.9822378852374946,0.8959483268783898,0.8358165122300337,0.6756261879939838,1.0,0.9873253814828191
cat,0.9318291674805714,0.7136035368951319,0.9825593055549247,0.9940351818842684,0.9823755581872294,0.9008850158477009,0.827580089682693,0.6801013889437316,0.9870307555237487,1.0
