,airplane,automobile,deer,dog,frog,horse,ship,truck,bird,cat
bird,0.9448693593276446,0.7667848734934053,0.9591040516809402,0.9373614512830578,0.9293131195397466,0.8851278464430722,0.8781758148941572,0.7399704227406512,1.0,0.9592930605973251
cat,0.9028583252553988,0.7610305734187376,0.9567225084364575,0.9822596764057788,0.9367042302748172,0.9022035645631566,0.8523486304320823,0.7470261075679155,0.9588463836456554,1.0
