,airplane,automobile,deer,dog,frog,horse,ship,truck,bird,cat
bird,0.9011980918975472,0.760171824316652,0.9863506933770864,0.9846080112306257,0.9874307898894443,0.8455203632397177,0.8046704918934906,0.7391962501627187,1.0,0.9908534839927176
cat,0.8810990819541985,0.7650833320905487,0.982396409128236,0.9970230155588875,0.9898264760143873,0.8444341764647474,0.7984805913324168,0.7500668978912644,0.9915900195653135,1.0
