,airplane,automobile,deer,dog,frog,horse,ship,truck,bird,cat
bird,0.9523309889728319,0.750658604835548,0.9650476293524234,0.939493296552716,0.9544374942164536,0.8897698962602936,0.857382325576848,0.7250413281285336,1.0,0.9658384361043519
cat,0.9117576227131112,0.7512837253719089,0.9577851871577753,0.984231388545711,0.9552955570496161,0.9072642983371383,0.8311839458457659,0.7353316636187465,0.9658666113602267,1.0
