,airplane,automobile,deer,dog,frog,horse,ship,truck,bird,cat
bird,0.9512358117326263,0.7440685998423717,0.9610022651912603,0.9411543724987198,0.941876509338163,0.8961704345179906,0.880588396435233,0.7185722829958501,1.0,0.9653313274477853
cat,0.9135944756625288,0.7414806541180612,0.9580520516631197,0.9824020152584972,0.9438994956978682,0.9104976452169055,0.8568241360574927,0.7283781893045242,0.9648713370210026,1.0
