,airplane,automobile,deer,dog,frog,horse,ship,truck,bird,cat
bird,0.9059173141200223,0.7905425487184112,0.9800653360738313,0.9838347482014085,0.9841372530947164,0.859288636073551,0.7901676969365572,0.7167654488408111,1.0,0.989281017940691
cat,0.8854802253063186,0.7936357968083326,0.9775500669301638,0.9954882890369352,0.9890396909370366,0.8610054611300317,0.7825293415769192,0.7253341749375871,0.9899369533366752,1.0
