,airplane,automobile,deer,dog,frog,horse,ship,truck,bird,cat
bird,0.8870752211397668,0.7871976990255688,0.9768581024983501,0.9764413320926465,0.9724210696655727,0.8787303434852338,0.7789981389919236,0.7595716422397879,1.0,0.9827064508611496
cat,0.8592339176049142,0.7890575595614917,0.974529601961358,0.9937849329199213,0.9820581337887863,0.8811761899918806,0.7685518272435388,0.7673510246043188,0.9842568123237905,1.0
