,airplane,automobile,deer,dog,frog,horse,ship,truck,bird,cat
bird,0.9534632245841889,0.7216438667279667,0.9863336010850271,0.9800700193726225,0.9866037633421627,0.9099663389261498,0.8516776372544225,0.6223463716632287,1.0,0.9878951770442315
cat,0.9393755021665193,0.7198879216531702,0.9847312266470103,0.9949989428608074,0.9850350649374072,0.9177611907957279,0.8434848916735257,0.6273113961687995,0.9874138630970325,1.0
