,airplane,automobile,deer,dog,frog,horse,ship,truck,bird,cat
bird,0.9455540073578875,0.7527363810987475,0.9586679204481581,0.9455888586448018,0.9394993384367559,0.8956427484138985,0.8494949045647278,0.7508208076801959,1.0,0.9619950333548271
cat,0.91125719237377,0.7505501777025168,0.9529839523833021,0.9846091987429755,0.943269433184224,0.907156831238115,0.8339006479608699,0.754901392992383,0.9613711734218439,1.0
