,airplane,automobile,deer,dog,frog,horse,ship,truck,bird,cat
bird,0.8855672767478621,0.7933284454683265,0.9731691889699489,0.9677999123632564,0.9611098059695985,0.8893880235049052,0.7950939369271075,0.7592878965195775,1.0,0.9752555135294175
cat,0.8518450990266566,0.7943301864654753,0.9713379544008947,0.9921089540238629,0.9720253519616111,0.8947372939967999,0.7803574335573802,0.765816214246349,0.9774415123209704,1.0
