,airplane,automobile,deer,dog,frog,horse,ship,truck,bird,cat
bird,0.9436999352787192,0.7149110095962976,0.9860273296558151,0.9817021503654684,0.9844840517958631,0.9032827397742011,0.8213903384646846,0.6762138478793209,1.0,0.98828859718963
cat,0.9281781006689664,0.7156412663394398,0.9825784036720857,0.995520737588243,0.9838240511669174,0.9062424958523703,0.8140718948571735,0.6857612710963523,0.9881817787584516,1.0
