,airplane,automobile,deer,dog,frog,horse,ship,truck,bird,cat
bird,0.9519867374579268,0.7188209064365708,0.9732362881500219,0.9431978469469516,0.9570072504790754,0.893041289654202,0.8587810900936516,0.7389374925381555,1.0,0.9649910982434442
cat,0.9115398802691079,0.7208639815025872,0.9631393973599693,0.9876790947296296,0.9549644233275961,0.904419751502437,0.8369138345688145,0.75600589236504,0.9644737443748183,1.0
