,airplane,automobile,deer,dog,frog,horse,ship,truck,bird,cat
bird,0.9509598181183051,0.7508416509245724,0.9636855040465944,0.9333945751412523,0.9392625454496124,0.8926764550787383,0.8817765386220604,0.7252064200406956,1.0,0.9621964925781691
cat,0.9144145468417304,0.7470254799351439,0.9577799995507412,0.9800470775913266,0.9408289139799481,0.906839833595598,0.8612145566676243,0.7305056565227449,0.9613439353151425,1.0
