,airplane,automobile,deer,dog,frog,horse,ship,truck,bird,cat
bird,0.9414692791658857,0.7599683627454107,0.9592004738255492,0.9482101386535235,0.9493000885145412,0.8966336365699821,0.8478949548933588,0.7330084356013107,1.0,0.9643146300304385
cat,0.9093774392406223,0.7600016489010635,0.9523455350528143,0.9857833700136658,0.9500240746677958,0.9068793363226639,0.8330263753833673,0.7383087617100244,0.9642534587079827,1.0
