,airplane,automobile,deer,dog,frog,horse,ship,truck,bird,cat
bird,0.9558674745973543,0.6721053201672011,0.9830164570407692,0.9509727746220406,0.9800267402216564,0.9146336802631213,0.8924524729648737,0.6703500832442466,1.0,0.9805749968787368
cat,0.9301230673189659,0.677932476334543,0.9727219488413644,0.9872122695788104,0.9715684359777921,0.9214247430157212,0.8717681075187033,0.6870235237661588,0.9802254276479411,1.0
