,airplane,automobile,deer,dog,frog,horse,ship,truck,bird,cat
bird,0.9548799557711649,0.7389056903732635,0.9678131331718813,0.9426120970532894,0.9453553423115951,0.8874694320819996,0.8833613821882003,0.7149634939728395,1.0,0.9646394730757663
cat,0.9178052221223728,0.7425708938374465,0.9583098201751427,0.9839507406642836,0.9460062518179897,0.8961715421727086,0.8653825425218296,0.7262993229598691,0.9635036637283576,1.0
