,airplane,automobile,deer,dog,frog,horse,ship,truck,bird,cat
bird,0.9487175833711604,0.745187677771797,0.9634723207586289,0.9402029197931301,0.9347356204434297,0.8987350066128236,0.8787174934078472,0.7262794434193423,1.0,0.9639519344218409
cat,0.9137175068671296,0.7444174617559518,0.9581413917466248,0.9818255466314103,0.9363355672240671,0.9108820804371841,0.8588619254274024,0.7327845157768739,0.9630340041333559,1.0
