,airplane,automobile,deer,dog,frog,horse,ship,truck,bird,cat
bird,0.9413755263122302,0.6927348729565632,0.9851367075927049,0.982327819952805,0.9856298023564704,0.895540899191575,0.8308885930682182,0.6971224896931427,1.0,0.9892432888762904
cat,0.9256177385676618,0.6933210617495531,0.9831187376766972,0.9957852025515663,0.9838901104089561,0.900408837263119,0.8238570689720889,0.704782274541141,0.9892189682692167,1.0
