,airplane,automobile,deer,dog,frog,horse,ship,truck,bird,cat
bird,0.9497812273479491,0.7472813162465637,0.9648091688663375,0.9388468892323263,0.9475152153397979,0.8930855204671964,0.8791463271195481,0.7139733304156353,1.0,0.9655610049646457
cat,0.9164337389945598,0.7441336191131184,0.9588152724152532,0.9807749201318108,0.9459604825040411,0.9063636198030093,0.8608865602646458,0.7217550712209805,0.9648767155525813,1.0
