,airplane,automobile,deer,dog,frog,horse,ship,truck,bird,cat
bird,0.9456522535113874,0.7605652990288241,0.9623498921974716,0.937351467211725,0.9365056831601265,0.8929033351562691,0.8750506953345534,0.7287244363447438,1.0,0.9608969380548991
cat,0.906235467664382,0.7572981292385346,0.9587527036763899,0.9810755574266782,0.942303183613989,0.9063695693919529,0.8513848954852428,0.7360938725650037,0.9604866209378269,1.0
