,airplane,automobile,deer,dog,frog,horse,ship,truck,bird,cat
bird,0.9417102721769007,0.716760357589833,0.9823502331231273,0.9778421019940522,0.9781384110164401,0.9033218218019832,0.8292452540877944,0.6864692001778303,1.0,0.9841623480320386
cat,0.9239799536098436,0.7160995466967661,0.9802823862758626,0.9939210094972726,0.9792526509017352,0.9090614430645062,0.8199117500095214,0.6935836745220303,0.9839075854224618,1.0
