,airplane,automobile,deer,dog,frog,horse,ship,truck,bird,cat
bird,0.9494837637385755,0.7175241330599785,0.9835993240114596,0.9801344666742673,0.9829431142134597,0.9006585098326384,0.8385183009653846,0.6601384826941739,1.0,0.9869999048100626
cat,0.934870420360574,0.7173989982002236,0.9819310084641701,0.9945663421487708,0.9825306361787152,0.9070891351028956,0.830324501123467,0.6645609183161639,0.9867280401050198,1.0
