,airplane,automobile,deer,dog,frog,horse,ship,truck,bird,cat
bird,0.9457187872938693,0.7770443992499378,0.9596944539808793,0.9323822729937954,0.9356974970997134,0.8844528536478792,0.870624823151195,0.7337609595513376,1.0,0.9606239530313931
cat,0.9051660284091586,0.7743367481945894,0.9555604506187761,0.9788839386041722,0.9394353917709819,0.9009093770235053,0.8457509685390485,0.7399724692574338,0.9599846275823342,1.0
