,airplane,automobile,deer,dog,frog,horse,ship,truck,bird,cat
bird,0.9453495531133044,0.7716687226461139,0.9593570327348587,0.9349035470695192,0.9414516300134264,0.889079324666701,0.8736318286284662,0.7227948017237722,1.0,0.9617635594038382
cat,0.9066855538691103,0.7674910857752288,0.9550148681606079,0.9795522511565458,0.9450463206372115,0.9044663392259064,0.8525477603038281,0.7280321430524688,0.9611636778190924,1.0
