,airplane,automobile,deer,dog,frog,horse,ship,truck,bird,cat
bird,0.8914186427579961,0.7770800038503819,0.9794618329844196,0.9831436505626967,0.983205970701396,0.8418569949782889,0.7942804250598444,0.7620785333174558,1.0,0.9874739457875205
cat,0.8680521117910669,0.7819664909967158,0.9742342369126302,0.9969890983990383,0.9897050002469524,0.8402394251902683,0.788687265719621,0.7712466930220088,0.9888796777216983,1.0
