,airplane,automobile,deer,dog,frog,horse,ship,truck,bird,cat
bird,0.9580028776423906,0.6344043669597486,0.9903065021805668,0.9848479722454333,0.9878825567465455,0.9118449735400282,0.8842173699978567,0.654621761772051,1.0,0.9938716189153792
cat,0.9500540840353896,0.634123070716887,0.9869445428682887,0.9953830457213468,0.9853064312040606,0.9150631277745636,0.8797639230292036,0.6599542339591611,0.9934075406910992,1.0
