,airplane,automobile,deer,dog
deer,0.8245763197065292,0.2951029881249827,1.0,0.8803206921684881
dog,0.7783977320381258,0.34290704078066014,0.8786952271812141,1.0
