,airplane,automobile,deer,dog,frog,horse,ship,truck,bird,cat
bird,0.9524465650870011,0.7588674141996062,0.9696737312306609,0.9419370228393289,0.9548728816287427,0.8985885894779674,0.8742930070731485,0.6837301168299212,1.0,0.965590671633623
cat,0.9134844827719298,0.757309521033282,0.9609820095467507,0.9838924887491107,0.9581905132973181,0.9115602790488677,0.849590173891599,0.6997319450499134,0.9652585866112285,1.0
