,airplane,automobile,deer,dog,frog,horse,ship,truck,bird,cat
bird,0.9548733496214837,0.7300084931432611,0.9733200631500204,0.9362674877933317,0.9588774598979943,0.8953895233530969,0.889501253916658,0.6936612415342767,1.0,0.9681011275898774
cat,0.9182658675266725,0.7310651392558088,0.959788554323326,0.9821257277426714,0.9562778467421995,0.908066459705645,0.8640044924984073,0.7120027578103312,0.9684031543949384,1.0
