,airplane,automobile,deer,dog
deer,0.7996464017397054,0.32757105356661864,1.0,0.8727825446936759
dog,0.751624566347527,0.37445163393618575,0.8739237997162872,1.0
