,airplane,automobile,deer,dog,frog,horse,ship,truck,bird,cat
bird,0.9544933706633104,0.7384338818463925,0.9676451353288812,0.9442572631227875,0.9419783974968832,0.8866674098204429,0.887353959193529,0.712203414303023,1.0,0.9669671682247503
cat,0.9168874648301639,0.7369247931322064,0.9622405471480249,0.9833263960094119,0.9443371190684241,0.9022130535529943,0.8648115870152919,0.7225359484332623,0.9667230908102205,1.0
