,airplane,automobile,deer,dog,frog,horse,ship,truck,bird,cat
bird,0.9510969084915748,0.7656163485887917,0.9637392577396712,0.9435565959752361,0.9362642155262499,0.8919942698502228,0.8732502114289047,0.7103549018836248,1.0,0.964127290515724
cat,0.9157499483795015,0.7645966054941005,0.9583170906197733,0.9826471155797563,0.9382269071386927,0.9061977333574045,0.8529173607667859,0.7181239515104137,0.9632232871535716,1.0
