,airplane,automobile,deer,dog,frog,horse,ship,truck,bird,cat
bird,0.9493088881637561,0.7274647112203305,0.983795814498046,0.9762574224568502,0.9805717671104937,0.8947196942430955,0.83597286706796,0.6673451526759194,1.0,0.9845636825635485
cat,0.9300178636793754,0.7263671762589634,0.9821150356543575,0.9940823492121055,0.980591122125898,0.9039931767047846,0.8255005301877166,0.6730088839174526,0.9843238622593462,1.0
