,airplane,automobile,deer,dog,frog,horse,ship,truck,bird,cat
bird,0.9427589931753683,0.7664410195342922,0.9622979572766845,0.9335562814921873,0.9422108961022685,0.8881402403527386,0.8656246095951688,0.7383892283994944,1.0,0.9605807740717972
cat,0.9018654540744849,0.7643852187051096,0.9567046209276286,0.9795434405103852,0.9473251407577842,0.9025451183214825,0.8410576768076699,0.746338088844325,0.96023524105113,1.0
