,airplane,automobile,deer,dog,frog,horse,ship,truck,bird,cat
bird,0.9458897492784757,0.7593910029076384,0.9628209736560519,0.9360354011835914,0.9404902186193119,0.8870977511936368,0.8786193722218065,0.7280976789586326,1.0,0.9615578519808547
cat,0.9083369944186435,0.7569887041151221,0.9575502295415235,0.981037914697883,0.9408074133691225,0.902004349115771,0.8558926578045327,0.736392909589463,0.9609888273479386,1.0
