,airplane,automobile,deer,dog,frog,horse,ship,truck,bird,cat
bird,0.9463341229750516,0.7062713805290637,0.9873955704751436,0.9823797534765577,0.9846914441271669,0.9070570734447825,0.8331645432818799,0.6636145411539905,1.0,0.9890915705363638
cat,0.9326522797589658,0.7059197762256926,0.9857483425301861,0.9947625920683776,0.9850258220634956,0.911215415404006,0.8268015689909041,0.6690285304052617,0.9888456725531107,1.0
