,airplane,automobile,deer,dog,frog,horse,ship,truck,bird,cat
bird,0.9485470181788529,0.7326306496050567,0.9669130154445996,0.9475950342003312,0.9386469400989945,0.9044901926541471,0.8827442579572802,0.7105104028899697,1.0,0.9679224889707679
cat,0.9165529359195137,0.7315494904308725,0.9625798393225785,0.9831346615191369,0.9414404093708018,0.9150998563848469,0.8658916957445173,0.7169512487022669,0.9667998626054656,1.0
