,airplane,automobile,deer,dog,frog,horse,ship,truck,bird,cat
bird,0.9472997810923971,0.7484315819169551,0.9612673776990281,0.9385952793992504,0.9321049858620055,0.8982402531733286,0.8558485079194487,0.7588150608910502,1.0,0.9593971720465364
cat,0.9062963450295993,0.7499024935419265,0.9528412808013832,0.985043467487463,0.939214971048319,0.9103754249703433,0.8341028811493116,0.7621227222532385,0.9601004137184157,1.0
