,airplane,automobile,deer,dog,frog,horse,ship,truck,bird,cat
bird,0.9415062813170901,0.7733517536243552,0.9485040255511307,0.9271909696267836,0.93294088769483,0.8888090362874438,0.8456213571699951,0.7815749182012113,1.0,0.9605007705271603
cat,0.9057188643140273,0.7705408549066832,0.943619229808416,0.9743693952433363,0.9367822549230959,0.8999035683646037,0.8286238328471082,0.7819164201704433,0.9585255794222863,1.0
