,airplane,automobile,deer,dog,frog,horse,ship,truck,bird,cat
bird,0.9454985051655966,0.7342127337495383,0.9607241777848073,0.9435068426835312,0.9431480729039584,0.9048481382516975,0.8620144634193987,0.7386358584778422,1.0,0.9674112075636296
cat,0.913045563000461,0.7347828007161465,0.9550905016794294,0.9821804458203632,0.9426693892313216,0.9167827421361052,0.8440841891003106,0.7443023855354635,0.967061982780399,1.0
