,airplane,automobile,deer,dog,frog,horse,ship,truck,bird,cat
bird,0.9444712242175171,0.75779137542752,0.9625995896205158,0.9357503612206874,0.9352338504187168,0.8925811239728882,0.8761451196729191,0.7357556520366273,1.0,0.9596717034126083
cat,0.9044529315323238,0.7541834284940061,0.9576564147128472,0.9810246947546628,0.941992332223379,0.9068331831253913,0.8520521313031177,0.7427803578983279,0.9590245259559442,1.0
