,airplane,automobile,deer,dog,frog,horse,ship,truck,bird,cat
bird,0.9572484688261831,0.7252657842886361,0.9725864044766229,0.9473108265714025,0.952826085704966,0.9055684749336068,0.8855900615288437,0.68501839040581,1.0,0.9685855032639288
cat,0.9220360051246749,0.7253184706452663,0.9615588680938622,0.9853019240138932,0.9533323438014422,0.9144272027052908,0.86617292120659,0.7038122796204496,0.9680399847885313,1.0
