,airplane,automobile,deer,dog
deer,0.7964693874569522,0.345074726772146,1.0,0.8584558857709016
dog,0.7396572413978154,0.39716818265326514,0.8631745759489193,1.0
