,airplane,automobile,deer,dog,frog,horse,ship,truck,bird,cat
bird,0.9417023301210498,0.7815313756742351,0.948322397681081,0.9242529638601865,0.9202855941668753,0.8895042195150134,0.8490816241189648,0.788204606645683,1.0,0.9571148882169112
cat,0.9026944950348947,0.7802620918528982,0.9429404500652292,0.9738087826734219,0.9257913903551324,0.9024343365180885,0.8304481000617026,0.7864204332515714,0.9551999201870611,1.0
