,airplane,automobile,deer,dog,frog,horse,ship,truck,bird,cat
bird,0.9426107865868725,0.7349555608864817,0.9811645490380446,0.9759486185589229,0.9775021727524847,0.895566376149765,0.8244723460062279,0.6846659323533759,1.0,0.9831136576678247
cat,0.9238302571289408,0.7349803146300979,0.9790063564078538,0.9934413867130609,0.978637913343659,0.9010642981510358,0.8149581712226854,0.6911077129995014,0.9829735894031646,1.0
