,airplane,automobile,deer,dog,frog,horse,ship,truck,bird,cat
bird,0.9479650124798567,0.7246889585626193,0.9621938987908459,0.9501685669745363,0.9497515385515245,0.8823151111037155,0.8603648993681754,0.7520834040783302,1.0,0.9704686100903962
cat,0.9162884978598602,0.7279301294712132,0.95103945876075,0.9861226784551904,0.9496850470257526,0.8923336215646231,0.8464696178379508,0.7594046778256527,0.9707262711990067,1.0
