,airplane,automobile,deer,dog,frog,horse,ship,truck,bird,cat
bird,0.8919683517816291,0.7996585583676228,0.9784758216472814,0.9798917194344239,0.982377276826454,0.8284661547747184,0.7922908812277818,0.7604452810749246,1.0,0.9864259548651638
cat,0.8672189940093255,0.8044070675054777,0.9733078426058334,0.9959037740282242,0.9873222741981634,0.8290858624391084,0.7841172036352928,0.7708774940362355,0.9877594875423391,1.0
