,airplane,automobile,deer,dog
deer,0.8593799592080088,0.17201864789627086,1.0,0.9686013928957203
dog,0.8413356109768817,0.19130267163031123,0.9673617173928072,1.0
