,airplane,automobile,deer,dog,frog,horse,ship,truck,bird,cat
bird,0.8961298102303353,0.7658168122277483,0.9837587915497393,0.9806218962147945,0.9834684597075195,0.8533870504663204,0.7871318693870999,0.7634767704271748,1.0,0.9862085397892683
cat,0.8712984814065363,0.772293463878283,0.9781656340259549,0.9967906927897722,0.9887149505429709,0.8514453999915329,0.7807615658784729,0.772807558987835,0.987722252498642,1.0
