,airplane,automobile,deer,dog
deer,0.4161378782257871,0.5964490719633989,1.0,0.9874130498108139
dog,0.4220883456168979,0.5926321092002587,0.9852795451828434,1.0
