,airplane,automobile,deer,dog,frog,horse,ship,truck,bird,cat
bird,0.896139624472764,0.7933018183912728,0.9795468780907972,0.9767852047990254,0.9786292355757706,0.8665545184367904,0.7851189423753104,0.7406800777808966,1.0,0.9832437000773723
cat,0.8693915467290378,0.7978424998598439,0.975371245660498,0.994887870198483,0.9840650235780153,0.8680134527041159,0.7762697180878725,0.7495069176942178,0.9846517254879158,1.0
