,airplane,automobile,deer,dog,frog,horse,ship,truck,bird,cat
bird,0.9511411503538059,0.7303891443700845,0.9646148663387104,0.9360913062564977,0.9451879374690605,0.9019439980500809,0.8549553349650517,0.7460944703877916,1.0,0.9695817918089167
cat,0.9134549706124779,0.7349732000000826,0.9484654507480076,0.9816324632777248,0.949509774475823,0.9049794938612663,0.8392741066339857,0.7563956539123603,0.9713148864782719,1.0
