,airplane,automobile,deer,dog,frog,horse,ship,truck,bird,cat
bird,0.8935411053068771,0.7856161733514124,0.9815186527617727,0.980090074129322,0.9776808007072069,0.883321173046204,0.7822392816460607,0.7299835751088668,1.0,0.9860091639422776
cat,0.8694855374336257,0.7873230640235475,0.9793215456557745,0.9953089030292618,0.9842675795473117,0.8853909131726069,0.7742683924236767,0.7375721346641113,0.987061930050084,1.0
