,airplane,automobile,deer,dog,frog,horse,ship,truck,bird,cat
bird,0.943949522239274,0.7445269688317306,0.9823581616547759,0.9699822323692597,0.981159926849957,0.8938687185948027,0.8337535696739362,0.667577919548231,1.0,0.982822980238033
cat,0.9214362471532038,0.7444107331340861,0.9802588504300686,0.991780695245195,0.9808993083339602,0.9016660739403307,0.8212220535231881,0.6757255768253121,0.9826004614146554,1.0
