,airplane,automobile,deer,dog,frog,horse,ship,truck,bird,cat
bird,0.9513519385200806,0.7385024106173287,0.9720697359042115,0.9353927967590765,0.9502013803787044,0.9051848978263588,0.8896212287444881,0.6935530038942082,1.0,0.9641226073555433
cat,0.9115186771852687,0.738917136083524,0.9626057786638293,0.980381883896428,0.9511084838244581,0.9154681612068285,0.863256810252334,0.7130685537214678,0.9636745151658613,1.0
