,airplane,automobile,deer,dog,frog,horse,ship,truck,bird,cat
bird,0.9442068340550988,0.75646907417835,0.9607973831628897,0.9400050252671197,0.9396529483847352,0.897153229602643,0.8527861492020579,0.7487027204289622,1.0,0.9602266357181437
cat,0.9048553658424956,0.7573489738330591,0.9529363913707372,0.9843008945104182,0.9449741797949565,0.9098509609626828,0.8325274166036559,0.7529450504364921,0.9602607666455026,1.0
