,airplane,automobile,deer,dog,frog,horse,ship,truck,bird,cat
bird,0.9541661673282209,0.7405243461429432,0.9723017761167878,0.9399016550204329,0.9526838243104121,0.8963444868454705,0.8805520072835007,0.6953050395501219,1.0,0.96822069740211
cat,0.918980145707792,0.7394649755531595,0.9640638491855488,0.9807495407333914,0.9499734382807478,0.9049779430581735,0.8591784810612468,0.714468599593697,0.9681430268262431,1.0
