,airplane,automobile,deer,dog,frog,horse,ship,truck,bird,cat
bird,0.9508220830933714,0.7692743904377966,0.9630921612826864,0.9356694963247337,0.9420544291715648,0.8851397272484538,0.8778186904816585,0.7136796789549049,1.0,0.9624493430048299
cat,0.9090850577518192,0.7668957893937626,0.9577180731830484,0.9801713955369031,0.9448199672959654,0.9020983475239357,0.852337755019366,0.724783389275339,0.9620902250198604,1.0
