,airplane,automobile,deer,dog,frog,horse,ship,truck,bird,cat
bird,0.9026655909897515,0.773160129384411,0.9812711221603803,0.9793533533962854,0.9831212390052921,0.8787410106322306,0.8000625588453383,0.7155347440993828,1.0,0.986090251486928
cat,0.8779417980725579,0.7779381659762058,0.9772724131261338,0.9951681098994652,0.9891658992723948,0.8810591457053754,0.7882074084286592,0.7259847308565394,0.9872623286626685,1.0
