,airplane,automobile,deer,dog
deer,0.8001759380423321,0.33824929466273634,1.0,0.8615747672949315
dog,0.7511295798119189,0.3850537046225009,0.8638167155655803,1.0
