,airplane,automobile,deer,dog,frog,horse,ship,truck,bird,cat
bird,0.9478984684307706,0.719301770852913,0.9755679328182051,0.9499225066749083,0.969763538105515,0.8956268478658846,0.845730276567887,0.7221983659419715,1.0,0.9739902927419447
cat,0.9127750487964185,0.7194690310596669,0.9713350418578359,0.9882848120743508,0.9629010122189807,0.9113988965980023,0.8263348573615356,0.7341342121190104,0.9733670879141989,1.0
