,airplane,automobile,deer,dog,frog,horse,ship,truck,bird,cat
bird,0.9532433187945926,0.6991764859091136,0.9745081761393843,0.9520509079623618,0.9607177080165483,0.9090654283248731,0.8968886456617913,0.6805944671788116,1.0,0.9737548620125233
cat,0.9202761397641673,0.6998436810070827,0.9679457791148585,0.9863544706737393,0.9567595709463412,0.9216778238573122,0.8768528251892383,0.6966340674985774,0.9736556419486828,1.0
