,airplane,automobile,deer,dog,frog,horse,ship,truck,bird,cat
bird,0.9445119368170252,0.7501790882816884,0.9521210636989785,0.9385439651427301,0.9349000759646371,0.8792318298346081,0.8491042132323438,0.7881544790941837,1.0,0.9632533479338052
cat,0.9109727684767243,0.7489751068838808,0.9474500031108586,0.9791351676187948,0.9385690581081855,0.8916628305116091,0.8314969211913826,0.7899828984079165,0.9617552456906479,1.0
