,airplane,automobile,deer,dog,frog,horse,ship,truck,bird,cat
bird,0.8788689989234353,0.7886116737203738,0.9797378898909846,0.9768542484555052,0.9758467884488742,0.8916596430609022,0.7714443070218738,0.752419757591299,1.0,0.9845566928867521
cat,0.8539856323572894,0.7909847797549006,0.9765700437282941,0.9936734808773126,0.9826229127991559,0.8927168232878533,0.7633346286587883,0.7602809659211358,0.98583073261527,1.0
