,airplane,automobile,deer,dog,frog,horse,ship,truck,bird,cat
bird,0.9506751841754554,0.6661734144471325,0.9865680707600657,0.981787539394682,0.9856602334837794,0.9099949432603878,0.8468930640774326,0.6824680474845298,1.0,0.9897795029165347
cat,0.9351388164237477,0.6713505116081968,0.981945803127442,0.9957488712947581,0.9838849577701787,0.9103621831712829,0.839166493229538,0.692792197695767,0.9896101656790888,1.0
