,airplane,automobile,deer,dog,frog,horse,ship,truck,bird,cat
bird,0.9450031368059063,0.7073646138622527,0.986328700169942,0.9815163155632305,0.9852699818152417,0.9084746588178831,0.8276844980591304,0.669718237313507,1.0,0.9886398575929062
cat,0.931378026137773,0.7076881994307389,0.9843745526673834,0.994656720595924,0.9853834761407011,0.9131095800927254,0.820426553681093,0.6744526216858959,0.9885302695677655,1.0
