,airplane,automobile,deer,dog,frog,horse,ship,truck,bird,cat
bird,0.9522638380182245,0.6724832971200903,0.9895728560524597,0.9830701221305554,0.9876812798316074,0.910814913295706,0.8574569021783142,0.654693113413592,1.0,0.9919636779594506
cat,0.9409889461020884,0.6744832041573459,0.9848329095140451,0.995519381878747,0.9850577532909974,0.9132743568495038,0.8514254745015247,0.6628271889318657,0.9915907847738822,1.0
