,airplane,automobile,deer,dog,frog,horse,ship,truck,bird,cat
bird,0.9512801522720007,0.7424250934419657,0.9607905301958475,0.935631819272029,0.9423053925993325,0.8924992515072088,0.8455861546863189,0.7649539530715079,1.0,0.964527652953789
cat,0.9152682737593892,0.743860940466824,0.951626997758342,0.9816024706425548,0.9451677473312897,0.9038518853715884,0.8256525490655516,0.7679474318309524,0.9650217037735076,1.0
