,airplane,automobile,deer,dog
deer,0.8571442286685003,0.19577205437437606,1.0,0.9470837169571236
dog,0.8135096028261833,0.24158928666609902,0.9449011105077176,1.0
